race_id,season,round,circuit_name,city,region,circuit_length_km,total_laps,race_date,weather,safety_car_deployed,driver_code,driver_name,team,nationality,driver_age,grid_position,finish_position,points,pit_stops,fastest_lap,dnf,race_time_seconds,avg_lap_time_seconds,tyre_compound_start,positions_gained,race_time_minutes,is_points_finish
1,2018,1,Bahrain,Sakhir,Middle East,5.412,57,2018-01-07,Wet,True,STR,Lance Stroll,Aston Martin,Canada,20,19,18,0,1,False,False,6092.6,104.634,Medium,1,101.54,False
1,2018,1,Bahrain,Sakhir,Middle East,5.412,57,2018-01-07,Wet,True,HUL,Nico Hulkenberg,Haas,Germany,31,2,2,18,2,False,False,6028.1,104.982,Soft,0,100.47,True
1,2018,1,Bahrain,Sakhir,Middle East,5.412,57,2018-01-07,Wet,True,VER,Max Verstappen,Red Bull Racing,Netherlands,20,4,6,8,3,False,False,6037.4,104.842,Medium,-2,100.62,True
1,2018,1,Bahrain,Sakhir,Middle East,5.412,57,2018-01-07,Wet,True,SAR,Logan Sargeant,Williams,USA,18,5,1,26,2,True,False,5995.2,104.02,Hard,4,99.92,True
1,2018,1,Bahrain,Sakhir,Middle East,5.412,57,2018-01-07,Wet,True,BOT,Valtteri Bottas,Alfa Romeo,Finland,29,17,15,0,2,False,True,6024.6,103.269,Medium,2,100.41,False
1,2018,1,Bahrain,Sakhir,Middle East,5.412,57,2018-01-07,Wet,True,OCO,Esteban Ocon,Alpine,France,22,12,8,4,2,False,False,6029.8,106.488,Soft,4,100.5,True
1,2018,1,Bahrain,Sakhir,Middle East,5.412,57,2018-01-07,Wet,True,TSU,Yuki Tsunoda,AlphaTauri,Japan,18,7,5,10,2,False,False,6047.6,106.031,Medium,2,100.79,True
1,2018,1,Bahrain,Sakhir,Middle East,5.412,57,2018-01-07,Wet,True,HAM,Lewis Hamilton,Mercedes,Great Britain,33,10,13,0,2,False,False,6070.5,103.173,Medium,-3,101.18,False
1,2018,1,Bahrain,Sakhir,Middle East,5.412,57,2018-01-07,Wet,True,DEV,Nyck de Vries,AlphaTauri,Netherlands,23,13,9,2,2,False,False,6052.0,107.777,Medium,4,100.87,True
1,2018,1,Bahrain,Sakhir,Middle East,5.412,57,2018-01-07,Wet,True,RUS,George Russell,Mercedes,Great Britain,20,3,4,12,2,False,False,6027.7,105.76,Soft,-1,100.46,True
1,2018,1,Bahrain,Sakhir,Middle East,5.412,57,2018-01-07,Wet,True,LEC,Charles Leclerc,Ferrari,Monaco,21,7,7,6,1,False,False,6032.2,107.751,Hard,0,100.54,True
1,2018,1,Bahrain,Sakhir,Middle East,5.412,57,2018-01-07,Wet,True,ZHO,Guanyu Zhou,Alfa Romeo,China,19,12,14,0,1,False,False,6077.8,103.334,Hard,-2,101.3,False
1,2018,1,Bahrain,Sakhir,Middle East,5.412,57,2018-01-07,Wet,True,MAG,Kevin Magnussen,Haas,Denmark,26,6,3,15,3,False,False,6028.6,107.592,Medium,3,100.48,True
1,2018,1,Bahrain,Sakhir,Middle East,5.412,57,2018-01-07,Wet,True,NOR,Lando Norris,McLaren,Great Britain,18,19,15,0,2,False,False,6060.3,104.229,Medium,4,101.01,False
1,2018,1,Bahrain,Sakhir,Middle East,5.412,57,2018-01-07,Wet,True,SAI,Carlos Sainz,Ferrari,Spain,24,14,19,0,2,False,False,6088.0,105.292,Soft,-5,101.47,False
1,2018,1,Bahrain,Sakhir,Middle East,5.412,57,2018-01-07,Wet,True,MSC,Mick Schumacher,Haas,Germany,19,20,16,0,2,False,False,6055.6,106.761,Medium,4,100.93,False
1,2018,1,Bahrain,Sakhir,Middle East,5.412,57,2018-01-07,Wet,True,ALB,Alexander Albon,Williams,Thailand,22,6,10,1,2,False,False,6050.5,104.545,Medium,-4,100.84,True
1,2018,1,Bahrain,Sakhir,Middle East,5.412,57,2018-01-07,Wet,True,GAS,Pierre Gasly,Alpine,France,22,12,17,0,2,False,False,6045.8,108.482,Medium,-5,100.76,False
1,2018,1,Bahrain,Sakhir,Middle East,5.412,57,2018-01-07,Wet,True,PER,Sergio Perez,Red Bull Racing,Mexico,28,15,20,0,2,False,False,6064.4,107.638,Soft,-5,101.07,False
1,2018,1,Bahrain,Sakhir,Middle East,5.412,57,2018-01-07,Wet,True,ALO,Fernando Alonso,Aston Martin,Spain,37,16,12,0,3,False,False,6058.7,108.435,Medium,4,100.98,False
2,2018,2,Saudi Arabia,Jeddah,Middle East,6.174,50,2018-02-19,Dry,True,TSU,Yuki Tsunoda,AlphaTauri,Japan,18,4,8,4,2,False,False,6074.5,121.674,Soft,-4,101.24,True
2,2018,2,Saudi Arabia,Jeddah,Middle East,6.174,50,2018-02-19,Dry,True,SAI,Carlos Sainz,Ferrari,Spain,24,10,15,0,2,False,False,6079.3,123.192,Medium,-5,101.32,False
2,2018,2,Saudi Arabia,Jeddah,Middle East,6.174,50,2018-02-19,Dry,True,NOR,Lando Norris,McLaren,Great Britain,18,20,18,0,2,False,False,6066.0,119.699,Medium,2,101.1,False
2,2018,2,Saudi Arabia,Jeddah,Middle East,6.174,50,2018-02-19,Dry,True,LEC,Charles Leclerc,Ferrari,Monaco,21,9,4,12,3,False,False,6021.4,119.059,Medium,5,100.36,True
2,2018,2,Saudi Arabia,Jeddah,Middle East,6.174,50,2018-02-19,Dry,True,OCO,Esteban Ocon,Alpine,France,22,3,6,8,2,False,False,6020.5,122.344,Medium,-3,100.34,True
2,2018,2,Saudi Arabia,Jeddah,Middle East,6.174,50,2018-02-19,Dry,True,RUS,George Russell,Mercedes,Great Britain,20,9,10,1,2,False,False,6057.5,120.376,Hard,-1,100.96,True
2,2018,2,Saudi Arabia,Jeddah,Middle East,6.174,50,2018-02-19,Dry,True,DEV,Nyck de Vries,AlphaTauri,Netherlands,23,2,3,15,3,False,False,6029.1,121.103,Soft,-1,100.48,True
2,2018,2,Saudi Arabia,Jeddah,Middle East,6.174,50,2018-02-19,Dry,True,HUL,Nico Hulkenberg,Haas,Germany,31,16,19,0,2,False,False,6059.9,120.226,Medium,-3,101.0,False
2,2018,2,Saudi Arabia,Jeddah,Middle East,6.174,50,2018-02-19,Dry,True,MAG,Kevin Magnussen,Haas,Denmark,26,5,9,2,3,False,False,6039.0,120.739,Medium,-4,100.65,True
2,2018,2,Saudi Arabia,Jeddah,Middle East,6.174,50,2018-02-19,Dry,True,ZHO,Guanyu Zhou,Alfa Romeo,China,19,9,7,6,2,False,False,6070.8,121.068,Hard,2,101.18,True
2,2018,2,Saudi Arabia,Jeddah,Middle East,6.174,50,2018-02-19,Dry,True,MSC,Mick Schumacher,Haas,Germany,19,8,11,0,2,False,False,6115.9,121.166,Medium,-3,101.93,False
2,2018,2,Saudi Arabia,Jeddah,Middle East,6.174,50,2018-02-19,Dry,True,BOT,Valtteri Bottas,Alfa Romeo,Finland,29,13,13,0,2,True,False,6061.6,119.234,Medium,0,101.03,False
2,2018,2,Saudi Arabia,Jeddah,Middle East,6.174,50,2018-02-19,Dry,True,GAS,Pierre Gasly,Alpine,France,22,4,5,10,1,False,False,6053.5,119.685,Medium,-1,100.89,True
2,2018,2,Saudi Arabia,Jeddah,Middle East,6.174,50,2018-02-19,Dry,True,SAR,Logan Sargeant,Williams,USA,18,8,12,0,2,False,False,6068.2,119.806,Medium,-4,101.14,False
2,2018,2,Saudi Arabia,Jeddah,Middle East,6.174,50,2018-02-19,Dry,True,ALB,Alexander Albon,Williams,Thailand,22,20,19,0,2,False,True,6024.6,121.965,Hard,1,100.41,False
2,2018,2,Saudi Arabia,Jeddah,Middle East,6.174,50,2018-02-19,Dry,True,HAM,Lewis Hamilton,Mercedes,Great Britain,33,1,1,26,2,True,False,6036.1,121.15,Medium,0,100.6,True
2,2018,2,Saudi Arabia,Jeddah,Middle East,6.174,50,2018-02-19,Dry,True,PER,Sergio Perez,Red Bull Racing,Mexico,28,3,2,18,1,False,False,6023.6,119.914,Medium,1,100.39,True
2,2018,2,Saudi Arabia,Jeddah,Middle East,6.174,50,2018-02-19,Dry,True,ALO,Fernando Alonso,Aston Martin,Spain,37,17,17,0,1,False,False,6072.2,104.285,Soft,0,101.2,False
2,2018,2,Saudi Arabia,Jeddah,Middle East,6.174,50,2018-02-19,Dry,True,VER,Max Verstappen,Red Bull Racing,Netherlands,20,15,20,0,1,False,False,6117.7,120.037,Medium,-5,101.96,False
2,2018,2,Saudi Arabia,Jeddah,Middle East,6.174,50,2018-02-19,Dry,True,STR,Lance Stroll,Aston Martin,Canada,20,20,16,0,3,False,False,6077.7,119.763,Medium,4,101.3,False
3,2018,3,Australia,Melbourne,Asia Pacific,5.278,58,2018-03-01,Dry,False,DEV,Nyck de Vries,AlphaTauri,Netherlands,23,20,19,0,2,False,False,6023.5,101.064,Hard,1,100.39,False
3,2018,3,Australia,Melbourne,Asia Pacific,5.278,58,2018-03-01,Dry,False,TSU,Yuki Tsunoda,AlphaTauri,Japan,18,6,9,2,2,False,False,6010.4,104.14,Hard,-3,100.17,True
3,2018,3,Australia,Melbourne,Asia Pacific,5.278,58,2018-03-01,Dry,False,PER,Sergio Perez,Red Bull Racing,Mexico,28,3,4,12,2,False,False,5965.1,100.239,Soft,-1,99.42,True
3,2018,3,Australia,Melbourne,Asia Pacific,5.278,58,2018-03-01,Dry,False,ZHO,Guanyu Zhou,Alfa Romeo,China,19,4,6,8,1,False,False,6003.3,104.638,Hard,-2,100.06,True
3,2018,3,Australia,Melbourne,Asia Pacific,5.278,58,2018-03-01,Dry,False,RUS,George Russell,Mercedes,Great Britain,20,8,5,11,2,True,False,5982.3,103.944,Medium,3,99.7,True
3,2018,3,Australia,Melbourne,Asia Pacific,5.278,58,2018-03-01,Dry,False,OCO,Esteban Ocon,Alpine,France,22,20,18,0,2,False,False,6048.4,105.789,Soft,2,100.81,False
3,2018,3,Australia,Melbourne,Asia Pacific,5.278,58,2018-03-01,Dry,False,SAI,Carlos Sainz,Ferrari,Spain,24,15,20,0,3,False,False,6045.5,105.641,Soft,-5,100.76,False
3,2018,3,Australia,Melbourne,Asia Pacific,5.278,58,2018-03-01,Dry,False,STR,Lance Stroll,Aston Martin,Canada,20,6,7,6,1,False,False,5986.3,103.288,Medium,-1,99.77,True
3,2018,3,Australia,Melbourne,Asia Pacific,5.278,58,2018-03-01,Dry,False,VER,Max Verstappen,Red Bull Racing,Netherlands,20,18,17,0,3,False,False,6007.0,103.589,Hard,1,100.12,False
3,2018,3,Australia,Melbourne,Asia Pacific,5.278,58,2018-03-01,Dry,False,LEC,Charles Leclerc,Ferrari,Monaco,21,19,14,0,1,False,False,6038.8,101.925,Soft,5,100.65,False
3,2018,3,Australia,Melbourne,Asia Pacific,5.278,58,2018-03-01,Dry,False,ALB,Alexander Albon,Williams,Thailand,22,1,3,15,2,False,False,5951.8,101.834,Soft,-2,99.2,True
3,2018,3,Australia,Melbourne,Asia Pacific,5.278,58,2018-03-01,Dry,False,SAR,Logan Sargeant,Williams,USA,18,1,2,18,2,False,False,5964.0,103.405,Soft,-1,99.4,True
3,2018,3,Australia,Melbourne,Asia Pacific,5.278,58,2018-03-01,Dry,False,ALO,Fernando Alonso,Aston Martin,Spain,37,15,16,0,3,False,False,6042.6,99.074,Soft,-1,100.71,False
3,2018,3,Australia,Melbourne,Asia Pacific,5.278,58,2018-03-01,Dry,False,NOR,Lando Norris,McLaren,Great Britain,18,10,15,0,1,False,False,6005.9,104.186,Medium,-5,100.1,False
3,2018,3,Australia,Melbourne,Asia Pacific,5.278,58,2018-03-01,Dry,False,GAS,Pierre Gasly,Alpine,France,22,15,13,0,1,False,False,6017.7,104.229,Medium,2,100.3,False
3,2018,3,Australia,Melbourne,Asia Pacific,5.278,58,2018-03-01,Dry,False,BOT,Valtteri Bottas,Alfa Romeo,Finland,29,8,12,0,1,False,False,6000.4,102.459,Soft,-4,100.01,False
3,2018,3,Australia,Melbourne,Asia Pacific,5.278,58,2018-03-01,Dry,False,HUL,Nico Hulkenberg,Haas,Germany,31,10,11,0,2,True,False,5996.3,100.933,Hard,-1,99.94,False
3,2018,3,Australia,Melbourne,Asia Pacific,5.278,58,2018-03-01,Dry,False,HAM,Lewis Hamilton,Mercedes,Great Britain,33,9,10,1,3,False,False,6011.8,101.573,Medium,-1,100.2,True
3,2018,3,Australia,Melbourne,Asia Pacific,5.278,58,2018-03-01,Dry,False,MSC,Mick Schumacher,Haas,Germany,19,15,15,0,3,True,True,6024.6,103.971,Hard,0,100.41,False
3,2018,3,Australia,Melbourne,Asia Pacific,5.278,58,2018-03-01,Dry,False,MAG,Kevin Magnussen,Haas,Denmark,26,1,1,26,3,True,False,5993.2,100.351,Medium,0,99.89,True
4,2018,4,Azerbaijan,Baku,Europe,6.003,51,2018-04-03,Dry,True,NOR,Lando Norris,McLaren,Great Britain,18,1,5,10,2,False,False,6007.6,117.679,Hard,-4,100.13,True
4,2018,4,Azerbaijan,Baku,Europe,6.003,51,2018-04-03,Dry,True,STR,Lance Stroll,Aston Martin,Canada,20,20,18,0,3,False,False,6045.0,117.409,Soft,2,100.75,False
4,2018,4,Azerbaijan,Baku,Europe,6.003,51,2018-04-03,Dry,True,ZHO,Guanyu Zhou,Alfa Romeo,China,19,20,16,0,2,False,False,6024.6,117.599,Hard,4,100.41,False
4,2018,4,Azerbaijan,Baku,Europe,6.003,51,2018-04-03,Dry,True,HAM,Lewis Hamilton,Mercedes,Great Britain,33,8,9,2,2,False,False,6013.4,117.036,Medium,-1,100.22,True
4,2018,4,Azerbaijan,Baku,Europe,6.003,51,2018-04-03,Dry,True,ALO,Fernando Alonso,Aston Martin,Spain,37,16,11,0,2,False,False,5987.9,117.622,Soft,5,99.8,False
4,2018,4,Azerbaijan,Baku,Europe,6.003,51,2018-04-03,Dry,True,MAG,Kevin Magnussen,Haas,Denmark,26,1,3,15,2,False,False,5987.8,115.407,Medium,-2,99.8,True
4,2018,4,Azerbaijan,Baku,Europe,6.003,51,2018-04-03,Dry,True,OCO,Esteban Ocon,Alpine,France,22,15,20,0,2,False,True,6024.6,117.983,Medium,-5,100.41,False
4,2018,4,Azerbaijan,Baku,Europe,6.003,51,2018-04-03,Dry,True,VER,Max Verstappen,Red Bull Racing,Netherlands,20,10,6,8,1,False,False,5986.7,118.238,Medium,4,99.78,True
4,2018,4,Azerbaijan,Baku,Europe,6.003,51,2018-04-03,Dry,True,DEV,Nyck de Vries,AlphaTauri,Netherlands,23,14,16,0,3,False,True,6024.6,116.009,Hard,-2,100.41,False
4,2018,4,Azerbaijan,Baku,Europe,6.003,51,2018-04-03,Dry,True,GAS,Pierre Gasly,Alpine,France,22,14,10,1,1,False,False,6013.7,115.954,Medium,4,100.23,True
4,2018,4,Azerbaijan,Baku,Europe,6.003,51,2018-04-03,Dry,True,BOT,Valtteri Bottas,Alfa Romeo,Finland,29,4,7,6,1,False,False,5998.3,119.73,Hard,-3,99.97,True
4,2018,4,Azerbaijan,Baku,Europe,6.003,51,2018-04-03,Dry,True,TSU,Yuki Tsunoda,AlphaTauri,Japan,18,18,15,0,1,False,False,6039.3,121.677,Medium,3,100.66,False
4,2018,4,Azerbaijan,Baku,Europe,6.003,51,2018-04-03,Dry,True,PER,Sergio Perez,Red Bull Racing,Mexico,28,15,12,0,3,False,False,5992.6,117.448,Hard,3,99.88,False
4,2018,4,Azerbaijan,Baku,Europe,6.003,51,2018-04-03,Dry,True,SAR,Logan Sargeant,Williams,USA,18,2,2,18,2,False,False,5990.2,119.589,Medium,0,99.84,True
4,2018,4,Azerbaijan,Baku,Europe,6.003,51,2018-04-03,Dry,True,LEC,Charles Leclerc,Ferrari,Monaco,21,12,8,4,1,False,False,6021.7,116.398,Medium,4,100.36,True
4,2018,4,Azerbaijan,Baku,Europe,6.003,51,2018-04-03,Dry,True,MSC,Mick Schumacher,Haas,Germany,19,19,19,0,2,False,True,6024.6,117.042,Medium,0,100.41,False
4,2018,4,Azerbaijan,Baku,Europe,6.003,51,2018-04-03,Dry,True,ALB,Alexander Albon,Williams,Thailand,22,3,1,26,1,True,False,5972.9,118.842,Hard,2,99.55,True
4,2018,4,Azerbaijan,Baku,Europe,6.003,51,2018-04-03,Dry,True,SAI,Carlos Sainz,Ferrari,Spain,24,1,4,12,2,False,False,5971.5,117.131,Medium,-3,99.52,True
4,2018,4,Azerbaijan,Baku,Europe,6.003,51,2018-04-03,Dry,True,HUL,Nico Hulkenberg,Haas,Germany,31,20,20,0,2,False,False,6046.8,117.045,Medium,0,100.78,False
4,2018,4,Azerbaijan,Baku,Europe,6.003,51,2018-04-03,Dry,True,RUS,George Russell,Mercedes,Great Britain,20,8,13,0,1,False,False,6004.1,118.458,Medium,-5,100.07,False
5,2018,5,Miami,Miami,Americas,5.412,57,2018-05-12,Dry,False,BOT,Valtteri Bottas,Alfa Romeo,Finland,29,20,15,0,2,True,False,6065.1,106.536,Medium,5,101.08,False
5,2018,5,Miami,Miami,Americas,5.412,57,2018-05-12,Dry,False,TSU,Yuki Tsunoda,AlphaTauri,Japan,18,18,14,0,1,False,False,6057.9,104.803,Hard,4,100.96,False
5,2018,5,Miami,Miami,Americas,5.412,57,2018-05-12,Dry,False,STR,Lance Stroll,Aston Martin,Canada,20,7,10,1,2,False,False,6024.8,106.764,Medium,-3,100.41,True
5,2018,5,Miami,Miami,Americas,5.412,57,2018-05-12,Dry,False,MAG,Kevin Magnussen,Haas,Denmark,26,12,16,0,2,False,False,6094.1,102.044,Medium,-4,101.57,False
5,2018,5,Miami,Miami,Americas,5.412,57,2018-05-12,Dry,False,OCO,Esteban Ocon,Alpine,France,22,4,2,18,1,False,False,6034.0,105.887,Medium,2,100.57,True
5,2018,5,Miami,Miami,Americas,5.412,57,2018-05-12,Dry,False,HUL,Nico Hulkenberg,Haas,Germany,31,11,12,0,2,False,False,6057.0,108.093,Medium,-1,100.95,False
5,2018,5,Miami,Miami,Americas,5.412,57,2018-05-12,Dry,False,DEV,Nyck de Vries,AlphaTauri,Netherlands,23,4,4,12,2,False,False,6023.1,105.006,Hard,0,100.38,True
5,2018,5,Miami,Miami,Americas,5.412,57,2018-05-12,Dry,False,PER,Sergio Perez,Red Bull Racing,Mexico,28,9,13,0,2,False,False,6046.3,105.129,Soft,-4,100.77,False
5,2018,5,Miami,Miami,Americas,5.412,57,2018-05-12,Dry,False,SAR,Logan Sargeant,Williams,USA,18,20,19,0,2,False,False,6111.9,104.285,Medium,1,101.86,False
5,2018,5,Miami,Miami,Americas,5.412,57,2018-05-12,Dry,False,ALO,Fernando Alonso,Aston Martin,Spain,37,20,20,0,2,False,False,6063.7,104.924,Medium,0,101.06,False
5,2018,5,Miami,Miami,Americas,5.412,57,2018-05-12,Dry,False,HAM,Lewis Hamilton,Mercedes,Great Britain,33,1,3,15,3,False,False,6026.6,105.23,Medium,-2,100.44,True
5,2018,5,Miami,Miami,Americas,5.412,57,2018-05-12,Dry,False,MSC,Mick Schumacher,Haas,Germany,19,10,7,6,1,False,False,6059.5,104.63,Hard,3,100.99,True
5,2018,5,Miami,Miami,Americas,5.412,57,2018-05-12,Dry,False,VER,Max Verstappen,Red Bull Racing,Netherlands,20,9,6,8,3,False,False,6034.6,104.05,Medium,3,100.58,True
5,2018,5,Miami,Miami,Americas,5.412,57,2018-05-12,Dry,False,LEC,Charles Leclerc,Ferrari,Monaco,21,12,8,4,2,False,False,6032.5,103.952,Hard,4,100.54,True
5,2018,5,Miami,Miami,Americas,5.412,57,2018-05-12,Dry,False,ALB,Alexander Albon,Williams,Thailand,22,7,11,0,3,False,False,6019.1,106.812,Hard,-4,100.32,False
5,2018,5,Miami,Miami,Americas,5.412,57,2018-05-12,Dry,False,ZHO,Guanyu Zhou,Alfa Romeo,China,19,16,18,0,3,False,False,6079.7,104.869,Medium,-2,101.33,False
5,2018,5,Miami,Miami,Americas,5.412,57,2018-05-12,Dry,False,NOR,Lando Norris,McLaren,Great Britain,18,14,19,0,2,False,True,6024.6,105.188,Soft,-5,100.41,False
5,2018,5,Miami,Miami,Americas,5.412,57,2018-05-12,Dry,False,GAS,Pierre Gasly,Alpine,France,22,10,9,2,3,False,False,6044.5,104.335,Medium,1,100.74,True
5,2018,5,Miami,Miami,Americas,5.412,57,2018-05-12,Dry,False,SAI,Carlos Sainz,Ferrari,Spain,24,7,5,10,2,False,False,6049.9,104.683,Medium,2,100.83,True
5,2018,5,Miami,Miami,Americas,5.412,57,2018-05-12,Dry,False,RUS,George Russell,Mercedes,Great Britain,20,1,1,26,2,True,False,6003.9,107.094,Medium,0,100.06,True
6,2018,6,Monaco,Monte Carlo,Europe,3.337,78,2018-06-06,Wet,True,STR,Lance Stroll,Aston Martin,Canada,20,6,7,6,1,False,False,5086.6,62.532,Soft,-1,84.78,True
6,2018,6,Monaco,Monte Carlo,Europe,3.337,78,2018-06-06,Wet,True,MSC,Mick Schumacher,Haas,Germany,19,16,18,0,2,False,False,5119.8,65.561,Medium,-2,85.33,False
6,2018,6,Monaco,Monte Carlo,Europe,3.337,78,2018-06-06,Wet,True,DEV,Nyck de Vries,AlphaTauri,Netherlands,23,17,14,0,1,False,False,5140.9,64.384,Medium,3,85.68,False
6,2018,6,Monaco,Monte Carlo,Europe,3.337,78,2018-06-06,Wet,True,RUS,George Russell,Mercedes,Great Britain,20,20,19,0,2,False,False,5140.6,65.388,Hard,1,85.68,False
6,2018,6,Monaco,Monte Carlo,Europe,3.337,78,2018-06-06,Wet,True,GAS,Pierre Gasly,Alpine,France,22,5,9,2,2,False,False,5105.3,63.07,Medium,-4,85.09,True
6,2018,6,Monaco,Monte Carlo,Europe,3.337,78,2018-06-06,Wet,True,SAI,Carlos Sainz,Ferrari,Spain,24,1,4,12,3,False,False,5083.3,64.137,Soft,-3,84.72,True
6,2018,6,Monaco,Monte Carlo,Europe,3.337,78,2018-06-06,Wet,True,ZHO,Guanyu Zhou,Alfa Romeo,China,19,15,11,0,2,False,False,5099.4,65.365,Medium,4,84.99,False
6,2018,6,Monaco,Monte Carlo,Europe,3.337,78,2018-06-06,Wet,True,NOR,Lando Norris,McLaren,Great Britain,18,5,6,8,2,False,False,5082.9,63.723,Soft,-1,84.71,True
6,2018,6,Monaco,Monte Carlo,Europe,3.337,78,2018-06-06,Wet,True,MAG,Kevin Magnussen,Haas,Denmark,26,18,18,0,2,False,True,6024.6,64.834,Medium,0,100.41,False
6,2018,6,Monaco,Monte Carlo,Europe,3.337,78,2018-06-06,Wet,True,SAR,Logan Sargeant,Williams,USA,18,11,13,0,1,False,False,6024.6,65.352,Medium,-2,100.41,False
6,2018,6,Monaco,Monte Carlo,Europe,3.337,78,2018-06-06,Wet,True,VER,Max Verstappen,Red Bull Racing,Netherlands,20,15,16,0,2,False,False,5105.3,65.932,Medium,-1,85.09,False
6,2018,6,Monaco,Monte Carlo,Europe,3.337,78,2018-06-06,Wet,True,BOT,Valtteri Bottas,Alfa Romeo,Finland,29,7,2,18,1,False,False,5056.8,65.518,Medium,5,84.28,True
6,2018,6,Monaco,Monte Carlo,Europe,3.337,78,2018-06-06,Wet,True,HAM,Lewis Hamilton,Mercedes,Great Britain,33,20,20,0,1,False,False,5135.0,66.795,Medium,0,85.58,False
6,2018,6,Monaco,Monte Carlo,Europe,3.337,78,2018-06-06,Wet,True,TSU,Yuki Tsunoda,AlphaTauri,Japan,18,17,17,0,1,False,True,6024.6,63.654,Medium,0,100.41,False
6,2018,6,Monaco,Monte Carlo,Europe,3.337,78,2018-06-06,Wet,True,ALB,Alexander Albon,Williams,Thailand,22,5,1,26,3,True,False,5075.4,63.981,Medium,4,84.59,True
6,2018,6,Monaco,Monte Carlo,Europe,3.337,78,2018-06-06,Wet,True,HUL,Nico Hulkenberg,Haas,Germany,31,12,17,0,3,False,False,5135.7,63.769,Medium,-5,85.6,False
6,2018,6,Monaco,Monte Carlo,Europe,3.337,78,2018-06-06,Wet,True,OCO,Esteban Ocon,Alpine,France,22,7,3,15,1,False,False,5093.0,66.322,Soft,4,84.88,True
6,2018,6,Monaco,Monte Carlo,Europe,3.337,78,2018-06-06,Wet,True,LEC,Charles Leclerc,Ferrari,Monaco,21,5,5,10,2,False,False,5094.8,64.606,Hard,0,84.91,True
6,2018,6,Monaco,Monte Carlo,Europe,3.337,78,2018-06-06,Wet,True,PER,Sergio Perez,Red Bull Racing,Mexico,28,13,15,0,3,False,False,5124.9,65.741,Hard,-2,85.42,False
6,2018,6,Monaco,Monte Carlo,Europe,3.337,78,2018-06-06,Wet,True,ALO,Fernando Alonso,Aston Martin,Spain,37,4,8,4,1,False,False,5095.8,66.479,Hard,-4,84.93,True
7,2018,7,Spain,Barcelona,Europe,4.657,66,2018-07-11,Dry,False,MAG,Kevin Magnussen,Haas,Denmark,26,6,10,1,1,False,False,6020.7,93.181,Soft,-4,100.34,True
7,2018,7,Spain,Barcelona,Europe,4.657,66,2018-07-11,Dry,False,GAS,Pierre Gasly,Alpine,France,22,16,17,0,2,False,False,6034.9,87.911,Soft,-1,100.58,False
7,2018,7,Spain,Barcelona,Europe,4.657,66,2018-07-11,Dry,False,ALO,Fernando Alonso,Aston Martin,Spain,37,9,6,8,3,False,False,6011.3,92.288,Medium,3,100.19,True
7,2018,7,Spain,Barcelona,Europe,4.657,66,2018-07-11,Dry,False,SAI,Carlos Sainz,Ferrari,Spain,24,20,16,0,3,False,False,6039.7,90.588,Soft,4,100.66,False
7,2018,7,Spain,Barcelona,Europe,4.657,66,2018-07-11,Dry,False,TSU,Yuki Tsunoda,AlphaTauri,Japan,18,2,2,18,3,False,False,5999.0,90.188,Hard,0,99.98,True
7,2018,7,Spain,Barcelona,Europe,4.657,66,2018-07-11,Dry,False,ALB,Alexander Albon,Williams,Thailand,22,12,12,0,2,False,False,6027.0,92.942,Medium,0,100.45,False
7,2018,7,Spain,Barcelona,Europe,4.657,66,2018-07-11,Dry,False,LEC,Charles Leclerc,Ferrari,Monaco,21,20,16,0,2,False,True,6024.6,87.443,Hard,4,100.41,False
7,2018,7,Spain,Barcelona,Europe,4.657,66,2018-07-11,Dry,False,SAR,Logan Sargeant,Williams,USA,18,20,19,0,1,False,False,6090.2,91.799,Medium,1,101.5,False
7,2018,7,Spain,Barcelona,Europe,4.657,66,2018-07-11,Dry,False,MSC,Mick Schumacher,Haas,Germany,19,3,8,4,3,False,False,6012.1,90.88,Soft,-5,100.2,True
7,2018,7,Spain,Barcelona,Europe,4.657,66,2018-07-11,Dry,False,OCO,Esteban Ocon,Alpine,France,22,11,9,2,3,False,False,6040.5,90.876,Medium,2,100.68,True
7,2018,7,Spain,Barcelona,Europe,4.657,66,2018-07-11,Dry,False,VER,Max Verstappen,Red Bull Racing,Netherlands,20,10,5,10,2,False,False,6005.7,91.687,Soft,5,100.1,True
7,2018,7,Spain,Barcelona,Europe,4.657,66,2018-07-11,Dry,False,HAM,Lewis Hamilton,Mercedes,Great Britain,33,6,1,26,3,True,False,5985.9,89.058,Medium,5,99.76,True
7,2018,7,Spain,Barcelona,Europe,4.657,66,2018-07-11,Dry,False,STR,Lance Stroll,Aston Martin,Canada,20,2,4,12,2,False,False,6009.8,90.561,Medium,-2,100.16,True
7,2018,7,Spain,Barcelona,Europe,4.657,66,2018-07-11,Dry,False,RUS,George Russell,Mercedes,Great Britain,20,17,14,0,1,False,False,6055.5,89.595,Medium,3,100.92,False
7,2018,7,Spain,Barcelona,Europe,4.657,66,2018-07-11,Dry,False,ZHO,Guanyu Zhou,Alfa Romeo,China,19,8,7,6,2,False,False,5997.8,91.941,Medium,1,99.96,True
7,2018,7,Spain,Barcelona,Europe,4.657,66,2018-07-11,Dry,False,NOR,Lando Norris,McLaren,Great Britain,18,9,11,0,2,False,False,6036.2,90.669,Soft,-2,100.6,False
7,2018,7,Spain,Barcelona,Europe,4.657,66,2018-07-11,Dry,False,HUL,Nico Hulkenberg,Haas,Germany,31,13,17,0,2,False,True,6024.6,91.547,Hard,-4,100.41,False
7,2018,7,Spain,Barcelona,Europe,4.657,66,2018-07-11,Dry,False,DEV,Nyck de Vries,AlphaTauri,Netherlands,23,17,20,0,2,True,True,6024.6,89.973,Soft,-3,100.41,False
7,2018,7,Spain,Barcelona,Europe,4.657,66,2018-07-11,Dry,False,PER,Sergio Perez,Red Bull Racing,Mexico,28,20,20,0,1,False,False,6062.8,91.829,Soft,0,101.05,False
7,2018,7,Spain,Barcelona,Europe,4.657,66,2018-07-11,Dry,False,BOT,Valtteri Bottas,Alfa Romeo,Finland,29,15,13,0,2,False,False,6030.6,91.177,Medium,2,100.51,False
8,2018,8,Canada,Montreal,Americas,4.361,70,2018-08-21,Mixed,False,ALO,Fernando Alonso,Aston Martin,Spain,37,10,10,1,2,False,False,5996.9,82.9,Medium,0,99.95,True
8,2018,8,Canada,Montreal,Americas,4.361,70,2018-08-21,Mixed,False,ZHO,Guanyu Zhou,Alfa Romeo,China,19,3,1,26,2,True,False,5946.5,86.3,Medium,2,99.11,True
8,2018,8,Canada,Montreal,Americas,4.361,70,2018-08-21,Mixed,False,TSU,Yuki Tsunoda,AlphaTauri,Japan,18,9,6,8,3,False,False,5998.0,83.634,Hard,3,99.97,True
8,2018,8,Canada,Montreal,Americas,4.361,70,2018-08-21,Mixed,False,ALB,Alexander Albon,Williams,Thailand,22,12,12,0,1,False,False,5994.0,83.589,Medium,0,99.9,False
8,2018,8,Canada,Montreal,Americas,4.361,70,2018-08-21,Mixed,False,PER,Sergio Perez,Red Bull Racing,Mexico,28,4,9,2,1,False,False,6011.0,85.827,Hard,-5,100.18,True
8,2018,8,Canada,Montreal,Americas,4.361,70,2018-08-21,Mixed,False,MAG,Kevin Magnussen,Haas,Denmark,26,12,16,0,3,False,False,5992.2,82.961,Soft,-4,99.87,False
8,2018,8,Canada,Montreal,Americas,4.361,70,2018-08-21,Mixed,False,NOR,Lando Norris,McLaren,Great Britain,18,20,19,0,1,False,False,6021.3,85.567,Soft,1,100.36,False
8,2018,8,Canada,Montreal,Americas,4.361,70,2018-08-21,Mixed,False,STR,Lance Stroll,Aston Martin,Canada,20,18,13,0,3,False,False,6003.6,87.757,Medium,5,100.06,False
8,2018,8,Canada,Montreal,Americas,4.361,70,2018-08-21,Mixed,False,DEV,Nyck de Vries,AlphaTauri,Netherlands,23,20,18,0,2,False,False,6045.4,86.017,Soft,2,100.76,False
8,2018,8,Canada,Montreal,Americas,4.361,70,2018-08-21,Mixed,False,HUL,Nico Hulkenberg,Haas,Germany,31,2,5,10,2,False,False,5963.4,104.285,Soft,-3,99.39,True
8,2018,8,Canada,Montreal,Americas,4.361,70,2018-08-21,Mixed,False,HAM,Lewis Hamilton,Mercedes,Great Britain,33,1,3,15,2,False,False,5954.7,85.824,Medium,-2,99.24,True
8,2018,8,Canada,Montreal,Americas,4.361,70,2018-08-21,Mixed,False,SAR,Logan Sargeant,Williams,USA,18,7,7,6,2,False,False,5947.3,85.798,Soft,0,99.12,True
8,2018,8,Canada,Montreal,Americas,4.361,70,2018-08-21,Mixed,False,BOT,Valtteri Bottas,Alfa Romeo,Finland,29,2,4,12,3,False,False,5941.7,84.653,Medium,-2,99.03,True
8,2018,8,Canada,Montreal,Americas,4.361,70,2018-08-21,Mixed,False,OCO,Esteban Ocon,Alpine,France,22,5,2,18,2,False,False,5971.3,86.35,Medium,3,99.52,True
8,2018,8,Canada,Montreal,Americas,4.361,70,2018-08-21,Mixed,False,VER,Max Verstappen,Red Bull Racing,Netherlands,20,20,20,0,3,False,False,6049.5,84.881,Hard,0,100.82,False
8,2018,8,Canada,Montreal,Americas,4.361,70,2018-08-21,Mixed,False,GAS,Pierre Gasly,Alpine,France,22,6,11,0,2,False,False,5970.8,83.707,Soft,-5,99.51,False
8,2018,8,Canada,Montreal,Americas,4.361,70,2018-08-21,Mixed,False,LEC,Charles Leclerc,Ferrari,Monaco,21,16,15,0,1,False,False,6009.2,85.781,Medium,1,100.15,False
8,2018,8,Canada,Montreal,Americas,4.361,70,2018-08-21,Mixed,False,SAI,Carlos Sainz,Ferrari,Spain,24,9,8,4,1,False,False,5969.7,84.879,Medium,1,99.49,True
8,2018,8,Canada,Montreal,Americas,4.361,70,2018-08-21,Mixed,False,RUS,George Russell,Mercedes,Great Britain,20,16,17,0,2,False,False,6017.1,83.306,Soft,-1,100.29,False
8,2018,8,Canada,Montreal,Americas,4.361,70,2018-08-21,Mixed,False,MSC,Mick Schumacher,Haas,Germany,19,18,14,0,2,False,False,6024.8,87.615,Soft,4,100.41,False
9,2018,9,Great Britain,Silverstone,Europe,5.891,52,2018-09-14,Dry,False,DEV,Nyck de Vries,AlphaTauri,Netherlands,23,18,14,0,3,False,False,6006.9,114.678,Medium,4,100.12,False
9,2018,9,Great Britain,Silverstone,Europe,5.891,52,2018-09-14,Dry,False,HAM,Lewis Hamilton,Mercedes,Great Britain,33,4,3,15,1,False,False,5980.8,117.832,Medium,1,99.68,True
9,2018,9,Great Britain,Silverstone,Europe,5.891,52,2018-09-14,Dry,False,PER,Sergio Perez,Red Bull Racing,Mexico,28,17,19,0,2,False,True,6024.6,111.723,Medium,-2,100.41,False
9,2018,9,Great Britain,Silverstone,Europe,5.891,52,2018-09-14,Dry,False,OCO,Esteban Ocon,Alpine,France,22,9,9,2,3,False,False,5989.2,115.794,Hard,0,99.82,True
9,2018,9,Great Britain,Silverstone,Europe,5.891,52,2018-09-14,Dry,False,HUL,Nico Hulkenberg,Haas,Germany,31,9,13,0,3,False,False,6005.2,115.695,Soft,-4,100.09,False
9,2018,9,Great Britain,Silverstone,Europe,5.891,52,2018-09-14,Dry,False,LEC,Charles Leclerc,Ferrari,Monaco,21,18,20,0,2,False,False,6046.0,115.15,Medium,-2,100.77,False
9,2018,9,Great Britain,Silverstone,Europe,5.891,52,2018-09-14,Dry,False,ZHO,Guanyu Zhou,Alfa Romeo,China,19,3,7,6,2,False,False,5980.8,115.833,Hard,-4,99.68,True
9,2018,9,Great Britain,Silverstone,Europe,5.891,52,2018-09-14,Dry,False,TSU,Yuki Tsunoda,AlphaTauri,Japan,18,4,1,26,2,True,False,5973.2,116.382,Soft,3,99.55,True
9,2018,9,Great Britain,Silverstone,Europe,5.891,52,2018-09-14,Dry,False,MAG,Kevin Magnussen,Haas,Denmark,26,13,10,1,3,False,False,6018.9,116.709,Medium,3,100.32,True
9,2018,9,Great Britain,Silverstone,Europe,5.891,52,2018-09-14,Dry,False,RUS,George Russell,Mercedes,Great Britain,20,1,2,18,2,False,False,5994.7,114.395,Medium,-1,99.91,True
9,2018,9,Great Britain,Silverstone,Europe,5.891,52,2018-09-14,Dry,False,SAR,Logan Sargeant,Williams,USA,18,1,4,12,2,False,False,5974.8,117.266,Medium,-3,99.58,True
9,2018,9,Great Britain,Silverstone,Europe,5.891,52,2018-09-14,Dry,False,ALB,Alexander Albon,Williams,Thailand,22,14,11,0,1,False,False,6008.5,114.937,Medium,3,100.14,False
9,2018,9,Great Britain,Silverstone,Europe,5.891,52,2018-09-14,Dry,False,MSC,Mick Schumacher,Haas,Germany,19,14,15,0,2,True,False,6042.9,114.963,Medium,-1,100.71,False
9,2018,9,Great Britain,Silverstone,Europe,5.891,52,2018-09-14,Dry,False,GAS,Pierre Gasly,Alpine,France,22,2,6,8,2,False,False,6031.1,116.408,Medium,-4,100.52,True
9,2018,9,Great Britain,Silverstone,Europe,5.891,52,2018-09-14,Dry,False,ALO,Fernando Alonso,Aston Martin,Spain,37,13,15,0,2,False,True,6024.6,116.853,Hard,-2,100.41,False
9,2018,9,Great Britain,Silverstone,Europe,5.891,52,2018-09-14,Dry,False,NOR,Lando Norris,McLaren,Great Britain,18,13,8,4,2,False,False,5997.3,113.744,Hard,5,99.96,True
9,2018,9,Great Britain,Silverstone,Europe,5.891,52,2018-09-14,Dry,False,SAI,Carlos Sainz,Ferrari,Spain,24,10,12,0,1,False,False,6030.2,118.558,Hard,-2,100.5,False
9,2018,9,Great Britain,Silverstone,Europe,5.891,52,2018-09-14,Dry,False,VER,Max Verstappen,Red Bull Racing,Netherlands,20,20,19,0,3,False,False,6040.9,113.287,Medium,1,100.68,False
9,2018,9,Great Britain,Silverstone,Europe,5.891,52,2018-09-14,Dry,False,STR,Lance Stroll,Aston Martin,Canada,20,20,17,0,3,False,False,6030.7,113.641,Soft,3,100.51,False
9,2018,9,Great Britain,Silverstone,Europe,5.891,52,2018-09-14,Dry,False,BOT,Valtteri Bottas,Alfa Romeo,Finland,29,7,5,10,2,False,False,6024.7,115.246,Medium,2,100.41,True
10,2018,10,Hungary,Budapest,Europe,4.381,70,2018-10-10,Mixed,False,TSU,Yuki Tsunoda,AlphaTauri,Japan,18,1,1,26,1,True,False,5977.4,87.992,Medium,0,99.62,True
10,2018,10,Hungary,Budapest,Europe,4.381,70,2018-10-10,Mixed,False,RUS,George Russell,Mercedes,Great Britain,20,2,4,12,2,False,False,5990.0,86.451,Soft,-2,99.83,True
10,2018,10,Hungary,Budapest,Europe,4.381,70,2018-10-10,Mixed,False,ALO,Fernando Alonso,Aston Martin,Spain,37,2,6,8,2,False,False,5990.4,83.778,Medium,-4,99.84,True
10,2018,10,Hungary,Budapest,Europe,4.381,70,2018-10-10,Mixed,False,GAS,Pierre Gasly,Alpine,France,22,18,14,0,2,False,False,6020.0,85.724,Medium,4,100.33,False
10,2018,10,Hungary,Budapest,Europe,4.381,70,2018-10-10,Mixed,False,ZHO,Guanyu Zhou,Alfa Romeo,China,19,20,18,0,2,False,True,6024.6,86.472,Hard,2,100.41,False
10,2018,10,Hungary,Budapest,Europe,4.381,70,2018-10-10,Mixed,False,MSC,Mick Schumacher,Haas,Germany,19,20,18,0,1,False,False,6029.3,86.238,Hard,2,100.49,False
10,2018,10,Hungary,Budapest,Europe,4.381,70,2018-10-10,Mixed,False,MAG,Kevin Magnussen,Haas,Denmark,26,19,19,0,2,False,False,6052.3,85.399,Hard,0,100.87,False
10,2018,10,Hungary,Budapest,Europe,4.381,70,2018-10-10,Mixed,False,DEV,Nyck de Vries,AlphaTauri,Netherlands,23,1,2,18,3,False,False,5998.8,85.539,Medium,-1,99.98,True
10,2018,10,Hungary,Budapest,Europe,4.381,70,2018-10-10,Mixed,False,VER,Max Verstappen,Red Bull Racing,Netherlands,20,13,18,0,2,False,True,6024.6,85.877,Soft,-5,100.41,False
10,2018,10,Hungary,Budapest,Europe,4.381,70,2018-10-10,Mixed,False,HUL,Nico Hulkenberg,Haas,Germany,31,10,13,0,2,False,False,6002.5,83.694,Medium,-3,100.04,False
10,2018,10,Hungary,Budapest,Europe,4.381,70,2018-10-10,Mixed,False,LEC,Charles Leclerc,Ferrari,Monaco,21,9,9,2,2,False,False,5994.6,88.663,Medium,0,99.91,True
10,2018,10,Hungary,Budapest,Europe,4.381,70,2018-10-10,Mixed,False,HAM,Lewis Hamilton,Mercedes,Great Britain,33,12,10,1,2,False,False,5978.0,85.469,Medium,2,99.63,True
10,2018,10,Hungary,Budapest,Europe,4.381,70,2018-10-10,Mixed,False,STR,Lance Stroll,Aston Martin,Canada,20,8,11,0,1,False,False,6025.1,84.375,Soft,-3,100.42,False
10,2018,10,Hungary,Budapest,Europe,4.381,70,2018-10-10,Mixed,False,OCO,Esteban Ocon,Alpine,France,22,10,7,6,3,False,False,6024.3,83.875,Medium,3,100.4,True
10,2018,10,Hungary,Budapest,Europe,4.381,70,2018-10-10,Mixed,False,PER,Sergio Perez,Red Bull Racing,Mexico,28,10,12,0,1,False,False,5998.1,86.798,Medium,-2,99.97,False
10,2018,10,Hungary,Budapest,Europe,4.381,70,2018-10-10,Mixed,False,BOT,Valtteri Bottas,Alfa Romeo,Finland,29,13,15,0,2,False,True,6024.6,83.832,Soft,-2,100.41,False
10,2018,10,Hungary,Budapest,Europe,4.381,70,2018-10-10,Mixed,False,SAR,Logan Sargeant,Williams,USA,18,15,15,0,2,False,False,6037.1,84.811,Soft,0,100.62,False
10,2018,10,Hungary,Budapest,Europe,4.381,70,2018-10-10,Mixed,False,ALB,Alexander Albon,Williams,Thailand,22,1,5,10,2,False,False,5994.1,85.503,Medium,-4,99.9,True
10,2018,10,Hungary,Budapest,Europe,4.381,70,2018-10-10,Mixed,False,NOR,Lando Norris,McLaren,Great Britain,18,19,16,0,3,False,False,6031.0,85.653,Medium,3,100.52,False
10,2018,10,Hungary,Budapest,Europe,4.381,70,2018-10-10,Mixed,False,SAI,Carlos Sainz,Ferrari,Spain,24,19,17,0,2,False,False,6031.2,84.275,Hard,2,100.52,False
11,2018,11,Belgium,Spa,Europe,7.004,44,2018-11-07,Dry,True,VER,Max Verstappen,Red Bull Racing,Netherlands,20,6,8,4,3,False,False,6068.3,133.638,Hard,-2,101.14,True
11,2018,11,Belgium,Spa,Europe,7.004,44,2018-11-07,Dry,True,MAG,Kevin Magnussen,Haas,Denmark,26,20,20,0,3,False,False,6060.9,137.677,Medium,0,101.02,False
11,2018,11,Belgium,Spa,Europe,7.004,44,2018-11-07,Dry,True,BOT,Valtteri Bottas,Alfa Romeo,Finland,29,7,3,15,2,False,False,6035.5,135.574,Hard,4,100.59,True
11,2018,11,Belgium,Spa,Europe,7.004,44,2018-11-07,Dry,True,HAM,Lewis Hamilton,Mercedes,Great Britain,33,19,19,0,3,False,False,6024.6,137.791,Medium,0,100.41,False
11,2018,11,Belgium,Spa,Europe,7.004,44,2018-11-07,Dry,True,STR,Lance Stroll,Aston Martin,Canada,20,1,4,12,2,False,False,6026.0,135.617,Medium,-3,100.43,True
11,2018,11,Belgium,Spa,Europe,7.004,44,2018-11-07,Dry,True,OCO,Esteban Ocon,Alpine,France,22,17,18,0,3,False,True,6024.6,137.768,Medium,-1,100.41,False
11,2018,11,Belgium,Spa,Europe,7.004,44,2018-11-07,Dry,True,ALO,Fernando Alonso,Aston Martin,Spain,37,6,9,2,3,False,False,6040.7,136.932,Soft,-3,100.68,True
11,2018,11,Belgium,Spa,Europe,7.004,44,2018-11-07,Dry,True,HUL,Nico Hulkenberg,Haas,Germany,31,13,18,0,2,False,True,6024.6,137.002,Soft,-5,100.41,False
11,2018,11,Belgium,Spa,Europe,7.004,44,2018-11-07,Dry,True,GAS,Pierre Gasly,Alpine,France,22,10,12,0,2,False,False,6071.1,137.489,Medium,-2,101.18,False
11,2018,11,Belgium,Spa,Europe,7.004,44,2018-11-07,Dry,True,SAR,Logan Sargeant,Williams,USA,18,19,14,0,1,False,False,6090.9,137.262,Hard,5,101.52,False
11,2018,11,Belgium,Spa,Europe,7.004,44,2018-11-07,Dry,True,ALB,Alexander Albon,Williams,Thailand,22,7,2,18,2,False,False,6043.4,138.761,Soft,5,100.72,True
11,2018,11,Belgium,Spa,Europe,7.004,44,2018-11-07,Dry,True,LEC,Charles Leclerc,Ferrari,Monaco,21,20,18,0,1,False,False,6058.8,136.923,Medium,2,100.98,False
11,2018,11,Belgium,Spa,Europe,7.004,44,2018-11-07,Dry,True,ZHO,Guanyu Zhou,Alfa Romeo,China,19,17,16,0,3,False,False,6061.3,136.246,Hard,1,101.02,False
11,2018,11,Belgium,Spa,Europe,7.004,44,2018-11-07,Dry,True,TSU,Yuki Tsunoda,AlphaTauri,Japan,18,15,13,0,2,False,False,6030.0,137.032,Medium,2,100.5,False
11,2018,11,Belgium,Spa,Europe,7.004,44,2018-11-07,Dry,True,DEV,Nyck de Vries,AlphaTauri,Netherlands,23,1,1,26,2,True,False,6000.9,138.265,Soft,0,100.02,True
11,2018,11,Belgium,Spa,Europe,7.004,44,2018-11-07,Dry,True,MSC,Mick Schumacher,Haas,Germany,19,5,5,10,3,False,False,6031.0,135.675,Medium,0,100.52,True
11,2018,11,Belgium,Spa,Europe,7.004,44,2018-11-07,Dry,True,SAI,Carlos Sainz,Ferrari,Spain,24,8,7,6,2,False,False,6024.6,136.939,Medium,1,100.41,True
11,2018,11,Belgium,Spa,Europe,7.004,44,2018-11-07,Dry,True,PER,Sergio Perez,Red Bull Racing,Mexico,28,9,10,1,1,False,False,6059.7,136.31,Hard,-1,100.99,True
11,2018,11,Belgium,Spa,Europe,7.004,44,2018-11-07,Dry,True,RUS,George Russell,Mercedes,Great Britain,20,14,15,0,3,False,False,6052.6,135.295,Medium,-1,100.88,False
11,2018,11,Belgium,Spa,Europe,7.004,44,2018-11-07,Dry,True,NOR,Lando Norris,McLaren,Great Britain,18,6,6,8,2,False,False,6037.1,134.784,Hard,0,100.62,True
12,2018,12,Netherlands,Zandvoort,Europe,4.259,72,2018-01-22,Wet,True,PER,Sergio Perez,Red Bull Racing,Mexico,28,10,13,0,1,False,False,6010.2,84.152,Soft,-3,100.17,False
12,2018,12,Netherlands,Zandvoort,Europe,4.259,72,2018-01-22,Wet,True,ZHO,Guanyu Zhou,Alfa Romeo,China,19,6,2,18,1,False,False,6006.3,83.04,Medium,4,100.1,True
12,2018,12,Netherlands,Zandvoort,Europe,4.259,72,2018-01-22,Wet,True,VER,Max Verstappen,Red Bull Racing,Netherlands,20,12,11,0,2,False,False,6040.3,83.183,Soft,1,100.67,False
12,2018,12,Netherlands,Zandvoort,Europe,4.259,72,2018-01-22,Wet,True,STR,Lance Stroll,Aston Martin,Canada,20,20,20,0,3,False,False,6047.1,82.177,Medium,0,100.79,False
12,2018,12,Netherlands,Zandvoort,Europe,4.259,72,2018-01-22,Wet,True,TSU,Yuki Tsunoda,AlphaTauri,Japan,18,8,3,15,2,False,False,5974.0,85.843,Medium,5,99.57,True
12,2018,12,Netherlands,Zandvoort,Europe,4.259,72,2018-01-22,Wet,True,MSC,Mick Schumacher,Haas,Germany,19,17,17,0,1,False,False,6039.9,83.585,Soft,0,100.66,False
12,2018,12,Netherlands,Zandvoort,Europe,4.259,72,2018-01-22,Wet,True,DEV,Nyck de Vries,AlphaTauri,Netherlands,23,2,5,10,3,False,False,5999.7,80.207,Medium,-3,99.99,True
12,2018,12,Netherlands,Zandvoort,Europe,4.259,72,2018-01-22,Wet,True,HUL,Nico Hulkenberg,Haas,Germany,31,20,16,0,2,False,False,5993.5,80.95,Soft,4,99.89,False
12,2018,12,Netherlands,Zandvoort,Europe,4.259,72,2018-01-22,Wet,True,ALB,Alexander Albon,Williams,Thailand,22,18,18,0,2,False,False,6024.6,83.009,Soft,0,100.41,False
12,2018,12,Netherlands,Zandvoort,Europe,4.259,72,2018-01-22,Wet,True,SAR,Logan Sargeant,Williams,USA,18,20,18,0,3,False,True,6024.6,82.639,Soft,2,100.41,False
12,2018,12,Netherlands,Zandvoort,Europe,4.259,72,2018-01-22,Wet,True,BOT,Valtteri Bottas,Alfa Romeo,Finland,29,1,1,26,3,True,False,5970.7,81.734,Medium,0,99.51,True
12,2018,12,Netherlands,Zandvoort,Europe,4.259,72,2018-01-22,Wet,True,NOR,Lando Norris,McLaren,Great Britain,18,20,16,0,1,False,True,6024.6,82.33,Medium,4,100.41,False
12,2018,12,Netherlands,Zandvoort,Europe,4.259,72,2018-01-22,Wet,True,OCO,Esteban Ocon,Alpine,France,22,11,9,2,2,False,False,5994.7,81.08,Medium,2,99.91,True
12,2018,12,Netherlands,Zandvoort,Europe,4.259,72,2018-01-22,Wet,True,SAI,Carlos Sainz,Ferrari,Spain,24,11,12,0,2,False,False,6016.0,84.79,Soft,-1,100.27,False
12,2018,12,Netherlands,Zandvoort,Europe,4.259,72,2018-01-22,Wet,True,LEC,Charles Leclerc,Ferrari,Monaco,21,7,4,12,2,False,False,6002.1,81.385,Soft,3,100.04,True
12,2018,12,Netherlands,Zandvoort,Europe,4.259,72,2018-01-22,Wet,True,ALO,Fernando Alonso,Aston Martin,Spain,37,10,14,0,2,False,False,6026.2,81.816,Medium,-4,100.44,False
12,2018,12,Netherlands,Zandvoort,Europe,4.259,72,2018-01-22,Wet,True,RUS,George Russell,Mercedes,Great Britain,20,2,6,8,2,False,False,6003.8,85.208,Medium,-4,100.06,True
12,2018,12,Netherlands,Zandvoort,Europe,4.259,72,2018-01-22,Wet,True,MAG,Kevin Magnussen,Haas,Denmark,26,10,10,1,2,False,False,6028.2,83.705,Soft,0,100.47,True
12,2018,12,Netherlands,Zandvoort,Europe,4.259,72,2018-01-22,Wet,True,GAS,Pierre Gasly,Alpine,France,22,2,7,6,2,False,False,6007.5,82.597,Soft,-5,100.12,True
12,2018,12,Netherlands,Zandvoort,Europe,4.259,72,2018-01-22,Wet,True,HAM,Lewis Hamilton,Mercedes,Great Britain,33,10,8,4,2,False,False,6000.0,81.987,Soft,2,100.0,True
13,2018,13,Italy,Monza,Europe,5.793,53,2018-02-15,Mixed,False,PER,Sergio Perez,Red Bull Racing,Mexico,28,6,6,8,2,False,False,5991.3,113.534,Soft,0,99.86,True
13,2018,13,Italy,Monza,Europe,5.793,53,2018-02-15,Mixed,False,SAI,Carlos Sainz,Ferrari,Spain,24,1,3,15,3,False,False,5989.8,112.144,Medium,-2,99.83,True
13,2018,13,Italy,Monza,Europe,5.793,53,2018-02-15,Mixed,False,ALB,Alexander Albon,Williams,Thailand,22,15,16,0,2,False,False,6034.9,113.474,Medium,-1,100.58,False
13,2018,13,Italy,Monza,Europe,5.793,53,2018-02-15,Mixed,False,BOT,Valtteri Bottas,Alfa Romeo,Finland,29,19,14,0,3,False,False,6042.5,111.37,Medium,5,100.71,False
13,2018,13,Italy,Monza,Europe,5.793,53,2018-02-15,Mixed,False,GAS,Pierre Gasly,Alpine,France,22,5,2,18,2,False,False,6002.4,112.21,Hard,3,100.04,True
13,2018,13,Italy,Monza,Europe,5.793,53,2018-02-15,Mixed,False,MAG,Kevin Magnussen,Haas,Denmark,26,4,1,26,2,True,False,5995.8,115.675,Medium,3,99.93,True
13,2018,13,Italy,Monza,Europe,5.793,53,2018-02-15,Mixed,False,RUS,George Russell,Mercedes,Great Britain,20,9,7,6,2,False,False,6011.2,114.909,Soft,2,100.19,True
13,2018,13,Italy,Monza,Europe,5.793,53,2018-02-15,Mixed,False,ZHO,Guanyu Zhou,Alfa Romeo,China,19,20,18,0,3,False,False,6074.7,112.066,Medium,2,101.24,False
13,2018,13,Italy,Monza,Europe,5.793,53,2018-02-15,Mixed,False,NOR,Lando Norris,McLaren,Great Britain,18,17,20,0,3,False,False,6075.7,110.686,Soft,-3,101.26,False
13,2018,13,Italy,Monza,Europe,5.793,53,2018-02-15,Mixed,False,OCO,Esteban Ocon,Alpine,France,22,4,4,13,2,True,False,6005.5,112.23,Hard,0,100.09,True
13,2018,13,Italy,Monza,Europe,5.793,53,2018-02-15,Mixed,False,VER,Max Verstappen,Red Bull Racing,Netherlands,20,12,9,2,2,False,False,6011.4,113.844,Soft,3,100.19,True
13,2018,13,Italy,Monza,Europe,5.793,53,2018-02-15,Mixed,False,DEV,Nyck de Vries,AlphaTauri,Netherlands,23,11,13,0,2,False,False,6029.7,112.072,Hard,-2,100.49,False
13,2018,13,Italy,Monza,Europe,5.793,53,2018-02-15,Mixed,False,LEC,Charles Leclerc,Ferrari,Monaco,21,20,17,0,2,False,False,6024.6,114.049,Soft,3,100.41,False
13,2018,13,Italy,Monza,Europe,5.793,53,2018-02-15,Mixed,False,TSU,Yuki Tsunoda,AlphaTauri,Japan,18,12,15,0,2,False,False,6022.5,112.395,Medium,-3,100.38,False
13,2018,13,Italy,Monza,Europe,5.793,53,2018-02-15,Mixed,False,SAR,Logan Sargeant,Williams,USA,18,20,20,0,1,False,True,6024.6,112.817,Soft,0,100.41,False
13,2018,13,Italy,Monza,Europe,5.793,53,2018-02-15,Mixed,False,MSC,Mick Schumacher,Haas,Germany,19,13,10,1,3,False,False,6035.3,113.775,Medium,3,100.59,True
13,2018,13,Italy,Monza,Europe,5.793,53,2018-02-15,Mixed,False,HAM,Lewis Hamilton,Mercedes,Great Britain,33,10,12,0,3,False,False,6041.2,112.16,Soft,-2,100.69,False
13,2018,13,Italy,Monza,Europe,5.793,53,2018-02-15,Mixed,False,HUL,Nico Hulkenberg,Haas,Germany,31,14,11,0,2,False,False,6021.1,110.136,Soft,3,100.35,False
13,2018,13,Italy,Monza,Europe,5.793,53,2018-02-15,Mixed,False,ALO,Fernando Alonso,Aston Martin,Spain,37,14,19,0,3,False,True,6024.6,114.389,Soft,-5,100.41,False
13,2018,13,Italy,Monza,Europe,5.793,53,2018-02-15,Mixed,False,STR,Lance Stroll,Aston Martin,Canada,20,17,19,0,2,False,False,6046.1,110.524,Soft,-2,100.77,False
14,2018,14,Singapore,Marina Bay,Asia Pacific,5.063,61,2018-03-12,Dry,True,OCO,Esteban Ocon,Alpine,France,22,20,17,0,2,False,True,6024.6,98.57,Hard,3,100.41,False
14,2018,14,Singapore,Marina Bay,Asia Pacific,5.063,61,2018-03-12,Dry,True,GAS,Pierre Gasly,Alpine,France,22,19,17,0,1,False,False,6050.9,98.398,Medium,2,100.85,False
14,2018,14,Singapore,Marina Bay,Asia Pacific,5.063,61,2018-03-12,Dry,True,TSU,Yuki Tsunoda,AlphaTauri,Japan,18,5,10,1,1,False,False,6059.3,100.467,Medium,-5,100.99,True
14,2018,14,Singapore,Marina Bay,Asia Pacific,5.063,61,2018-03-12,Dry,True,BOT,Valtteri Bottas,Alfa Romeo,Finland,29,8,5,10,2,False,False,6060.0,99.207,Hard,3,101.0,True
14,2018,14,Singapore,Marina Bay,Asia Pacific,5.063,61,2018-03-12,Dry,True,SAI,Carlos Sainz,Ferrari,Spain,24,2,1,26,2,True,False,6017.3,100.003,Hard,1,100.29,True
14,2018,14,Singapore,Marina Bay,Asia Pacific,5.063,61,2018-03-12,Dry,True,SAR,Logan Sargeant,Williams,USA,18,6,11,0,3,False,False,6060.0,101.58,Medium,-5,101.0,False
14,2018,14,Singapore,Marina Bay,Asia Pacific,5.063,61,2018-03-12,Dry,True,MAG,Kevin Magnussen,Haas,Denmark,26,4,9,2,2,False,False,6059.2,99.597,Hard,-5,100.99,True
14,2018,14,Singapore,Marina Bay,Asia Pacific,5.063,61,2018-03-12,Dry,True,ALB,Alexander Albon,Williams,Thailand,22,6,8,4,2,False,False,6041.2,98.946,Medium,-2,100.69,True
14,2018,14,Singapore,Marina Bay,Asia Pacific,5.063,61,2018-03-12,Dry,True,MSC,Mick Schumacher,Haas,Germany,19,5,2,18,2,False,False,6014.6,98.412,Hard,3,100.24,True
14,2018,14,Singapore,Marina Bay,Asia Pacific,5.063,61,2018-03-12,Dry,True,RUS,George Russell,Mercedes,Great Britain,20,13,16,0,2,False,True,6024.6,100.568,Hard,-3,100.41,False
14,2018,14,Singapore,Marina Bay,Asia Pacific,5.063,61,2018-03-12,Dry,True,ZHO,Guanyu Zhou,Alfa Romeo,China,19,3,3,15,2,False,False,6037.2,100.158,Hard,0,100.62,True
14,2018,14,Singapore,Marina Bay,Asia Pacific,5.063,61,2018-03-12,Dry,True,PER,Sergio Perez,Red Bull Racing,Mexico,28,14,15,0,2,False,False,6024.6,99.204,Soft,-1,100.41,False
14,2018,14,Singapore,Marina Bay,Asia Pacific,5.063,61,2018-03-12,Dry,True,DEV,Nyck de Vries,AlphaTauri,Netherlands,23,20,20,0,2,False,False,6103.4,95.789,Hard,0,101.72,False
14,2018,14,Singapore,Marina Bay,Asia Pacific,5.063,61,2018-03-12,Dry,True,VER,Max Verstappen,Red Bull Racing,Netherlands,20,14,18,0,2,False,False,6082.9,97.621,Medium,-4,101.38,False
14,2018,14,Singapore,Marina Bay,Asia Pacific,5.063,61,2018-03-12,Dry,True,ALO,Fernando Alonso,Aston Martin,Spain,37,20,16,0,2,False,False,6057.8,102.015,Medium,4,100.96,False
14,2018,14,Singapore,Marina Bay,Asia Pacific,5.063,61,2018-03-12,Dry,True,HAM,Lewis Hamilton,Mercedes,Great Britain,33,13,12,0,2,False,False,6059.3,98.611,Soft,1,100.99,False
14,2018,14,Singapore,Marina Bay,Asia Pacific,5.063,61,2018-03-12,Dry,True,HUL,Nico Hulkenberg,Haas,Germany,31,4,7,7,1,True,False,6058.6,98.266,Medium,-3,100.98,True
14,2018,14,Singapore,Marina Bay,Asia Pacific,5.063,61,2018-03-12,Dry,True,LEC,Charles Leclerc,Ferrari,Monaco,21,1,4,12,2,False,False,6025.7,98.503,Hard,-3,100.43,True
14,2018,14,Singapore,Marina Bay,Asia Pacific,5.063,61,2018-03-12,Dry,True,NOR,Lando Norris,McLaren,Great Britain,18,20,19,0,1,False,False,6119.5,101.0,Hard,1,101.99,False
14,2018,14,Singapore,Marina Bay,Asia Pacific,5.063,61,2018-03-12,Dry,True,STR,Lance Stroll,Aston Martin,Canada,20,11,6,8,1,False,False,6044.9,97.056,Soft,5,100.75,True
15,2018,15,Japan,Suzuka,Asia Pacific,5.807,53,2018-04-18,Dry,True,ALO,Fernando Alonso,Aston Martin,Spain,37,8,10,1,2,False,False,6016.7,113.282,Medium,-2,100.28,True
15,2018,15,Japan,Suzuka,Asia Pacific,5.807,53,2018-04-18,Dry,True,GAS,Pierre Gasly,Alpine,France,22,11,14,0,2,False,False,6054.1,111.627,Medium,-3,100.9,False
15,2018,15,Japan,Suzuka,Asia Pacific,5.807,53,2018-04-18,Dry,True,HUL,Nico Hulkenberg,Haas,Germany,31,20,19,0,2,False,False,6083.9,111.883,Medium,1,101.4,False
15,2018,15,Japan,Suzuka,Asia Pacific,5.807,53,2018-04-18,Dry,True,MAG,Kevin Magnussen,Haas,Denmark,26,19,20,0,2,False,False,6024.6,113.191,Medium,-1,100.41,False
15,2018,15,Japan,Suzuka,Asia Pacific,5.807,53,2018-04-18,Dry,True,TSU,Yuki Tsunoda,AlphaTauri,Japan,18,10,11,0,1,False,False,6008.6,112.345,Medium,-1,100.14,False
15,2018,15,Japan,Suzuka,Asia Pacific,5.807,53,2018-04-18,Dry,True,ZHO,Guanyu Zhou,Alfa Romeo,China,19,10,12,0,3,False,False,6038.0,114.169,Hard,-2,100.63,False
15,2018,15,Japan,Suzuka,Asia Pacific,5.807,53,2018-04-18,Dry,True,DEV,Nyck de Vries,AlphaTauri,Netherlands,23,13,8,4,2,False,False,6048.5,110.577,Medium,5,100.81,True
15,2018,15,Japan,Suzuka,Asia Pacific,5.807,53,2018-04-18,Dry,True,VER,Max Verstappen,Red Bull Racing,Netherlands,20,1,3,15,3,False,False,6008.0,117.31,Medium,-2,100.13,True
15,2018,15,Japan,Suzuka,Asia Pacific,5.807,53,2018-04-18,Dry,True,STR,Lance Stroll,Aston Martin,Canada,20,14,19,0,2,False,True,6024.6,115.158,Medium,-5,100.41,False
15,2018,15,Japan,Suzuka,Asia Pacific,5.807,53,2018-04-18,Dry,True,HAM,Lewis Hamilton,Mercedes,Great Britain,33,20,20,0,2,False,True,6024.6,111.702,Soft,0,100.41,False
15,2018,15,Japan,Suzuka,Asia Pacific,5.807,53,2018-04-18,Dry,True,NOR,Lando Norris,McLaren,Great Britain,18,5,6,8,2,False,False,6018.9,116.172,Medium,-1,100.32,True
15,2018,15,Japan,Suzuka,Asia Pacific,5.807,53,2018-04-18,Dry,True,RUS,George Russell,Mercedes,Great Britain,20,13,17,0,1,False,True,6024.6,112.296,Medium,-4,100.41,False
15,2018,15,Japan,Suzuka,Asia Pacific,5.807,53,2018-04-18,Dry,True,PER,Sergio Perez,Red Bull Racing,Mexico,28,4,1,26,1,True,False,6017.9,112.433,Medium,3,100.3,True
15,2018,15,Japan,Suzuka,Asia Pacific,5.807,53,2018-04-18,Dry,True,LEC,Charles Leclerc,Ferrari,Monaco,21,5,9,2,2,False,False,6035.2,113.507,Soft,-4,100.59,True
15,2018,15,Japan,Suzuka,Asia Pacific,5.807,53,2018-04-18,Dry,True,ALB,Alexander Albon,Williams,Thailand,22,14,18,0,1,False,False,6040.0,110.776,Soft,-4,100.67,False
15,2018,15,Japan,Suzuka,Asia Pacific,5.807,53,2018-04-18,Dry,True,BOT,Valtteri Bottas,Alfa Romeo,Finland,29,1,5,10,3,False,False,6024.1,112.163,Soft,-4,100.4,True
15,2018,15,Japan,Suzuka,Asia Pacific,5.807,53,2018-04-18,Dry,True,MSC,Mick Schumacher,Haas,Germany,19,6,4,12,1,False,False,6004.1,110.825,Medium,2,100.07,True
15,2018,15,Japan,Suzuka,Asia Pacific,5.807,53,2018-04-18,Dry,True,SAR,Logan Sargeant,Williams,USA,18,15,16,0,2,False,False,6067.0,112.819,Soft,-1,101.12,False
15,2018,15,Japan,Suzuka,Asia Pacific,5.807,53,2018-04-18,Dry,True,SAI,Carlos Sainz,Ferrari,Spain,24,17,13,0,2,False,False,6026.3,112.627,Medium,4,100.44,False
15,2018,15,Japan,Suzuka,Asia Pacific,5.807,53,2018-04-18,Dry,True,OCO,Esteban Ocon,Alpine,France,22,15,17,0,2,False,False,6063.9,112.263,Medium,-2,101.06,False
16,2018,16,United States,Austin,Americas,5.513,56,2018-05-15,Dry,False,LEC,Charles Leclerc,Ferrari,Monaco,21,9,14,0,2,False,False,6078.8,107.335,Medium,-5,101.31,False
16,2018,16,United States,Austin,Americas,5.513,56,2018-05-15,Dry,False,GAS,Pierre Gasly,Alpine,France,22,18,19,0,2,False,True,6024.6,103.845,Hard,-1,100.41,False
16,2018,16,United States,Austin,Americas,5.513,56,2018-05-15,Dry,False,SAI,Carlos Sainz,Ferrari,Spain,24,7,4,12,1,False,False,6021.7,106.634,Soft,3,100.36,True
16,2018,16,United States,Austin,Americas,5.513,56,2018-05-15,Dry,False,OCO,Esteban Ocon,Alpine,France,22,5,2,18,1,False,False,6045.3,108.427,Medium,3,100.76,True
16,2018,16,United States,Austin,Americas,5.513,56,2018-05-15,Dry,False,RUS,George Russell,Mercedes,Great Britain,20,3,7,7,2,True,False,6032.2,107.936,Medium,-4,100.54,True
16,2018,16,United States,Austin,Americas,5.513,56,2018-05-15,Dry,False,MAG,Kevin Magnussen,Haas,Denmark,26,10,10,1,2,False,False,6045.9,109.936,Soft,0,100.76,True
16,2018,16,United States,Austin,Americas,5.513,56,2018-05-15,Dry,False,VER,Max Verstappen,Red Bull Racing,Netherlands,20,16,20,0,2,False,False,6114.2,108.96,Medium,-4,101.9,False
16,2018,16,United States,Austin,Americas,5.513,56,2018-05-15,Dry,False,NOR,Lando Norris,McLaren,Great Britain,18,20,19,0,2,False,True,6024.6,104.285,Hard,1,100.41,False
16,2018,16,United States,Austin,Americas,5.513,56,2018-05-15,Dry,False,STR,Lance Stroll,Aston Martin,Canada,20,1,1,26,1,True,False,6045.9,107.848,Hard,0,100.76,True
16,2018,16,United States,Austin,Americas,5.513,56,2018-05-15,Dry,False,HUL,Nico Hulkenberg,Haas,Germany,31,13,13,0,3,True,False,6077.9,108.258,Medium,0,101.3,False
16,2018,16,United States,Austin,Americas,5.513,56,2018-05-15,Dry,False,SAR,Logan Sargeant,Williams,USA,18,11,11,0,2,False,False,6058.9,107.387,Medium,0,100.98,False
16,2018,16,United States,Austin,Americas,5.513,56,2018-05-15,Dry,False,MSC,Mick Schumacher,Haas,Germany,19,16,16,0,1,False,False,6071.3,104.959,Soft,0,101.19,False
16,2018,16,United States,Austin,Americas,5.513,56,2018-05-15,Dry,False,HAM,Lewis Hamilton,Mercedes,Great Britain,33,20,19,0,1,False,True,6024.6,108.513,Medium,1,100.41,False
16,2018,16,United States,Austin,Americas,5.513,56,2018-05-15,Dry,False,TSU,Yuki Tsunoda,AlphaTauri,Japan,18,3,5,11,2,True,False,6041.5,104.261,Medium,-2,100.69,True
16,2018,16,United States,Austin,Americas,5.513,56,2018-05-15,Dry,False,DEV,Nyck de Vries,AlphaTauri,Netherlands,23,20,19,0,2,False,False,6098.2,108.037,Medium,1,101.64,False
16,2018,16,United States,Austin,Americas,5.513,56,2018-05-15,Dry,False,PER,Sergio Perez,Red Bull Racing,Mexico,28,10,9,2,1,False,False,6039.3,105.102,Medium,1,100.66,True
16,2018,16,United States,Austin,Americas,5.513,56,2018-05-15,Dry,False,BOT,Valtteri Bottas,Alfa Romeo,Finland,29,13,8,4,1,False,False,6048.6,107.731,Hard,5,100.81,True
16,2018,16,United States,Austin,Americas,5.513,56,2018-05-15,Dry,False,ALB,Alexander Albon,Williams,Thailand,22,20,17,0,1,False,False,6069.9,107.195,Hard,3,101.16,False
16,2018,16,United States,Austin,Americas,5.513,56,2018-05-15,Dry,False,ALO,Fernando Alonso,Aston Martin,Spain,37,11,6,8,3,False,False,6027.1,105.798,Soft,5,100.45,True
16,2018,16,United States,Austin,Americas,5.513,56,2018-05-15,Dry,False,ZHO,Guanyu Zhou,Alfa Romeo,China,19,20,18,0,2,False,False,6079.6,108.461,Medium,2,101.33,False
17,2018,17,Mexico,Mexico City,Americas,4.304,71,2018-06-17,Mixed,False,ALB,Alexander Albon,Williams,Thailand,22,17,17,0,2,False,False,6020.2,81.663,Medium,0,100.34,False
17,2018,17,Mexico,Mexico City,Americas,4.304,71,2018-06-17,Mixed,False,LEC,Charles Leclerc,Ferrari,Monaco,21,8,10,1,2,False,False,5994.2,84.567,Soft,-2,99.9,True
17,2018,17,Mexico,Mexico City,Americas,4.304,71,2018-06-17,Mixed,False,NOR,Lando Norris,McLaren,Great Britain,18,9,9,2,1,False,False,6008.0,104.285,Medium,0,100.13,True
17,2018,17,Mexico,Mexico City,Americas,4.304,71,2018-06-17,Mixed,False,MAG,Kevin Magnussen,Haas,Denmark,26,4,5,10,2,False,False,5984.6,84.623,Soft,-1,99.74,True
17,2018,17,Mexico,Mexico City,Americas,4.304,71,2018-06-17,Mixed,False,DEV,Nyck de Vries,AlphaTauri,Netherlands,23,10,7,6,2,False,False,5976.6,85.251,Medium,3,99.61,True
17,2018,17,Mexico,Mexico City,Americas,4.304,71,2018-06-17,Mixed,False,PER,Sergio Perez,Red Bull Racing,Mexico,28,16,19,0,2,False,False,6024.6,89.172,Soft,-3,100.41,False
17,2018,17,Mexico,Mexico City,Americas,4.304,71,2018-06-17,Mixed,False,ALO,Fernando Alonso,Aston Martin,Spain,37,3,4,12,2,False,False,5966.5,81.371,Medium,-1,99.44,True
17,2018,17,Mexico,Mexico City,Americas,4.304,71,2018-06-17,Mixed,False,MSC,Mick Schumacher,Haas,Germany,19,18,14,0,1,False,False,6018.8,82.111,Hard,4,100.31,False
17,2018,17,Mexico,Mexico City,Americas,4.304,71,2018-06-17,Mixed,False,TSU,Yuki Tsunoda,AlphaTauri,Japan,18,20,18,0,3,False,False,6033.1,82.722,Hard,2,100.55,False
17,2018,17,Mexico,Mexico City,Americas,4.304,71,2018-06-17,Mixed,False,HUL,Nico Hulkenberg,Haas,Germany,31,1,2,18,2,False,False,5995.6,81.618,Soft,-1,99.93,True
17,2018,17,Mexico,Mexico City,Americas,4.304,71,2018-06-17,Mixed,False,BOT,Valtteri Bottas,Alfa Romeo,Finland,29,16,15,0,3,False,False,6009.1,85.247,Medium,1,100.15,False
17,2018,17,Mexico,Mexico City,Americas,4.304,71,2018-06-17,Mixed,False,SAI,Carlos Sainz,Ferrari,Spain,24,1,1,26,2,True,False,5962.2,81.751,Medium,0,99.37,True
17,2018,17,Mexico,Mexico City,Americas,4.304,71,2018-06-17,Mixed,False,OCO,Esteban Ocon,Alpine,France,22,11,16,0,2,False,False,6010.1,84.066,Medium,-5,100.17,False
17,2018,17,Mexico,Mexico City,Americas,4.304,71,2018-06-17,Mixed,False,ZHO,Guanyu Zhou,Alfa Romeo,China,19,15,11,0,2,False,False,6003.5,104.285,Hard,4,100.06,False
17,2018,17,Mexico,Mexico City,Americas,4.304,71,2018-06-17,Mixed,False,HAM,Lewis Hamilton,Mercedes,Great Britain,33,19,20,0,1,False,False,6047.6,79.541,Medium,-1,100.79,False
17,2018,17,Mexico,Mexico City,Americas,4.304,71,2018-06-17,Mixed,False,SAR,Logan Sargeant,Williams,USA,18,10,12,0,3,False,False,6001.4,82.914,Soft,-2,100.02,False
17,2018,17,Mexico,Mexico City,Americas,4.304,71,2018-06-17,Mixed,False,RUS,George Russell,Mercedes,Great Britain,20,7,8,4,3,False,False,5999.2,85.754,Medium,-1,99.99,True
17,2018,17,Mexico,Mexico City,Americas,4.304,71,2018-06-17,Mixed,False,VER,Max Verstappen,Red Bull Racing,Netherlands,20,7,6,8,2,False,False,5986.8,83.231,Soft,1,99.78,True
17,2018,17,Mexico,Mexico City,Americas,4.304,71,2018-06-17,Mixed,False,GAS,Pierre Gasly,Alpine,France,22,7,3,15,1,False,False,5992.9,84.309,Medium,4,99.88,True
17,2018,17,Mexico,Mexico City,Americas,4.304,71,2018-06-17,Mixed,False,STR,Lance Stroll,Aston Martin,Canada,20,10,15,0,2,False,True,6024.6,84.648,Medium,-5,100.41,False
18,2018,18,Brazil,Sao Paulo,Americas,4.309,71,2018-07-20,Dry,True,MSC,Mick Schumacher,Haas,Germany,19,16,18,0,2,False,False,6038.8,84.017,Medium,-2,100.65,False
18,2018,18,Brazil,Sao Paulo,Americas,4.309,71,2018-07-20,Dry,True,GAS,Pierre Gasly,Alpine,France,22,15,12,0,1,False,False,6014.6,83.935,Medium,3,100.24,False
18,2018,18,Brazil,Sao Paulo,Americas,4.309,71,2018-07-20,Dry,True,ZHO,Guanyu Zhou,Alfa Romeo,China,19,5,8,4,2,False,False,6014.1,80.526,Hard,-3,100.24,True
18,2018,18,Brazil,Sao Paulo,Americas,4.309,71,2018-07-20,Dry,True,SAR,Logan Sargeant,Williams,USA,18,11,15,0,3,False,False,6013.8,84.656,Hard,-4,100.23,False
18,2018,18,Brazil,Sao Paulo,Americas,4.309,71,2018-07-20,Dry,True,BOT,Valtteri Bottas,Alfa Romeo,Finland,29,11,10,1,2,False,False,6010.1,85.615,Hard,1,100.17,True
18,2018,18,Brazil,Sao Paulo,Americas,4.309,71,2018-07-20,Dry,True,TSU,Yuki Tsunoda,AlphaTauri,Japan,18,15,20,0,2,False,False,6026.2,104.285,Hard,-5,100.44,False
18,2018,18,Brazil,Sao Paulo,Americas,4.309,71,2018-07-20,Dry,True,PER,Sergio Perez,Red Bull Racing,Mexico,28,1,1,26,2,True,False,5966.5,85.539,Soft,0,99.44,True
18,2018,18,Brazil,Sao Paulo,Americas,4.309,71,2018-07-20,Dry,True,OCO,Esteban Ocon,Alpine,France,22,1,3,15,2,False,False,5966.4,86.746,Hard,-2,99.44,True
18,2018,18,Brazil,Sao Paulo,Americas,4.309,71,2018-07-20,Dry,True,HAM,Lewis Hamilton,Mercedes,Great Britain,33,7,5,10,1,False,False,5996.1,85.077,Hard,2,99.94,True
18,2018,18,Brazil,Sao Paulo,Americas,4.309,71,2018-07-20,Dry,True,ALO,Fernando Alonso,Aston Martin,Spain,37,15,11,0,3,True,False,6001.8,84.662,Soft,4,100.03,False
18,2018,18,Brazil,Sao Paulo,Americas,4.309,71,2018-07-20,Dry,True,MAG,Kevin Magnussen,Haas,Denmark,26,5,4,12,2,False,False,5970.6,86.296,Soft,1,99.51,True
18,2018,18,Brazil,Sao Paulo,Americas,4.309,71,2018-07-20,Dry,True,ALB,Alexander Albon,Williams,Thailand,22,14,14,0,2,False,False,5993.1,83.9,Soft,0,99.88,False
18,2018,18,Brazil,Sao Paulo,Americas,4.309,71,2018-07-20,Dry,True,NOR,Lando Norris,McLaren,Great Britain,18,4,6,8,3,False,False,5992.0,82.247,Medium,-2,99.87,True
18,2018,18,Brazil,Sao Paulo,Americas,4.309,71,2018-07-20,Dry,True,LEC,Charles Leclerc,Ferrari,Monaco,21,20,16,0,2,True,False,6040.5,86.273,Medium,4,100.68,False
18,2018,18,Brazil,Sao Paulo,Americas,4.309,71,2018-07-20,Dry,True,STR,Lance Stroll,Aston Martin,Canada,20,17,19,0,2,False,False,6055.4,85.254,Hard,-2,100.92,False
18,2018,18,Brazil,Sao Paulo,Americas,4.309,71,2018-07-20,Dry,True,DEV,Nyck de Vries,AlphaTauri,Netherlands,23,8,13,0,2,False,False,6015.5,83.703,Soft,-5,100.26,False
18,2018,18,Brazil,Sao Paulo,Americas,4.309,71,2018-07-20,Dry,True,VER,Max Verstappen,Red Bull Racing,Netherlands,20,13,9,2,2,False,False,6005.0,81.729,Medium,4,100.08,True
18,2018,18,Brazil,Sao Paulo,Americas,4.309,71,2018-07-20,Dry,True,HUL,Nico Hulkenberg,Haas,Germany,31,1,2,18,2,False,False,5956.0,84.995,Medium,-1,99.27,True
18,2018,18,Brazil,Sao Paulo,Americas,4.309,71,2018-07-20,Dry,True,RUS,George Russell,Mercedes,Great Britain,20,20,17,0,2,False,False,6037.7,83.828,Hard,3,100.63,False
18,2018,18,Brazil,Sao Paulo,Americas,4.309,71,2018-07-20,Dry,True,SAI,Carlos Sainz,Ferrari,Spain,24,8,7,6,2,False,False,5967.4,84.421,Soft,1,99.46,True
19,2018,19,Abu Dhabi,Yas Marina,Middle East,5.281,55,2018-08-23,Dry,False,SAR,Logan Sargeant,Williams,USA,18,11,9,2,2,False,False,5699.6,100.403,Medium,2,94.99,True
19,2018,19,Abu Dhabi,Yas Marina,Middle East,5.281,55,2018-08-23,Dry,False,STR,Lance Stroll,Aston Martin,Canada,20,16,20,0,2,False,False,5730.3,104.478,Medium,-4,95.51,False
19,2018,19,Abu Dhabi,Yas Marina,Middle East,5.281,55,2018-08-23,Dry,False,NOR,Lando Norris,McLaren,Great Britain,18,13,12,0,2,True,False,5718.8,102.155,Soft,1,95.31,False
19,2018,19,Abu Dhabi,Yas Marina,Middle East,5.281,55,2018-08-23,Dry,False,ALB,Alexander Albon,Williams,Thailand,22,1,5,10,1,False,False,5681.1,104.169,Medium,-4,94.68,True
19,2018,19,Abu Dhabi,Yas Marina,Middle East,5.281,55,2018-08-23,Dry,False,PER,Sergio Perez,Red Bull Racing,Mexico,28,13,15,0,3,False,False,5717.7,105.211,Medium,-2,95.3,False
19,2018,19,Abu Dhabi,Yas Marina,Middle East,5.281,55,2018-08-23,Dry,False,RUS,George Russell,Mercedes,Great Britain,20,20,18,0,2,False,False,5738.6,102.823,Hard,2,95.64,False
19,2018,19,Abu Dhabi,Yas Marina,Middle East,5.281,55,2018-08-23,Dry,False,BOT,Valtteri Bottas,Alfa Romeo,Finland,29,6,2,18,3,False,False,5686.0,101.977,Medium,4,94.77,True
19,2018,19,Abu Dhabi,Yas Marina,Middle East,5.281,55,2018-08-23,Dry,False,ZHO,Guanyu Zhou,Alfa Romeo,China,19,16,19,0,2,False,True,6024.6,101.629,Medium,-3,100.41,False
19,2018,19,Abu Dhabi,Yas Marina,Middle East,5.281,55,2018-08-23,Dry,False,MSC,Mick Schumacher,Haas,Germany,19,19,16,0,3,False,False,5721.5,105.151,Soft,3,95.36,False
19,2018,19,Abu Dhabi,Yas Marina,Middle East,5.281,55,2018-08-23,Dry,False,OCO,Esteban Ocon,Alpine,France,22,12,11,0,2,False,False,5674.8,102.429,Medium,1,94.58,False
19,2018,19,Abu Dhabi,Yas Marina,Middle East,5.281,55,2018-08-23,Dry,False,LEC,Charles Leclerc,Ferrari,Monaco,21,8,8,4,2,False,False,5698.0,103.909,Soft,0,94.97,True
19,2018,19,Abu Dhabi,Yas Marina,Middle East,5.281,55,2018-08-23,Dry,False,DEV,Nyck de Vries,AlphaTauri,Netherlands,23,10,7,6,2,False,False,5694.7,104.285,Soft,3,94.91,True
19,2018,19,Abu Dhabi,Yas Marina,Middle East,5.281,55,2018-08-23,Dry,False,HUL,Nico Hulkenberg,Haas,Germany,31,1,1,26,1,True,False,6024.6,101.632,Soft,0,100.41,True
19,2018,19,Abu Dhabi,Yas Marina,Middle East,5.281,55,2018-08-23,Dry,False,ALO,Fernando Alonso,Aston Martin,Spain,37,3,6,8,2,False,False,5691.5,103.148,Medium,-3,94.86,True
19,2018,19,Abu Dhabi,Yas Marina,Middle East,5.281,55,2018-08-23,Dry,False,HAM,Lewis Hamilton,Mercedes,Great Britain,33,5,10,1,1,False,False,5691.1,104.285,Medium,-5,94.85,True
19,2018,19,Abu Dhabi,Yas Marina,Middle East,5.281,55,2018-08-23,Dry,False,MAG,Kevin Magnussen,Haas,Denmark,26,5,3,15,2,False,False,5675.7,101.459,Medium,2,94.6,True
19,2018,19,Abu Dhabi,Yas Marina,Middle East,5.281,55,2018-08-23,Dry,False,GAS,Pierre Gasly,Alpine,France,22,13,14,0,3,False,False,5693.6,102.27,Medium,-1,94.89,False
19,2018,19,Abu Dhabi,Yas Marina,Middle East,5.281,55,2018-08-23,Dry,False,SAI,Carlos Sainz,Ferrari,Spain,24,18,13,0,2,False,False,5714.2,104.521,Medium,5,95.24,False
19,2018,19,Abu Dhabi,Yas Marina,Middle East,5.281,55,2018-08-23,Dry,False,TSU,Yuki Tsunoda,AlphaTauri,Japan,18,1,4,12,3,False,False,5704.3,103.4,Soft,-3,95.07,True
19,2018,19,Abu Dhabi,Yas Marina,Middle East,5.281,55,2018-08-23,Dry,False,VER,Max Verstappen,Red Bull Racing,Netherlands,20,16,19,0,2,False,False,5703.2,103.379,Soft,-3,95.05,False
20,2018,20,China,Shanghai,Asia Pacific,5.451,56,2018-09-14,Dry,False,LEC,Charles Leclerc,Ferrari,Monaco,21,9,5,10,2,False,False,5997.3,103.804,Medium,4,99.96,True
20,2018,20,China,Shanghai,Asia Pacific,5.451,56,2018-09-14,Dry,False,PER,Sergio Perez,Red Bull Racing,Mexico,28,20,20,0,2,False,False,6045.1,105.093,Hard,0,100.75,False
20,2018,20,China,Shanghai,Asia Pacific,5.451,56,2018-09-14,Dry,False,OCO,Esteban Ocon,Alpine,France,22,9,9,2,2,False,False,6005.6,107.107,Medium,0,100.09,True
20,2018,20,China,Shanghai,Asia Pacific,5.451,56,2018-09-14,Dry,False,TSU,Yuki Tsunoda,AlphaTauri,Japan,18,20,17,0,2,False,False,5986.5,105.171,Soft,3,99.78,False
20,2018,20,China,Shanghai,Asia Pacific,5.451,56,2018-09-14,Dry,False,DEV,Nyck de Vries,AlphaTauri,Netherlands,23,14,19,0,3,False,False,5997.9,105.739,Medium,-5,99.96,False
20,2018,20,China,Shanghai,Asia Pacific,5.451,56,2018-09-14,Dry,False,ALB,Alexander Albon,Williams,Thailand,22,12,12,0,2,False,False,5978.3,106.046,Medium,0,99.64,False
20,2018,20,China,Shanghai,Asia Pacific,5.451,56,2018-09-14,Dry,False,SAI,Carlos Sainz,Ferrari,Spain,24,1,1,26,1,True,False,5966.9,108.274,Medium,0,99.45,True
20,2018,20,China,Shanghai,Asia Pacific,5.451,56,2018-09-14,Dry,False,VER,Max Verstappen,Red Bull Racing,Netherlands,20,14,16,0,2,False,False,5988.0,106.989,Medium,-2,99.8,False
20,2018,20,China,Shanghai,Asia Pacific,5.451,56,2018-09-14,Dry,False,ZHO,Guanyu Zhou,Alfa Romeo,China,19,2,2,18,1,False,False,5971.7,107.403,Soft,0,99.53,True
20,2018,20,China,Shanghai,Asia Pacific,5.451,56,2018-09-14,Dry,False,GAS,Pierre Gasly,Alpine,France,22,13,13,0,2,True,False,6005.4,105.796,Medium,0,100.09,False
20,2018,20,China,Shanghai,Asia Pacific,5.451,56,2018-09-14,Dry,False,NOR,Lando Norris,McLaren,Great Britain,18,1,4,12,2,False,False,5945.0,106.396,Hard,-3,99.08,True
20,2018,20,China,Shanghai,Asia Pacific,5.451,56,2018-09-14,Dry,False,HUL,Nico Hulkenberg,Haas,Germany,31,12,7,6,1,False,False,5954.0,106.998,Hard,5,99.23,True
20,2018,20,China,Shanghai,Asia Pacific,5.451,56,2018-09-14,Dry,False,STR,Lance Stroll,Aston Martin,Canada,20,6,11,0,1,False,False,6006.6,107.198,Hard,-5,100.11,False
20,2018,20,China,Shanghai,Asia Pacific,5.451,56,2018-09-14,Dry,False,BOT,Valtteri Bottas,Alfa Romeo,Finland,29,20,20,0,1,False,True,6024.6,106.008,Medium,0,100.41,False
20,2018,20,China,Shanghai,Asia Pacific,5.451,56,2018-09-14,Dry,False,MSC,Mick Schumacher,Haas,Germany,19,18,14,0,2,False,False,6017.9,106.875,Medium,4,100.3,False
20,2018,20,China,Shanghai,Asia Pacific,5.451,56,2018-09-14,Dry,False,RUS,George Russell,Mercedes,Great Britain,20,9,6,8,2,False,False,5964.5,104.285,Soft,3,99.41,True
20,2018,20,China,Shanghai,Asia Pacific,5.451,56,2018-09-14,Dry,False,ALO,Fernando Alonso,Aston Martin,Spain,37,20,18,0,3,False,False,6017.9,107.35,Medium,2,100.3,False
20,2018,20,China,Shanghai,Asia Pacific,5.451,56,2018-09-14,Dry,False,HAM,Lewis Hamilton,Mercedes,Great Britain,33,8,3,15,3,False,False,5919.1,105.843,Hard,5,98.65,True
20,2018,20,China,Shanghai,Asia Pacific,5.451,56,2018-09-14,Dry,False,MAG,Kevin Magnussen,Haas,Denmark,26,9,10,1,3,False,False,6003.4,105.638,Soft,-1,100.06,True
20,2018,20,China,Shanghai,Asia Pacific,5.451,56,2018-09-14,Dry,False,SAR,Logan Sargeant,Williams,USA,18,16,15,0,1,False,False,6005.8,106.561,Medium,1,100.1,False
21,2018,21,Qatar,Lusail,Middle East,5.38,57,2018-10-15,Dry,True,BOT,Valtteri Bottas,Alfa Romeo,Finland,29,20,16,0,1,False,False,6046.9,105.22,Hard,4,100.78,False
21,2018,21,Qatar,Lusail,Middle East,5.38,57,2018-10-15,Dry,True,SAI,Carlos Sainz,Ferrari,Spain,24,7,9,2,2,False,False,5999.3,105.854,Soft,-2,99.99,True
21,2018,21,Qatar,Lusail,Middle East,5.38,57,2018-10-15,Dry,True,ZHO,Guanyu Zhou,Alfa Romeo,China,19,12,14,0,2,False,False,6053.0,106.209,Medium,-2,100.88,False
21,2018,21,Qatar,Lusail,Middle East,5.38,57,2018-10-15,Dry,True,OCO,Esteban Ocon,Alpine,France,22,12,7,6,2,False,False,5985.6,101.887,Medium,5,99.76,True
21,2018,21,Qatar,Lusail,Middle East,5.38,57,2018-10-15,Dry,True,LEC,Charles Leclerc,Ferrari,Monaco,21,15,17,0,2,False,False,6034.8,103.119,Medium,-2,100.58,False
21,2018,21,Qatar,Lusail,Middle East,5.38,57,2018-10-15,Dry,True,GAS,Pierre Gasly,Alpine,France,22,19,17,0,1,False,True,6024.6,105.411,Soft,2,100.41,False
21,2018,21,Qatar,Lusail,Middle East,5.38,57,2018-10-15,Dry,True,STR,Lance Stroll,Aston Martin,Canada,20,10,12,0,2,False,False,6002.4,102.788,Soft,-2,100.04,False
21,2018,21,Qatar,Lusail,Middle East,5.38,57,2018-10-15,Dry,True,MAG,Kevin Magnussen,Haas,Denmark,26,4,3,15,1,False,False,5984.7,106.232,Medium,1,99.74,True
21,2018,21,Qatar,Lusail,Middle East,5.38,57,2018-10-15,Dry,True,RUS,George Russell,Mercedes,Great Britain,20,13,11,0,2,False,False,6023.8,103.306,Medium,2,100.4,False
21,2018,21,Qatar,Lusail,Middle East,5.38,57,2018-10-15,Dry,True,ALO,Fernando Alonso,Aston Martin,Spain,37,11,8,4,1,False,False,5981.2,104.767,Medium,3,99.69,True
21,2018,21,Qatar,Lusail,Middle East,5.38,57,2018-10-15,Dry,True,PER,Sergio Perez,Red Bull Racing,Mexico,28,12,10,1,1,False,False,5994.1,103.614,Medium,2,99.9,True
21,2018,21,Qatar,Lusail,Middle East,5.38,57,2018-10-15,Dry,True,VER,Max Verstappen,Red Bull Racing,Netherlands,20,15,19,0,2,False,True,6024.6,105.171,Medium,-4,100.41,False
21,2018,21,Qatar,Lusail,Middle East,5.38,57,2018-10-15,Dry,True,SAR,Logan Sargeant,Williams,USA,18,1,4,12,2,False,False,6023.2,106.03,Soft,-3,100.39,True
21,2018,21,Qatar,Lusail,Middle East,5.38,57,2018-10-15,Dry,True,NOR,Lando Norris,McLaren,Great Britain,18,13,18,0,2,False,False,6068.2,103.839,Soft,-5,101.14,False
21,2018,21,Qatar,Lusail,Middle East,5.38,57,2018-10-15,Dry,True,HAM,Lewis Hamilton,Mercedes,Great Britain,33,7,6,8,2,False,False,6025.3,107.766,Hard,1,100.42,True
21,2018,21,Qatar,Lusail,Middle East,5.38,57,2018-10-15,Dry,True,MSC,Mick Schumacher,Haas,Germany,19,1,1,26,1,True,False,5997.8,103.593,Soft,0,99.96,True
21,2018,21,Qatar,Lusail,Middle East,5.38,57,2018-10-15,Dry,True,TSU,Yuki Tsunoda,AlphaTauri,Japan,18,7,5,10,3,False,False,5989.3,103.998,Medium,2,99.82,True
21,2018,21,Qatar,Lusail,Middle East,5.38,57,2018-10-15,Dry,True,HUL,Nico Hulkenberg,Haas,Germany,31,1,2,18,2,False,False,5978.4,106.779,Medium,-1,99.64,True
21,2018,21,Qatar,Lusail,Middle East,5.38,57,2018-10-15,Dry,True,DEV,Nyck de Vries,AlphaTauri,Netherlands,23,19,20,0,3,True,False,6062.4,102.132,Hard,-1,101.04,False
21,2018,21,Qatar,Lusail,Middle East,5.38,57,2018-10-15,Dry,True,ALB,Alexander Albon,Williams,Thailand,22,11,13,0,1,False,False,6024.6,103.652,Medium,-2,100.41,False
22,2018,22,Las Vegas,Las Vegas,Americas,6.201,50,2018-11-17,Dry,False,RUS,George Russell,Mercedes,Great Britain,20,10,10,1,1,False,False,6081.0,104.285,Hard,0,101.35,True
22,2018,22,Las Vegas,Las Vegas,Americas,6.201,50,2018-11-17,Dry,False,MAG,Kevin Magnussen,Haas,Denmark,26,12,9,2,1,False,False,6088.8,121.893,Medium,3,101.48,True
22,2018,22,Las Vegas,Las Vegas,Americas,6.201,50,2018-11-17,Dry,False,LEC,Charles Leclerc,Ferrari,Monaco,21,19,14,0,2,False,False,6086.8,119.698,Medium,5,101.45,False
22,2018,22,Las Vegas,Las Vegas,Americas,6.201,50,2018-11-17,Dry,False,MSC,Mick Schumacher,Haas,Germany,19,8,6,8,2,False,False,6076.1,119.185,Medium,2,101.27,True
22,2018,22,Las Vegas,Las Vegas,Americas,6.201,50,2018-11-17,Dry,False,STR,Lance Stroll,Aston Martin,Canada,20,3,8,4,2,False,False,6093.4,121.067,Medium,-5,101.56,True
22,2018,22,Las Vegas,Las Vegas,Americas,6.201,50,2018-11-17,Dry,False,NOR,Lando Norris,McLaren,Great Britain,18,4,4,12,2,False,False,6085.5,122.732,Hard,0,101.42,True
22,2018,22,Las Vegas,Las Vegas,Americas,6.201,50,2018-11-17,Dry,False,VER,Max Verstappen,Red Bull Racing,Netherlands,20,1,3,15,2,False,False,6064.5,121.417,Medium,-2,101.08,True
22,2018,22,Las Vegas,Las Vegas,Americas,6.201,50,2018-11-17,Dry,False,SAI,Carlos Sainz,Ferrari,Spain,24,1,1,26,2,True,False,6058.2,117.828,Soft,0,100.97,True
22,2018,22,Las Vegas,Las Vegas,Americas,6.201,50,2018-11-17,Dry,False,TSU,Yuki Tsunoda,AlphaTauri,Japan,18,20,20,0,1,False,False,6109.2,122.195,Hard,0,101.82,False
22,2018,22,Las Vegas,Las Vegas,Americas,6.201,50,2018-11-17,Dry,False,OCO,Esteban Ocon,Alpine,France,22,14,12,0,1,False,False,6084.7,118.837,Medium,2,101.41,False
22,2018,22,Las Vegas,Las Vegas,Americas,6.201,50,2018-11-17,Dry,False,BOT,Valtteri Bottas,Alfa Romeo,Finland,29,19,15,0,1,True,True,6024.6,122.193,Medium,4,100.41,False
22,2018,22,Las Vegas,Las Vegas,Americas,6.201,50,2018-11-17,Dry,False,ALB,Alexander Albon,Williams,Thailand,22,6,11,0,2,False,False,6076.1,119.725,Soft,-5,101.27,False
22,2018,22,Las Vegas,Las Vegas,Americas,6.201,50,2018-11-17,Dry,False,PER,Sergio Perez,Red Bull Racing,Mexico,28,13,15,0,2,False,False,6081.7,121.873,Medium,-2,101.36,False
22,2018,22,Las Vegas,Las Vegas,Americas,6.201,50,2018-11-17,Dry,False,SAR,Logan Sargeant,Williams,USA,18,16,19,0,1,False,False,6096.5,119.354,Medium,-3,101.61,False
22,2018,22,Las Vegas,Las Vegas,Americas,6.201,50,2018-11-17,Dry,False,GAS,Pierre Gasly,Alpine,France,22,2,2,18,1,False,False,6049.1,122.754,Medium,0,100.82,True
22,2018,22,Las Vegas,Las Vegas,Americas,6.201,50,2018-11-17,Dry,False,HAM,Lewis Hamilton,Mercedes,Great Britain,33,20,16,0,2,False,False,6122.6,122.083,Medium,4,102.04,False
22,2018,22,Las Vegas,Las Vegas,Americas,6.201,50,2018-11-17,Dry,False,ALO,Fernando Alonso,Aston Martin,Spain,37,14,13,0,3,False,False,6110.2,122.198,Medium,1,101.84,False
22,2018,22,Las Vegas,Las Vegas,Americas,6.201,50,2018-11-17,Dry,False,HUL,Nico Hulkenberg,Haas,Germany,31,6,7,6,3,False,False,6039.7,123.008,Soft,-1,100.66,True
22,2018,22,Las Vegas,Las Vegas,Americas,6.201,50,2018-11-17,Dry,False,ZHO,Guanyu Zhou,Alfa Romeo,China,19,20,17,0,1,False,False,6095.9,120.606,Medium,3,101.6,False
22,2018,22,Las Vegas,Las Vegas,Americas,6.201,50,2018-11-17,Dry,False,DEV,Nyck de Vries,AlphaTauri,Netherlands,23,18,18,0,1,False,False,6140.2,121.555,Medium,0,102.34,False
23,2018,23,Austria,Spielberg,Europe,4.318,71,2018-01-09,Dry,False,MAG,Kevin Magnussen,Haas,Denmark,26,2,4,13,2,True,False,5999.0,84.487,Soft,-2,99.98,True
23,2018,23,Austria,Spielberg,Europe,4.318,71,2018-01-09,Dry,False,NOR,Lando Norris,McLaren,Great Britain,18,3,2,18,2,False,False,6008.3,85.983,Medium,1,100.14,True
23,2018,23,Austria,Spielberg,Europe,4.318,71,2018-01-09,Dry,False,TSU,Yuki Tsunoda,AlphaTauri,Japan,18,15,17,0,3,False,True,6024.6,84.601,Medium,-2,100.41,False
23,2018,23,Austria,Spielberg,Europe,4.318,71,2018-01-09,Dry,False,OCO,Esteban Ocon,Alpine,France,22,12,7,6,3,False,False,5997.7,85.94,Hard,5,99.96,True
23,2018,23,Austria,Spielberg,Europe,4.318,71,2018-01-09,Dry,False,LEC,Charles Leclerc,Ferrari,Monaco,21,13,15,0,2,False,False,6025.4,86.595,Medium,-2,100.42,False
23,2018,23,Austria,Spielberg,Europe,4.318,71,2018-01-09,Dry,False,GAS,Pierre Gasly,Alpine,France,22,12,10,1,2,False,False,6005.2,83.544,Medium,2,100.09,True
23,2018,23,Austria,Spielberg,Europe,4.318,71,2018-01-09,Dry,False,ZHO,Guanyu Zhou,Alfa Romeo,China,19,14,11,0,3,False,False,6012.9,84.731,Soft,3,100.21,False
23,2018,23,Austria,Spielberg,Europe,4.318,71,2018-01-09,Dry,False,SAR,Logan Sargeant,Williams,USA,18,1,5,10,1,False,False,5986.8,83.793,Hard,-4,99.78,True
23,2018,23,Austria,Spielberg,Europe,4.318,71,2018-01-09,Dry,False,MSC,Mick Schumacher,Haas,Germany,19,10,12,0,2,False,False,6016.5,84.552,Medium,-2,100.28,False
23,2018,23,Austria,Spielberg,Europe,4.318,71,2018-01-09,Dry,False,STR,Lance Stroll,Aston Martin,Canada,20,12,8,4,1,False,False,6006.6,79.936,Medium,4,100.11,True
23,2018,23,Austria,Spielberg,Europe,4.318,71,2018-01-09,Dry,False,ALB,Alexander Albon,Williams,Thailand,22,1,3,16,2,True,False,5987.5,83.863,Medium,-2,99.79,True
23,2018,23,Austria,Spielberg,Europe,4.318,71,2018-01-09,Dry,False,HUL,Nico Hulkenberg,Haas,Germany,31,11,16,0,3,False,False,6024.3,83.117,Medium,-5,100.4,False
23,2018,23,Austria,Spielberg,Europe,4.318,71,2018-01-09,Dry,False,SAI,Carlos Sainz,Ferrari,Spain,24,19,18,0,3,True,False,6054.1,83.141,Medium,1,100.9,False
23,2018,23,Austria,Spielberg,Europe,4.318,71,2018-01-09,Dry,False,ALO,Fernando Alonso,Aston Martin,Spain,37,13,14,0,1,False,False,6017.9,81.547,Medium,-1,100.3,False
23,2018,23,Austria,Spielberg,Europe,4.318,71,2018-01-09,Dry,False,RUS,George Russell,Mercedes,Great Britain,20,4,1,26,1,True,False,6000.7,80.829,Medium,3,100.01,True
23,2018,23,Austria,Spielberg,Europe,4.318,71,2018-01-09,Dry,False,PER,Sergio Perez,Red Bull Racing,Mexico,28,15,17,0,2,False,True,6024.6,85.615,Medium,-2,100.41,False
23,2018,23,Austria,Spielberg,Europe,4.318,71,2018-01-09,Dry,False,VER,Max Verstappen,Red Bull Racing,Netherlands,20,14,19,0,3,False,False,6043.8,84.142,Soft,-5,100.73,False
23,2018,23,Austria,Spielberg,Europe,4.318,71,2018-01-09,Dry,False,BOT,Valtteri Bottas,Alfa Romeo,Finland,29,12,13,0,1,False,False,6022.2,83.31,Medium,-1,100.37,False
23,2018,23,Austria,Spielberg,Europe,4.318,71,2018-01-09,Dry,False,HAM,Lewis Hamilton,Mercedes,Great Britain,33,20,20,0,2,False,False,6036.1,82.552,Medium,0,100.6,False
23,2018,23,Austria,Spielberg,Europe,4.318,71,2018-01-09,Dry,False,DEV,Nyck de Vries,AlphaTauri,Netherlands,23,19,17,0,2,False,False,6022.5,85.628,Soft,2,100.38,False
24,2018,24,France,Le Castellet,Europe,5.842,53,2018-02-13,Wet,False,HAM,Lewis Hamilton,Mercedes,Great Britain,33,11,6,8,1,False,False,6061.1,113.334,Medium,5,101.02,True
24,2018,24,France,Le Castellet,Europe,5.842,53,2018-02-13,Wet,False,LEC,Charles Leclerc,Ferrari,Monaco,21,15,18,0,3,False,False,6095.8,114.704,Medium,-3,101.6,False
24,2018,24,France,Le Castellet,Europe,5.842,53,2018-02-13,Wet,False,ZHO,Guanyu Zhou,Alfa Romeo,China,19,7,8,4,1,False,False,6071.1,114.34,Soft,-1,101.18,True
24,2018,24,France,Le Castellet,Europe,5.842,53,2018-02-13,Wet,False,VER,Max Verstappen,Red Bull Racing,Netherlands,20,6,2,18,2,False,False,6064.7,112.749,Medium,4,101.08,True
24,2018,24,France,Le Castellet,Europe,5.842,53,2018-02-13,Wet,False,ALB,Alexander Albon,Williams,Thailand,22,16,17,0,1,False,False,6097.4,112.368,Hard,-1,101.62,False
24,2018,24,France,Le Castellet,Europe,5.842,53,2018-02-13,Wet,False,STR,Lance Stroll,Aston Martin,Canada,20,1,1,26,2,True,False,6013.8,113.499,Medium,0,100.23,True
24,2018,24,France,Le Castellet,Europe,5.842,53,2018-02-13,Wet,False,DEV,Nyck de Vries,AlphaTauri,Netherlands,23,11,9,3,2,True,False,6100.8,113.933,Hard,2,101.68,True
24,2018,24,France,Le Castellet,Europe,5.842,53,2018-02-13,Wet,False,GAS,Pierre Gasly,Alpine,France,22,20,15,0,1,False,True,6024.6,116.123,Hard,5,100.41,False
24,2018,24,France,Le Castellet,Europe,5.842,53,2018-02-13,Wet,False,MAG,Kevin Magnussen,Haas,Denmark,26,13,16,0,2,False,False,6083.6,112.491,Soft,-3,101.39,False
24,2018,24,France,Le Castellet,Europe,5.842,53,2018-02-13,Wet,False,PER,Sergio Perez,Red Bull Racing,Mexico,28,3,7,6,2,False,False,6075.6,113.239,Medium,-4,101.26,True
24,2018,24,France,Le Castellet,Europe,5.842,53,2018-02-13,Wet,False,MSC,Mick Schumacher,Haas,Germany,19,14,12,0,2,False,False,6071.8,111.434,Medium,2,101.2,False
24,2018,24,France,Le Castellet,Europe,5.842,53,2018-02-13,Wet,False,TSU,Yuki Tsunoda,AlphaTauri,Japan,18,8,5,10,2,False,False,6074.9,115.777,Hard,3,101.25,True
24,2018,24,France,Le Castellet,Europe,5.842,53,2018-02-13,Wet,False,RUS,George Russell,Mercedes,Great Britain,20,13,10,1,3,False,False,6041.0,113.49,Medium,3,100.68,True
24,2018,24,France,Le Castellet,Europe,5.842,53,2018-02-13,Wet,False,BOT,Valtteri Bottas,Alfa Romeo,Finland,29,11,13,0,2,False,False,6089.0,114.569,Soft,-2,101.48,False
24,2018,24,France,Le Castellet,Europe,5.842,53,2018-02-13,Wet,False,SAR,Logan Sargeant,Williams,USA,18,1,3,15,3,False,False,6029.4,115.43,Medium,-2,100.49,True
24,2018,24,France,Le Castellet,Europe,5.842,53,2018-02-13,Wet,False,OCO,Esteban Ocon,Alpine,France,22,20,19,0,1,False,False,6104.2,112.759,Medium,1,101.74,False
24,2018,24,France,Le Castellet,Europe,5.842,53,2018-02-13,Wet,False,SAI,Carlos Sainz,Ferrari,Spain,24,12,14,0,2,False,False,6075.7,114.581,Medium,-2,101.26,False
24,2018,24,France,Le Castellet,Europe,5.842,53,2018-02-13,Wet,False,ALO,Fernando Alonso,Aston Martin,Spain,37,20,20,0,2,False,False,6100.2,115.229,Soft,0,101.67,False
24,2018,24,France,Le Castellet,Europe,5.842,53,2018-02-13,Wet,False,NOR,Lando Norris,McLaren,Great Britain,18,13,18,0,1,False,True,6024.6,113.584,Medium,-5,100.41,False
24,2018,24,France,Le Castellet,Europe,5.842,53,2018-02-13,Wet,False,HUL,Nico Hulkenberg,Haas,Germany,31,11,15,0,1,False,False,6100.8,110.964,Medium,-4,101.68,False
25,2018,25,Portugal,Portimao,Europe,4.684,66,2018-03-20,Dry,True,HAM,Lewis Hamilton,Mercedes,Great Britain,33,8,10,1,2,False,False,6057.4,88.394,Medium,-2,100.96,True
25,2018,25,Portugal,Portimao,Europe,4.684,66,2018-03-20,Dry,True,STR,Lance Stroll,Aston Martin,Canada,20,15,17,0,2,False,False,6024.6,90.15,Medium,-2,100.41,False
25,2018,25,Portugal,Portimao,Europe,4.684,66,2018-03-20,Dry,True,ZHO,Guanyu Zhou,Alfa Romeo,China,19,20,19,0,2,False,False,6100.2,92.136,Soft,1,101.67,False
25,2018,25,Portugal,Portimao,Europe,4.684,66,2018-03-20,Dry,True,OCO,Esteban Ocon,Alpine,France,22,19,15,0,3,False,False,6065.6,94.467,Medium,4,101.09,False
25,2018,25,Portugal,Portimao,Europe,4.684,66,2018-03-20,Dry,True,NOR,Lando Norris,McLaren,Great Britain,18,15,14,0,2,False,False,6061.4,89.866,Hard,1,101.02,False
25,2018,25,Portugal,Portimao,Europe,4.684,66,2018-03-20,Dry,True,ALB,Alexander Albon,Williams,Thailand,22,16,20,0,1,False,False,6097.6,90.212,Medium,-4,101.63,False
25,2018,25,Portugal,Portimao,Europe,4.684,66,2018-03-20,Dry,True,MAG,Kevin Magnussen,Haas,Denmark,26,5,3,15,2,False,False,6051.3,89.7,Medium,2,100.86,True
25,2018,25,Portugal,Portimao,Europe,4.684,66,2018-03-20,Dry,True,ALO,Fernando Alonso,Aston Martin,Spain,37,20,18,0,3,False,False,6108.7,90.289,Hard,2,101.81,False
25,2018,25,Portugal,Portimao,Europe,4.684,66,2018-03-20,Dry,True,PER,Sergio Perez,Red Bull Racing,Mexico,28,17,16,0,3,False,False,6097.4,90.566,Medium,1,101.62,False
25,2018,25,Portugal,Portimao,Europe,4.684,66,2018-03-20,Dry,True,RUS,George Russell,Mercedes,Great Britain,20,7,4,12,2,False,False,6040.3,92.356,Medium,3,100.67,True
25,2018,25,Portugal,Portimao,Europe,4.684,66,2018-03-20,Dry,True,MSC,Mick Schumacher,Haas,Germany,19,1,1,26,2,True,False,6024.4,91.066,Soft,0,100.41,True
25,2018,25,Portugal,Portimao,Europe,4.684,66,2018-03-20,Dry,True,BOT,Valtteri Bottas,Alfa Romeo,Finland,29,6,7,7,3,True,False,6068.7,91.133,Medium,-1,101.14,True
25,2018,25,Portugal,Portimao,Europe,4.684,66,2018-03-20,Dry,True,HUL,Nico Hulkenberg,Haas,Germany,31,4,8,4,3,False,False,6059.0,90.549,Soft,-4,100.98,True
25,2018,25,Portugal,Portimao,Europe,4.684,66,2018-03-20,Dry,True,LEC,Charles Leclerc,Ferrari,Monaco,21,4,9,2,2,False,False,6048.3,90.484,Soft,-5,100.8,True
25,2018,25,Portugal,Portimao,Europe,4.684,66,2018-03-20,Dry,True,SAR,Logan Sargeant,Williams,USA,18,16,15,0,2,False,True,6024.6,89.661,Medium,1,100.41,False
25,2018,25,Portugal,Portimao,Europe,4.684,66,2018-03-20,Dry,True,SAI,Carlos Sainz,Ferrari,Spain,24,17,12,0,2,False,False,6085.7,91.657,Medium,5,101.43,False
25,2018,25,Portugal,Portimao,Europe,4.684,66,2018-03-20,Dry,True,VER,Max Verstappen,Red Bull Racing,Netherlands,20,10,5,10,1,False,False,6050.1,89.701,Medium,5,100.84,True
25,2018,25,Portugal,Portimao,Europe,4.684,66,2018-03-20,Dry,True,GAS,Pierre Gasly,Alpine,France,22,11,13,0,3,False,False,6076.4,90.204,Soft,-2,101.27,False
25,2018,25,Portugal,Portimao,Europe,4.684,66,2018-03-20,Dry,True,DEV,Nyck de Vries,AlphaTauri,Netherlands,23,3,2,18,3,False,False,6025.5,92.88,Medium,1,100.42,True
25,2018,25,Portugal,Portimao,Europe,4.684,66,2018-03-20,Dry,True,TSU,Yuki Tsunoda,AlphaTauri,Japan,18,2,6,8,2,False,False,6025.0,89.863,Medium,-4,100.42,True
26,2019,1,Bahrain,Sakhir,Middle East,5.412,57,2019-01-05,Dry,False,LEC,Charles Leclerc,Ferrari,Monaco,22,9,8,4,2,False,False,6046.6,107.438,Soft,1,100.78,True
26,2019,1,Bahrain,Sakhir,Middle East,5.412,57,2019-01-05,Dry,False,GAS,Pierre Gasly,Alpine,France,23,20,16,0,2,True,False,6073.3,105.367,Soft,4,101.22,False
26,2019,1,Bahrain,Sakhir,Middle East,5.412,57,2019-01-05,Dry,False,DEV,Nyck de Vries,AlphaTauri,Netherlands,24,16,15,0,2,False,False,6058.7,105.752,Medium,1,100.98,False
26,2019,1,Bahrain,Sakhir,Middle East,5.412,57,2019-01-05,Dry,False,MAG,Kevin Magnussen,Haas,Denmark,27,20,20,0,1,False,False,6075.9,106.181,Medium,0,101.26,False
26,2019,1,Bahrain,Sakhir,Middle East,5.412,57,2019-01-05,Dry,False,ALO,Fernando Alonso,Aston Martin,Spain,38,12,13,0,3,False,False,6024.6,101.969,Soft,-1,100.41,False
26,2019,1,Bahrain,Sakhir,Middle East,5.412,57,2019-01-05,Dry,False,MSC,Mick Schumacher,Haas,Germany,20,8,9,2,3,False,False,6088.2,107.117,Soft,-1,101.47,True
26,2019,1,Bahrain,Sakhir,Middle East,5.412,57,2019-01-05,Dry,False,ZHO,Guanyu Zhou,Alfa Romeo,China,20,4,2,19,2,True,False,6002.4,105.797,Soft,2,100.04,True
26,2019,1,Bahrain,Sakhir,Middle East,5.412,57,2019-01-05,Dry,False,NOR,Lando Norris,McLaren,Great Britain,19,8,3,15,2,False,False,6027.7,103.078,Soft,5,100.46,True
26,2019,1,Bahrain,Sakhir,Middle East,5.412,57,2019-01-05,Dry,False,HAM,Lewis Hamilton,Mercedes,Great Britain,34,7,4,12,1,False,False,6011.4,106.989,Medium,3,100.19,True
26,2019,1,Bahrain,Sakhir,Middle East,5.412,57,2019-01-05,Dry,False,TSU,Yuki Tsunoda,AlphaTauri,Japan,19,13,14,0,2,False,False,6072.0,105.7,Soft,-1,101.2,False
26,2019,1,Bahrain,Sakhir,Middle East,5.412,57,2019-01-05,Dry,False,VER,Max Verstappen,Red Bull Racing,Netherlands,21,15,19,0,2,False,False,6073.9,106.278,Medium,-4,101.23,False
26,2019,1,Bahrain,Sakhir,Middle East,5.412,57,2019-01-05,Dry,False,HUL,Nico Hulkenberg,Haas,Germany,32,19,17,0,2,False,False,6081.3,107.019,Medium,2,101.36,False
26,2019,1,Bahrain,Sakhir,Middle East,5.412,57,2019-01-05,Dry,False,ALB,Alexander Albon,Williams,Thailand,23,1,1,26,1,True,False,6018.0,106.018,Hard,0,100.3,True
26,2019,1,Bahrain,Sakhir,Middle East,5.412,57,2019-01-05,Dry,False,SAR,Logan Sargeant,Williams,USA,19,15,20,0,2,False,True,6024.6,106.941,Hard,-5,100.41,False
26,2019,1,Bahrain,Sakhir,Middle East,5.412,57,2019-01-05,Dry,False,RUS,George Russell,Mercedes,Great Britain,21,5,5,10,2,False,False,6044.7,105.993,Soft,0,100.74,True
26,2019,1,Bahrain,Sakhir,Middle East,5.412,57,2019-01-05,Dry,False,STR,Lance Stroll,Aston Martin,Canada,21,6,6,9,3,True,False,6045.9,107.457,Hard,0,100.76,True
26,2019,1,Bahrain,Sakhir,Middle East,5.412,57,2019-01-05,Dry,False,PER,Sergio Perez,Red Bull Racing,Mexico,29,17,12,0,2,False,False,6039.8,104.661,Medium,5,100.66,False
26,2019,1,Bahrain,Sakhir,Middle East,5.412,57,2019-01-05,Dry,False,BOT,Valtteri Bottas,Alfa Romeo,Finland,30,20,18,0,1,False,False,6060.1,106.649,Medium,2,101.0,False
26,2019,1,Bahrain,Sakhir,Middle East,5.412,57,2019-01-05,Dry,False,SAI,Carlos Sainz,Ferrari,Spain,25,14,11,0,2,False,False,6051.5,105.46,Medium,3,100.86,False
26,2019,1,Bahrain,Sakhir,Middle East,5.412,57,2019-01-05,Dry,False,OCO,Esteban Ocon,Alpine,France,23,5,7,6,2,False,False,6034.3,103.585,Soft,-2,100.57,True
27,2019,2,Saudi Arabia,Jeddah,Middle East,6.174,50,2019-02-21,Dry,False,NOR,Lando Norris,McLaren,Great Britain,19,9,7,6,2,False,False,6047.1,120.874,Soft,2,100.79,True
27,2019,2,Saudi Arabia,Jeddah,Middle East,6.174,50,2019-02-21,Dry,False,OCO,Esteban Ocon,Alpine,France,23,19,14,0,2,False,False,6041.1,121.177,Soft,5,100.68,False
27,2019,2,Saudi Arabia,Jeddah,Middle East,6.174,50,2019-02-21,Dry,False,BOT,Valtteri Bottas,Alfa Romeo,Finland,30,19,16,0,1,False,False,6056.2,120.5,Medium,3,100.94,False
27,2019,2,Saudi Arabia,Jeddah,Middle East,6.174,50,2019-02-21,Dry,False,VER,Max Verstappen,Red Bull Racing,Netherlands,21,3,6,8,2,False,False,6036.0,121.891,Medium,-3,100.6,True
27,2019,2,Saudi Arabia,Jeddah,Middle East,6.174,50,2019-02-21,Dry,False,DEV,Nyck de Vries,AlphaTauri,Netherlands,24,16,18,0,3,False,False,6101.5,121.877,Hard,-2,101.69,False
27,2019,2,Saudi Arabia,Jeddah,Middle East,6.174,50,2019-02-21,Dry,False,SAI,Carlos Sainz,Ferrari,Spain,25,8,5,11,3,True,False,6052.3,118.933,Soft,3,100.87,True
27,2019,2,Saudi Arabia,Jeddah,Middle East,6.174,50,2019-02-21,Dry,False,PER,Sergio Perez,Red Bull Racing,Mexico,29,10,10,2,3,True,False,6038.8,117.673,Medium,0,100.65,True
27,2019,2,Saudi Arabia,Jeddah,Middle East,6.174,50,2019-02-21,Dry,False,LEC,Charles Leclerc,Ferrari,Monaco,22,11,8,4,2,False,False,6050.5,121.233,Soft,3,100.84,True
27,2019,2,Saudi Arabia,Jeddah,Middle East,6.174,50,2019-02-21,Dry,False,ALO,Fernando Alonso,Aston Martin,Spain,38,19,15,0,1,False,False,6069.8,119.791,Medium,4,101.16,False
27,2019,2,Saudi Arabia,Jeddah,Middle East,6.174,50,2019-02-21,Dry,False,MSC,Mick Schumacher,Haas,Germany,20,2,2,18,1,False,False,6021.0,118.902,Medium,0,100.35,True
27,2019,2,Saudi Arabia,Jeddah,Middle East,6.174,50,2019-02-21,Dry,False,MAG,Kevin Magnussen,Haas,Denmark,27,14,11,0,2,False,False,6048.6,119.143,Medium,3,100.81,False
27,2019,2,Saudi Arabia,Jeddah,Middle East,6.174,50,2019-02-21,Dry,False,TSU,Yuki Tsunoda,AlphaTauri,Japan,19,18,15,0,2,False,True,6024.6,119.568,Hard,3,100.41,False
27,2019,2,Saudi Arabia,Jeddah,Middle East,6.174,50,2019-02-21,Dry,False,HUL,Nico Hulkenberg,Haas,Germany,32,15,20,0,1,False,False,6080.7,104.285,Medium,-5,101.34,False
27,2019,2,Saudi Arabia,Jeddah,Middle East,6.174,50,2019-02-21,Dry,False,ZHO,Guanyu Zhou,Alfa Romeo,China,20,20,19,0,2,False,False,6092.5,119.546,Soft,1,101.54,False
27,2019,2,Saudi Arabia,Jeddah,Middle East,6.174,50,2019-02-21,Dry,False,SAR,Logan Sargeant,Williams,USA,19,17,17,0,1,False,True,6024.6,118.683,Soft,0,100.41,False
27,2019,2,Saudi Arabia,Jeddah,Middle East,6.174,50,2019-02-21,Dry,False,GAS,Pierre Gasly,Alpine,France,23,1,4,12,2,False,False,6032.0,119.145,Hard,-3,100.53,True
27,2019,2,Saudi Arabia,Jeddah,Middle East,6.174,50,2019-02-21,Dry,False,RUS,George Russell,Mercedes,Great Britain,21,3,1,26,1,True,False,6016.8,121.618,Medium,2,100.28,True
27,2019,2,Saudi Arabia,Jeddah,Middle East,6.174,50,2019-02-21,Dry,False,STR,Lance Stroll,Aston Martin,Canada,21,8,3,15,1,False,False,6024.6,121.223,Soft,5,100.41,True
27,2019,2,Saudi Arabia,Jeddah,Middle East,6.174,50,2019-02-21,Dry,False,ALB,Alexander Albon,Williams,Thailand,23,18,13,0,2,False,False,6079.8,121.202,Medium,5,101.33,False
27,2019,2,Saudi Arabia,Jeddah,Middle East,6.174,50,2019-02-21,Dry,False,HAM,Lewis Hamilton,Mercedes,Great Britain,34,15,17,0,3,False,False,6076.9,122.306,Medium,-2,101.28,False
28,2019,3,Australia,Melbourne,Asia Pacific,5.278,58,2019-03-16,Dry,False,ZHO,Guanyu Zhou,Alfa Romeo,China,20,8,10,1,2,False,False,5968.2,102.01,Medium,-2,99.47,True
28,2019,3,Australia,Melbourne,Asia Pacific,5.278,58,2019-03-16,Dry,False,STR,Lance Stroll,Aston Martin,Canada,21,1,3,15,3,False,False,5988.7,101.988,Soft,-2,99.81,True
28,2019,3,Australia,Melbourne,Asia Pacific,5.278,58,2019-03-16,Dry,False,BOT,Valtteri Bottas,Alfa Romeo,Finland,30,1,4,12,2,False,False,5995.4,104.751,Soft,-3,99.92,True
28,2019,3,Australia,Melbourne,Asia Pacific,5.278,58,2019-03-16,Dry,False,VER,Max Verstappen,Red Bull Racing,Netherlands,21,11,11,0,1,True,False,5987.7,102.365,Medium,0,99.8,False
28,2019,3,Australia,Melbourne,Asia Pacific,5.278,58,2019-03-16,Dry,False,SAI,Carlos Sainz,Ferrari,Spain,25,17,19,0,3,False,False,6031.6,103.145,Soft,-2,100.53,False
28,2019,3,Australia,Melbourne,Asia Pacific,5.278,58,2019-03-16,Dry,False,MSC,Mick Schumacher,Haas,Germany,20,20,20,0,2,False,False,6036.1,103.112,Soft,0,100.6,False
28,2019,3,Australia,Melbourne,Asia Pacific,5.278,58,2019-03-16,Dry,False,LEC,Charles Leclerc,Ferrari,Monaco,22,18,18,0,2,False,False,6020.2,104.065,Medium,0,100.34,False
28,2019,3,Australia,Melbourne,Asia Pacific,5.278,58,2019-03-16,Dry,False,OCO,Esteban Ocon,Alpine,France,23,2,5,10,2,False,False,5977.8,105.778,Soft,-3,99.63,True
28,2019,3,Australia,Melbourne,Asia Pacific,5.278,58,2019-03-16,Dry,False,ALO,Fernando Alonso,Aston Martin,Spain,38,7,7,6,3,False,False,5994.5,102.099,Soft,0,99.91,True
28,2019,3,Australia,Melbourne,Asia Pacific,5.278,58,2019-03-16,Dry,False,PER,Sergio Perez,Red Bull Racing,Mexico,29,9,6,8,3,False,False,5990.7,103.26,Soft,3,99.84,True
28,2019,3,Australia,Melbourne,Asia Pacific,5.278,58,2019-03-16,Dry,False,NOR,Lando Norris,McLaren,Great Britain,19,15,15,0,3,False,False,6014.2,100.789,Hard,0,100.24,False
28,2019,3,Australia,Melbourne,Asia Pacific,5.278,58,2019-03-16,Dry,False,MAG,Kevin Magnussen,Haas,Denmark,27,16,16,0,2,False,False,6027.8,100.912,Hard,0,100.46,False
28,2019,3,Australia,Melbourne,Asia Pacific,5.278,58,2019-03-16,Dry,False,GAS,Pierre Gasly,Alpine,France,23,5,9,2,2,False,False,6024.6,103.84,Soft,-4,100.41,True
28,2019,3,Australia,Melbourne,Asia Pacific,5.278,58,2019-03-16,Dry,False,RUS,George Russell,Mercedes,Great Britain,21,14,12,0,1,False,False,5993.8,101.357,Soft,2,99.9,False
28,2019,3,Australia,Melbourne,Asia Pacific,5.278,58,2019-03-16,Dry,False,DEV,Nyck de Vries,AlphaTauri,Netherlands,24,14,14,0,2,False,False,5999.1,102.782,Soft,0,99.98,False
28,2019,3,Australia,Melbourne,Asia Pacific,5.278,58,2019-03-16,Dry,False,HAM,Lewis Hamilton,Mercedes,Great Britain,34,3,2,18,3,False,False,5977.4,105.276,Hard,1,99.62,True
28,2019,3,Australia,Melbourne,Asia Pacific,5.278,58,2019-03-16,Dry,False,TSU,Yuki Tsunoda,AlphaTauri,Japan,19,2,1,26,3,True,False,6010.3,103.052,Medium,1,100.17,True
28,2019,3,Australia,Melbourne,Asia Pacific,5.278,58,2019-03-16,Dry,False,SAR,Logan Sargeant,Williams,USA,19,16,13,0,2,False,False,6024.1,101.52,Medium,3,100.4,False
28,2019,3,Australia,Melbourne,Asia Pacific,5.278,58,2019-03-16,Dry,False,ALB,Alexander Albon,Williams,Thailand,23,18,17,0,1,False,False,6011.0,103.166,Hard,1,100.18,False
28,2019,3,Australia,Melbourne,Asia Pacific,5.278,58,2019-03-16,Dry,False,HUL,Nico Hulkenberg,Haas,Germany,32,9,8,4,3,False,False,5985.1,101.902,Medium,1,99.75,True
29,2019,4,Azerbaijan,Baku,Europe,6.003,51,2019-04-05,Dry,False,GAS,Pierre Gasly,Alpine,France,23,8,3,15,2,False,False,5983.7,104.285,Medium,5,99.73,True
29,2019,4,Azerbaijan,Baku,Europe,6.003,51,2019-04-05,Dry,False,SAI,Carlos Sainz,Ferrari,Spain,25,20,18,0,2,False,False,6012.2,116.864,Medium,2,100.2,False
29,2019,4,Azerbaijan,Baku,Europe,6.003,51,2019-04-05,Dry,False,ALB,Alexander Albon,Williams,Thailand,23,10,8,4,2,False,False,5995.7,116.51,Soft,2,99.93,True
29,2019,4,Azerbaijan,Baku,Europe,6.003,51,2019-04-05,Dry,False,NOR,Lando Norris,McLaren,Great Britain,19,19,17,0,3,True,False,6024.6,116.254,Medium,2,100.41,False
29,2019,4,Azerbaijan,Baku,Europe,6.003,51,2019-04-05,Dry,False,HUL,Nico Hulkenberg,Haas,Germany,32,16,20,0,3,False,False,6064.8,117.538,Medium,-4,101.08,False
29,2019,4,Azerbaijan,Baku,Europe,6.003,51,2019-04-05,Dry,False,BOT,Valtteri Bottas,Alfa Romeo,Finland,30,3,5,10,1,False,False,5963.3,118.268,Hard,-2,99.39,True
29,2019,4,Azerbaijan,Baku,Europe,6.003,51,2019-04-05,Dry,False,ALO,Fernando Alonso,Aston Martin,Spain,38,14,15,0,3,True,False,6045.1,117.986,Hard,-1,100.75,False
29,2019,4,Azerbaijan,Baku,Europe,6.003,51,2019-04-05,Dry,False,STR,Lance Stroll,Aston Martin,Canada,21,15,16,0,2,False,False,6012.9,117.018,Soft,-1,100.21,False
29,2019,4,Azerbaijan,Baku,Europe,6.003,51,2019-04-05,Dry,False,MSC,Mick Schumacher,Haas,Germany,20,1,2,18,2,False,False,5989.4,117.217,Medium,-1,99.82,True
29,2019,4,Azerbaijan,Baku,Europe,6.003,51,2019-04-05,Dry,False,HAM,Lewis Hamilton,Mercedes,Great Britain,34,10,12,0,2,False,False,6027.0,116.469,Hard,-2,100.45,False
29,2019,4,Azerbaijan,Baku,Europe,6.003,51,2019-04-05,Dry,False,PER,Sergio Perez,Red Bull Racing,Mexico,29,14,10,1,1,False,False,6021.4,116.56,Medium,4,100.36,True
29,2019,4,Azerbaijan,Baku,Europe,6.003,51,2019-04-05,Dry,False,DEV,Nyck de Vries,AlphaTauri,Netherlands,24,20,19,0,2,False,False,6026.3,120.447,Soft,1,100.44,False
29,2019,4,Azerbaijan,Baku,Europe,6.003,51,2019-04-05,Dry,False,LEC,Charles Leclerc,Ferrari,Monaco,22,10,6,8,2,False,False,5978.3,118.573,Hard,4,99.64,True
29,2019,4,Azerbaijan,Baku,Europe,6.003,51,2019-04-05,Dry,False,OCO,Esteban Ocon,Alpine,France,23,6,4,12,3,False,False,5945.2,115.732,Medium,2,99.09,True
29,2019,4,Azerbaijan,Baku,Europe,6.003,51,2019-04-05,Dry,False,ZHO,Guanyu Zhou,Alfa Romeo,China,20,20,19,0,2,False,True,6024.6,117.265,Medium,1,100.41,False
29,2019,4,Azerbaijan,Baku,Europe,6.003,51,2019-04-05,Dry,False,TSU,Yuki Tsunoda,AlphaTauri,Japan,19,15,13,0,3,False,False,6006.0,117.684,Medium,2,100.1,False
29,2019,4,Azerbaijan,Baku,Europe,6.003,51,2019-04-05,Dry,False,SAR,Logan Sargeant,Williams,USA,19,1,1,26,2,True,False,5979.3,117.149,Medium,0,99.66,True
29,2019,4,Azerbaijan,Baku,Europe,6.003,51,2019-04-05,Dry,False,RUS,George Russell,Mercedes,Great Britain,21,6,9,2,2,False,False,6017.7,117.601,Medium,-3,100.3,True
29,2019,4,Azerbaijan,Baku,Europe,6.003,51,2019-04-05,Dry,False,MAG,Kevin Magnussen,Haas,Denmark,27,8,7,6,1,False,False,6024.6,117.865,Medium,1,100.41,True
29,2019,4,Azerbaijan,Baku,Europe,6.003,51,2019-04-05,Dry,False,VER,Max Verstappen,Red Bull Racing,Netherlands,21,15,11,0,2,False,False,5981.0,117.291,Medium,4,99.68,False
30,2019,5,Miami,Miami,Americas,5.412,57,2019-05-03,Dry,True,SAI,Carlos Sainz,Ferrari,Spain,25,7,8,4,1,False,False,6043.3,104.861,Medium,-1,100.72,True
30,2019,5,Miami,Miami,Americas,5.412,57,2019-05-03,Dry,True,DEV,Nyck de Vries,AlphaTauri,Netherlands,24,17,17,0,2,False,False,6086.4,104.647,Medium,0,101.44,False
30,2019,5,Miami,Miami,Americas,5.412,57,2019-05-03,Dry,True,MAG,Kevin Magnussen,Haas,Denmark,27,10,7,6,1,False,False,6044.4,105.007,Medium,3,100.74,True
30,2019,5,Miami,Miami,Americas,5.412,57,2019-05-03,Dry,True,NOR,Lando Norris,McLaren,Great Britain,19,7,11,0,3,True,False,6049.1,102.417,Soft,-4,100.82,False
30,2019,5,Miami,Miami,Americas,5.412,57,2019-05-03,Dry,True,ZHO,Guanyu Zhou,Alfa Romeo,China,20,16,15,0,2,False,False,6049.9,107.306,Medium,1,100.83,False
30,2019,5,Miami,Miami,Americas,5.412,57,2019-05-03,Dry,True,ALO,Fernando Alonso,Aston Martin,Spain,38,19,14,0,1,False,False,6062.5,104.393,Soft,5,101.04,False
30,2019,5,Miami,Miami,Americas,5.412,57,2019-05-03,Dry,True,ALB,Alexander Albon,Williams,Thailand,23,2,1,26,3,True,False,6035.7,104.909,Soft,1,100.6,True
30,2019,5,Miami,Miami,Americas,5.412,57,2019-05-03,Dry,True,LEC,Charles Leclerc,Ferrari,Monaco,22,14,17,0,2,False,True,6024.6,107.3,Medium,-3,100.41,False
30,2019,5,Miami,Miami,Americas,5.412,57,2019-05-03,Dry,True,GAS,Pierre Gasly,Alpine,France,23,16,12,0,2,False,False,6069.2,102.756,Medium,4,101.15,False
30,2019,5,Miami,Miami,Americas,5.412,57,2019-05-03,Dry,True,VER,Max Verstappen,Red Bull Racing,Netherlands,21,1,3,15,2,False,False,6067.2,106.595,Medium,-2,101.12,True
30,2019,5,Miami,Miami,Americas,5.412,57,2019-05-03,Dry,True,HUL,Nico Hulkenberg,Haas,Germany,32,15,16,0,2,False,False,6069.7,107.965,Soft,-1,101.16,False
30,2019,5,Miami,Miami,Americas,5.412,57,2019-05-03,Dry,True,MSC,Mick Schumacher,Haas,Germany,20,15,18,0,1,False,False,6059.4,105.809,Hard,-3,100.99,False
30,2019,5,Miami,Miami,Americas,5.412,57,2019-05-03,Dry,True,STR,Lance Stroll,Aston Martin,Canada,21,3,4,13,1,True,False,6071.7,106.585,Medium,-1,101.2,True
30,2019,5,Miami,Miami,Americas,5.412,57,2019-05-03,Dry,True,HAM,Lewis Hamilton,Mercedes,Great Britain,34,11,9,2,3,False,False,6038.8,105.887,Medium,2,100.65,True
30,2019,5,Miami,Miami,Americas,5.412,57,2019-05-03,Dry,True,TSU,Yuki Tsunoda,AlphaTauri,Japan,19,9,6,8,2,False,False,6042.6,104.84,Soft,3,100.71,True
30,2019,5,Miami,Miami,Americas,5.412,57,2019-05-03,Dry,True,PER,Sergio Perez,Red Bull Racing,Mexico,29,3,5,10,3,False,False,6023.4,104.046,Medium,-2,100.39,True
30,2019,5,Miami,Miami,Americas,5.412,57,2019-05-03,Dry,True,SAR,Logan Sargeant,Williams,USA,19,15,20,0,2,True,False,6083.3,103.228,Hard,-5,101.39,False
30,2019,5,Miami,Miami,Americas,5.412,57,2019-05-03,Dry,True,RUS,George Russell,Mercedes,Great Britain,21,1,2,18,1,False,False,6017.9,104.951,Medium,-1,100.3,True
30,2019,5,Miami,Miami,Americas,5.412,57,2019-05-03,Dry,True,BOT,Valtteri Bottas,Alfa Romeo,Finland,30,9,13,0,2,False,False,6063.1,101.7,Hard,-4,101.05,False
30,2019,5,Miami,Miami,Americas,5.412,57,2019-05-03,Dry,True,OCO,Esteban Ocon,Alpine,France,23,12,10,1,3,False,False,6071.7,103.886,Medium,2,101.2,True
31,2019,6,Monaco,Monte Carlo,Europe,3.337,78,2019-06-05,Mixed,True,HUL,Nico Hulkenberg,Haas,Germany,32,20,17,0,2,False,True,6024.6,63.164,Medium,3,100.41,False
31,2019,6,Monaco,Monte Carlo,Europe,3.337,78,2019-06-05,Mixed,True,MAG,Kevin Magnussen,Haas,Denmark,27,10,8,4,2,False,False,5079.2,66.026,Medium,2,84.65,True
31,2019,6,Monaco,Monte Carlo,Europe,3.337,78,2019-06-05,Mixed,True,GAS,Pierre Gasly,Alpine,France,23,4,1,26,2,True,False,5079.8,66.81,Medium,3,84.66,True
31,2019,6,Monaco,Monte Carlo,Europe,3.337,78,2019-06-05,Mixed,True,STR,Lance Stroll,Aston Martin,Canada,21,6,6,8,2,False,False,5113.2,64.875,Medium,0,85.22,True
31,2019,6,Monaco,Monte Carlo,Europe,3.337,78,2019-06-05,Mixed,True,PER,Sergio Perez,Red Bull Racing,Mexico,29,14,10,1,1,False,False,5107.9,104.285,Hard,4,85.13,True
31,2019,6,Monaco,Monte Carlo,Europe,3.337,78,2019-06-05,Mixed,True,VER,Max Verstappen,Red Bull Racing,Netherlands,21,8,12,0,3,False,False,5118.8,64.097,Hard,-4,85.31,False
31,2019,6,Monaco,Monte Carlo,Europe,3.337,78,2019-06-05,Mixed,True,BOT,Valtteri Bottas,Alfa Romeo,Finland,30,2,5,10,1,False,False,5116.6,66.863,Medium,-3,85.28,True
31,2019,6,Monaco,Monte Carlo,Europe,3.337,78,2019-06-05,Mixed,True,ALO,Fernando Alonso,Aston Martin,Spain,38,17,13,0,2,False,False,5113.8,64.175,Medium,4,85.23,False
31,2019,6,Monaco,Monte Carlo,Europe,3.337,78,2019-06-05,Mixed,True,HAM,Lewis Hamilton,Mercedes,Great Britain,34,16,19,0,2,False,False,5139.9,64.491,Medium,-3,85.66,False
31,2019,6,Monaco,Monte Carlo,Europe,3.337,78,2019-06-05,Mixed,True,NOR,Lando Norris,McLaren,Great Britain,19,18,20,0,1,True,True,6024.6,66.989,Medium,-2,100.41,False
31,2019,6,Monaco,Monte Carlo,Europe,3.337,78,2019-06-05,Mixed,True,TSU,Yuki Tsunoda,AlphaTauri,Japan,19,11,16,0,2,True,False,5130.6,64.447,Medium,-5,85.51,False
31,2019,6,Monaco,Monte Carlo,Europe,3.337,78,2019-06-05,Mixed,True,OCO,Esteban Ocon,Alpine,France,23,4,2,18,3,False,False,5057.6,65.168,Hard,2,84.29,True
31,2019,6,Monaco,Monte Carlo,Europe,3.337,78,2019-06-05,Mixed,True,ALB,Alexander Albon,Williams,Thailand,23,7,7,6,3,False,False,5090.6,65.171,Hard,0,84.84,True
31,2019,6,Monaco,Monte Carlo,Europe,3.337,78,2019-06-05,Mixed,True,SAR,Logan Sargeant,Williams,USA,19,20,20,0,2,False,False,5158.4,65.902,Soft,0,85.97,False
31,2019,6,Monaco,Monte Carlo,Europe,3.337,78,2019-06-05,Mixed,True,LEC,Charles Leclerc,Ferrari,Monaco,22,14,15,0,2,False,False,5085.3,65.813,Medium,-1,84.76,False
31,2019,6,Monaco,Monte Carlo,Europe,3.337,78,2019-06-05,Mixed,True,ZHO,Guanyu Zhou,Alfa Romeo,China,20,10,14,0,2,False,False,5147.6,63.911,Hard,-4,85.79,False
31,2019,6,Monaco,Monte Carlo,Europe,3.337,78,2019-06-05,Mixed,True,SAI,Carlos Sainz,Ferrari,Spain,25,8,3,15,2,False,False,5113.3,66.137,Soft,5,85.22,True
31,2019,6,Monaco,Monte Carlo,Europe,3.337,78,2019-06-05,Mixed,True,MSC,Mick Schumacher,Haas,Germany,20,16,11,0,2,False,False,5106.9,67.856,Soft,5,85.12,False
31,2019,6,Monaco,Monte Carlo,Europe,3.337,78,2019-06-05,Mixed,True,RUS,George Russell,Mercedes,Great Britain,21,15,18,0,1,False,False,5136.4,64.957,Medium,-3,85.61,False
31,2019,6,Monaco,Monte Carlo,Europe,3.337,78,2019-06-05,Mixed,True,DEV,Nyck de Vries,AlphaTauri,Netherlands,24,12,9,2,1,False,False,5097.9,67.001,Medium,3,84.96,True
32,2019,7,Spain,Barcelona,Europe,4.657,66,2019-07-24,Dry,False,MAG,Kevin Magnussen,Haas,Denmark,27,7,11,0,3,False,False,6013.4,89.686,Medium,-4,100.22,False
32,2019,7,Spain,Barcelona,Europe,4.657,66,2019-07-24,Dry,False,TSU,Yuki Tsunoda,AlphaTauri,Japan,19,10,15,0,2,False,True,6024.6,89.13,Medium,-5,100.41,False
32,2019,7,Spain,Barcelona,Europe,4.657,66,2019-07-24,Dry,False,ALB,Alexander Albon,Williams,Thailand,23,5,10,1,2,False,False,6052.5,90.939,Soft,-5,100.88,True
32,2019,7,Spain,Barcelona,Europe,4.657,66,2019-07-24,Dry,False,ALO,Fernando Alonso,Aston Martin,Spain,38,9,9,2,2,False,False,6039.7,92.551,Medium,0,100.66,True
32,2019,7,Spain,Barcelona,Europe,4.657,66,2019-07-24,Dry,False,NOR,Lando Norris,McLaren,Great Britain,19,17,20,0,3,False,False,6050.1,93.221,Soft,-3,100.84,False
32,2019,7,Spain,Barcelona,Europe,4.657,66,2019-07-24,Dry,False,LEC,Charles Leclerc,Ferrari,Monaco,22,1,1,26,2,True,False,5980.3,104.285,Soft,0,99.67,True
32,2019,7,Spain,Barcelona,Europe,4.657,66,2019-07-24,Dry,False,STR,Lance Stroll,Aston Martin,Canada,21,16,19,0,2,False,True,6024.6,89.323,Soft,-3,100.41,False
32,2019,7,Spain,Barcelona,Europe,4.657,66,2019-07-24,Dry,False,HAM,Lewis Hamilton,Mercedes,Great Britain,34,5,3,15,2,False,False,5972.5,104.285,Medium,2,99.54,True
32,2019,7,Spain,Barcelona,Europe,4.657,66,2019-07-24,Dry,False,RUS,George Russell,Mercedes,Great Britain,21,18,16,0,3,False,False,6055.3,91.554,Soft,2,100.92,False
32,2019,7,Spain,Barcelona,Europe,4.657,66,2019-07-24,Dry,False,PER,Sergio Perez,Red Bull Racing,Mexico,29,18,13,0,1,False,False,6049.7,89.762,Hard,5,100.83,False
32,2019,7,Spain,Barcelona,Europe,4.657,66,2019-07-24,Dry,False,GAS,Pierre Gasly,Alpine,France,23,7,4,12,2,False,False,5980.7,90.113,Soft,3,99.68,True
32,2019,7,Spain,Barcelona,Europe,4.657,66,2019-07-24,Dry,False,OCO,Esteban Ocon,Alpine,France,23,4,7,6,2,False,False,6055.5,92.522,Medium,-3,100.92,True
32,2019,7,Spain,Barcelona,Europe,4.657,66,2019-07-24,Dry,False,DEV,Nyck de Vries,AlphaTauri,Netherlands,24,1,2,18,3,False,False,5973.5,92.103,Medium,-1,99.56,True
32,2019,7,Spain,Barcelona,Europe,4.657,66,2019-07-24,Dry,False,MSC,Mick Schumacher,Haas,Germany,20,12,14,0,2,False,False,6035.9,90.74,Medium,-2,100.6,False
32,2019,7,Spain,Barcelona,Europe,4.657,66,2019-07-24,Dry,False,HUL,Nico Hulkenberg,Haas,Germany,32,16,15,0,1,False,False,6021.0,90.438,Soft,1,100.35,False
32,2019,7,Spain,Barcelona,Europe,4.657,66,2019-07-24,Dry,False,SAI,Carlos Sainz,Ferrari,Spain,25,8,6,8,2,False,False,6023.3,91.786,Medium,2,100.39,True
32,2019,7,Spain,Barcelona,Europe,4.657,66,2019-07-24,Dry,False,VER,Max Verstappen,Red Bull Racing,Netherlands,21,7,8,5,2,True,False,6053.0,89.917,Hard,-1,100.88,True
32,2019,7,Spain,Barcelona,Europe,4.657,66,2019-07-24,Dry,False,BOT,Valtteri Bottas,Alfa Romeo,Finland,30,13,12,0,2,False,False,6035.4,87.967,Soft,1,100.59,False
32,2019,7,Spain,Barcelona,Europe,4.657,66,2019-07-24,Dry,False,ZHO,Guanyu Zhou,Alfa Romeo,China,20,17,18,0,2,False,False,6072.4,90.93,Soft,-1,101.21,False
32,2019,7,Spain,Barcelona,Europe,4.657,66,2019-07-24,Dry,False,SAR,Logan Sargeant,Williams,USA,19,18,17,0,2,False,False,6072.6,91.968,Soft,1,101.21,False
33,2019,8,Canada,Montreal,Americas,4.361,70,2019-08-21,Dry,False,ALO,Fernando Alonso,Aston Martin,Spain,38,20,17,0,1,False,False,6024.6,82.994,Soft,3,100.41,False
33,2019,8,Canada,Montreal,Americas,4.361,70,2019-08-21,Dry,False,MSC,Mick Schumacher,Haas,Germany,20,12,12,0,3,False,False,5957.3,83.452,Hard,0,99.29,False
33,2019,8,Canada,Montreal,Americas,4.361,70,2019-08-21,Dry,False,VER,Max Verstappen,Red Bull Racing,Netherlands,21,7,8,4,3,False,False,5977.0,85.999,Medium,-1,99.62,True
33,2019,8,Canada,Montreal,Americas,4.361,70,2019-08-21,Dry,False,BOT,Valtteri Bottas,Alfa Romeo,Finland,30,1,5,10,2,False,False,5984.1,83.553,Soft,-4,99.74,True
33,2019,8,Canada,Montreal,Americas,4.361,70,2019-08-21,Dry,False,HUL,Nico Hulkenberg,Haas,Germany,32,6,10,1,3,False,False,5977.0,85.683,Medium,-4,99.62,True
33,2019,8,Canada,Montreal,Americas,4.361,70,2019-08-21,Dry,False,SAI,Carlos Sainz,Ferrari,Spain,25,15,13,0,2,False,False,6008.7,84.21,Medium,2,100.14,False
33,2019,8,Canada,Montreal,Americas,4.361,70,2019-08-21,Dry,False,GAS,Pierre Gasly,Alpine,France,23,20,18,0,2,False,True,6024.6,83.247,Hard,2,100.41,False
33,2019,8,Canada,Montreal,Americas,4.361,70,2019-08-21,Dry,False,TSU,Yuki Tsunoda,AlphaTauri,Japan,19,9,9,2,2,False,False,5972.8,82.134,Soft,0,99.55,True
33,2019,8,Canada,Montreal,Americas,4.361,70,2019-08-21,Dry,False,NOR,Lando Norris,McLaren,Great Britain,19,3,3,15,1,False,False,5956.0,84.302,Soft,0,99.27,True
33,2019,8,Canada,Montreal,Americas,4.361,70,2019-08-21,Dry,False,PER,Sergio Perez,Red Bull Racing,Mexico,29,20,19,0,2,False,False,6023.6,104.285,Hard,1,100.39,False
33,2019,8,Canada,Montreal,Americas,4.361,70,2019-08-21,Dry,False,LEC,Charles Leclerc,Ferrari,Monaco,22,19,15,0,3,False,False,5999.2,82.593,Soft,4,99.99,False
33,2019,8,Canada,Montreal,Americas,4.361,70,2019-08-21,Dry,False,OCO,Esteban Ocon,Alpine,France,23,11,16,0,1,False,False,6003.6,83.736,Soft,-5,100.06,False
33,2019,8,Canada,Montreal,Americas,4.361,70,2019-08-21,Dry,False,SAR,Logan Sargeant,Williams,USA,19,3,4,12,2,False,False,5969.4,81.823,Medium,-1,99.49,True
33,2019,8,Canada,Montreal,Americas,4.361,70,2019-08-21,Dry,False,RUS,George Russell,Mercedes,Great Britain,21,18,20,0,1,False,False,6030.5,86.308,Medium,-2,100.51,False
33,2019,8,Canada,Montreal,Americas,4.361,70,2019-08-21,Dry,False,ZHO,Guanyu Zhou,Alfa Romeo,China,20,3,2,18,1,False,False,5958.6,85.339,Soft,1,99.31,True
33,2019,8,Canada,Montreal,Americas,4.361,70,2019-08-21,Dry,False,ALB,Alexander Albon,Williams,Thailand,23,11,14,0,3,False,False,5977.8,104.285,Hard,-3,99.63,False
33,2019,8,Canada,Montreal,Americas,4.361,70,2019-08-21,Dry,False,STR,Lance Stroll,Aston Martin,Canada,21,9,6,8,2,False,False,5964.2,84.03,Medium,3,99.4,True
33,2019,8,Canada,Montreal,Americas,4.361,70,2019-08-21,Dry,False,MAG,Kevin Magnussen,Haas,Denmark,27,12,7,6,3,False,False,5996.4,85.002,Soft,5,99.94,True
33,2019,8,Canada,Montreal,Americas,4.361,70,2019-08-21,Dry,False,DEV,Nyck de Vries,AlphaTauri,Netherlands,24,1,1,26,2,True,False,5936.0,83.601,Soft,0,98.93,True
33,2019,8,Canada,Montreal,Americas,4.361,70,2019-08-21,Dry,False,HAM,Lewis Hamilton,Mercedes,Great Britain,34,9,11,0,3,False,False,6024.6,84.715,Medium,-2,100.41,False
34,2019,9,Great Britain,Silverstone,Europe,5.891,52,2019-09-21,Mixed,False,DEV,Nyck de Vries,AlphaTauri,Netherlands,24,18,17,0,2,False,False,6019.8,115.626,Soft,1,100.33,False
34,2019,9,Great Britain,Silverstone,Europe,5.891,52,2019-09-21,Mixed,False,HAM,Lewis Hamilton,Mercedes,Great Britain,34,9,11,0,1,False,False,6020.6,114.373,Medium,-2,100.34,False
34,2019,9,Great Britain,Silverstone,Europe,5.891,52,2019-09-21,Mixed,False,ALO,Fernando Alonso,Aston Martin,Spain,38,7,3,15,2,False,False,5955.0,112.291,Hard,4,99.25,True
34,2019,9,Great Britain,Silverstone,Europe,5.891,52,2019-09-21,Mixed,False,GAS,Pierre Gasly,Alpine,France,23,1,1,26,3,True,False,6011.4,114.156,Medium,0,100.19,True
34,2019,9,Great Britain,Silverstone,Europe,5.891,52,2019-09-21,Mixed,False,HUL,Nico Hulkenberg,Haas,Germany,32,11,8,4,1,False,False,5987.0,116.184,Soft,3,99.78,True
34,2019,9,Great Britain,Silverstone,Europe,5.891,52,2019-09-21,Mixed,False,ZHO,Guanyu Zhou,Alfa Romeo,China,20,11,13,0,1,True,False,6021.3,116.103,Medium,-2,100.36,False
34,2019,9,Great Britain,Silverstone,Europe,5.891,52,2019-09-21,Mixed,False,TSU,Yuki Tsunoda,AlphaTauri,Japan,19,13,14,0,1,False,False,6033.8,113.207,Hard,-1,100.56,False
34,2019,9,Great Britain,Silverstone,Europe,5.891,52,2019-09-21,Mixed,False,RUS,George Russell,Mercedes,Great Britain,21,15,12,0,2,False,False,6011.0,113.98,Medium,3,100.18,False
34,2019,9,Great Britain,Silverstone,Europe,5.891,52,2019-09-21,Mixed,False,BOT,Valtteri Bottas,Alfa Romeo,Finland,30,11,10,1,2,False,False,6010.0,114.917,Soft,1,100.17,True
34,2019,9,Great Britain,Silverstone,Europe,5.891,52,2019-09-21,Mixed,False,SAI,Carlos Sainz,Ferrari,Spain,25,6,7,6,2,False,False,6011.1,116.769,Medium,-1,100.18,True
34,2019,9,Great Britain,Silverstone,Europe,5.891,52,2019-09-21,Mixed,False,MSC,Mick Schumacher,Haas,Germany,20,19,18,0,1,False,False,6050.3,116.407,Soft,1,100.84,False
34,2019,9,Great Britain,Silverstone,Europe,5.891,52,2019-09-21,Mixed,False,SAR,Logan Sargeant,Williams,USA,19,5,5,10,1,False,False,6001.4,112.335,Medium,0,100.02,True
34,2019,9,Great Britain,Silverstone,Europe,5.891,52,2019-09-21,Mixed,False,OCO,Esteban Ocon,Alpine,France,23,19,15,0,2,False,False,6029.4,116.264,Soft,4,100.49,False
34,2019,9,Great Britain,Silverstone,Europe,5.891,52,2019-09-21,Mixed,False,ALB,Alexander Albon,Williams,Thailand,23,11,6,8,2,False,False,6024.6,114.422,Medium,5,100.41,True
34,2019,9,Great Britain,Silverstone,Europe,5.891,52,2019-09-21,Mixed,False,PER,Sergio Perez,Red Bull Racing,Mexico,29,5,2,18,1,False,False,5950.2,114.976,Medium,3,99.17,True
34,2019,9,Great Britain,Silverstone,Europe,5.891,52,2019-09-21,Mixed,False,STR,Lance Stroll,Aston Martin,Canada,21,5,9,2,2,False,False,6007.1,115.368,Soft,-4,100.12,True
34,2019,9,Great Britain,Silverstone,Europe,5.891,52,2019-09-21,Mixed,False,NOR,Lando Norris,McLaren,Great Britain,19,17,16,0,2,False,False,6020.7,117.357,Medium,1,100.34,False
34,2019,9,Great Britain,Silverstone,Europe,5.891,52,2019-09-21,Mixed,False,MAG,Kevin Magnussen,Haas,Denmark,27,18,19,0,2,False,False,6024.0,114.139,Soft,-1,100.4,False
34,2019,9,Great Britain,Silverstone,Europe,5.891,52,2019-09-21,Mixed,False,LEC,Charles Leclerc,Ferrari,Monaco,22,20,20,0,2,False,False,6056.0,115.454,Medium,0,100.93,False
34,2019,9,Great Britain,Silverstone,Europe,5.891,52,2019-09-21,Mixed,False,VER,Max Verstappen,Red Bull Racing,Netherlands,21,1,4,12,2,False,False,5990.1,114.864,Medium,-3,99.84,True
35,2019,10,Hungary,Budapest,Europe,4.381,70,2019-10-24,Dry,False,ZHO,Guanyu Zhou,Alfa Romeo,China,20,1,1,26,2,True,False,5996.5,104.285,Hard,0,99.94,True
35,2019,10,Hungary,Budapest,Europe,4.381,70,2019-10-24,Dry,False,STR,Lance Stroll,Aston Martin,Canada,21,7,4,13,3,True,False,5966.4,85.162,Medium,3,99.44,True
35,2019,10,Hungary,Budapest,Europe,4.381,70,2019-10-24,Dry,False,NOR,Lando Norris,McLaren,Great Britain,19,5,5,10,2,False,False,5987.1,87.636,Soft,0,99.79,True
35,2019,10,Hungary,Budapest,Europe,4.381,70,2019-10-24,Dry,False,SAI,Carlos Sainz,Ferrari,Spain,25,12,16,0,2,False,False,6032.0,104.285,Medium,-4,100.53,False
35,2019,10,Hungary,Budapest,Europe,4.381,70,2019-10-24,Dry,False,VER,Max Verstappen,Red Bull Racing,Netherlands,21,3,8,4,1,False,False,6012.1,84.988,Soft,-5,100.2,True
35,2019,10,Hungary,Budapest,Europe,4.381,70,2019-10-24,Dry,False,HAM,Lewis Hamilton,Mercedes,Great Britain,34,16,11,0,2,False,False,6022.5,86.613,Hard,5,100.38,False
35,2019,10,Hungary,Budapest,Europe,4.381,70,2019-10-24,Dry,False,ALO,Fernando Alonso,Aston Martin,Spain,38,9,7,6,2,False,False,5997.3,87.54,Medium,2,99.96,True
35,2019,10,Hungary,Budapest,Europe,4.381,70,2019-10-24,Dry,False,BOT,Valtteri Bottas,Alfa Romeo,Finland,30,11,12,0,1,False,False,6013.9,86.336,Soft,-1,100.23,False
35,2019,10,Hungary,Budapest,Europe,4.381,70,2019-10-24,Dry,False,GAS,Pierre Gasly,Alpine,France,23,20,18,0,2,False,True,6024.6,85.619,Soft,2,100.41,False
35,2019,10,Hungary,Budapest,Europe,4.381,70,2019-10-24,Dry,False,SAR,Logan Sargeant,Williams,USA,19,17,18,0,3,False,False,6039.0,85.486,Hard,-1,100.65,False
35,2019,10,Hungary,Budapest,Europe,4.381,70,2019-10-24,Dry,False,LEC,Charles Leclerc,Ferrari,Monaco,22,17,14,0,3,False,False,6037.1,85.854,Medium,3,100.62,False
35,2019,10,Hungary,Budapest,Europe,4.381,70,2019-10-24,Dry,False,PER,Sergio Perez,Red Bull Racing,Mexico,29,20,20,0,2,False,False,6049.3,83.646,Soft,0,100.82,False
35,2019,10,Hungary,Budapest,Europe,4.381,70,2019-10-24,Dry,False,MSC,Mick Schumacher,Haas,Germany,20,17,20,0,2,False,True,6024.6,87.319,Medium,-3,100.41,False
35,2019,10,Hungary,Budapest,Europe,4.381,70,2019-10-24,Dry,False,DEV,Nyck de Vries,AlphaTauri,Netherlands,24,15,17,0,2,False,False,6045.6,86.369,Medium,-2,100.76,False
35,2019,10,Hungary,Budapest,Europe,4.381,70,2019-10-24,Dry,False,MAG,Kevin Magnussen,Haas,Denmark,27,18,13,0,1,False,False,6024.6,86.307,Hard,5,100.41,False
35,2019,10,Hungary,Budapest,Europe,4.381,70,2019-10-24,Dry,False,ALB,Alexander Albon,Williams,Thailand,23,15,19,0,2,False,False,6050.9,84.543,Soft,-4,100.85,False
35,2019,10,Hungary,Budapest,Europe,4.381,70,2019-10-24,Dry,False,TSU,Yuki Tsunoda,AlphaTauri,Japan,19,1,2,18,1,False,False,6002.4,85.821,Medium,-1,100.04,True
35,2019,10,Hungary,Budapest,Europe,4.381,70,2019-10-24,Dry,False,RUS,George Russell,Mercedes,Great Britain,21,20,15,0,1,False,False,6049.1,85.811,Hard,5,100.82,False
35,2019,10,Hungary,Budapest,Europe,4.381,70,2019-10-24,Dry,False,HUL,Nico Hulkenberg,Haas,Germany,32,10,9,2,3,False,False,6023.3,81.949,Medium,1,100.39,True
35,2019,10,Hungary,Budapest,Europe,4.381,70,2019-10-24,Dry,False,OCO,Esteban Ocon,Alpine,France,23,7,10,1,2,False,False,6005.2,85.55,Soft,-3,100.09,True
36,2019,11,Belgium,Spa,Europe,7.004,44,2019-11-03,Dry,False,STR,Lance Stroll,Aston Martin,Canada,21,18,15,0,3,False,False,6062.8,136.751,Soft,3,101.05,False
36,2019,11,Belgium,Spa,Europe,7.004,44,2019-11-03,Dry,False,MAG,Kevin Magnussen,Haas,Denmark,27,5,1,26,2,True,False,6025.9,136.066,Soft,4,100.43,True
36,2019,11,Belgium,Spa,Europe,7.004,44,2019-11-03,Dry,False,HAM,Lewis Hamilton,Mercedes,Great Britain,34,12,7,6,1,False,False,6035.6,134.203,Medium,5,100.59,True
36,2019,11,Belgium,Spa,Europe,7.004,44,2019-11-03,Dry,False,SAI,Carlos Sainz,Ferrari,Spain,25,16,14,0,2,False,False,6070.4,136.705,Soft,2,101.17,False
36,2019,11,Belgium,Spa,Europe,7.004,44,2019-11-03,Dry,False,BOT,Valtteri Bottas,Alfa Romeo,Finland,30,8,13,0,1,True,False,6057.1,136.01,Medium,-5,100.95,False
36,2019,11,Belgium,Spa,Europe,7.004,44,2019-11-03,Dry,False,DEV,Nyck de Vries,AlphaTauri,Netherlands,24,1,3,15,1,False,False,6021.3,133.711,Soft,-2,100.36,True
36,2019,11,Belgium,Spa,Europe,7.004,44,2019-11-03,Dry,False,MSC,Mick Schumacher,Haas,Germany,20,20,19,0,2,False,False,6053.2,138.045,Hard,1,100.89,False
36,2019,11,Belgium,Spa,Europe,7.004,44,2019-11-03,Dry,False,RUS,George Russell,Mercedes,Great Britain,21,11,10,1,1,False,False,6036.5,133.311,Soft,1,100.61,True
36,2019,11,Belgium,Spa,Europe,7.004,44,2019-11-03,Dry,False,ALO,Fernando Alonso,Aston Martin,Spain,38,2,5,10,3,False,False,6021.3,136.464,Soft,-3,100.36,True
36,2019,11,Belgium,Spa,Europe,7.004,44,2019-11-03,Dry,False,LEC,Charles Leclerc,Ferrari,Monaco,22,8,12,0,3,False,False,6057.7,135.562,Medium,-4,100.96,False
36,2019,11,Belgium,Spa,Europe,7.004,44,2019-11-03,Dry,False,PER,Sergio Perez,Red Bull Racing,Mexico,29,4,2,18,2,False,False,6012.9,134.46,Medium,2,100.21,True
36,2019,11,Belgium,Spa,Europe,7.004,44,2019-11-03,Dry,False,VER,Max Verstappen,Red Bull Racing,Netherlands,21,14,18,0,2,False,False,6092.8,141.193,Medium,-4,101.55,False
36,2019,11,Belgium,Spa,Europe,7.004,44,2019-11-03,Dry,False,TSU,Yuki Tsunoda,AlphaTauri,Japan,19,20,20,0,1,False,False,6140.2,135.879,Soft,0,102.34,False
36,2019,11,Belgium,Spa,Europe,7.004,44,2019-11-03,Dry,False,ZHO,Guanyu Zhou,Alfa Romeo,China,20,11,11,0,2,False,False,6068.5,138.069,Soft,0,101.14,False
36,2019,11,Belgium,Spa,Europe,7.004,44,2019-11-03,Dry,False,ALB,Alexander Albon,Williams,Thailand,23,12,8,4,1,False,False,6044.9,136.76,Soft,4,100.75,True
36,2019,11,Belgium,Spa,Europe,7.004,44,2019-11-03,Dry,False,HUL,Nico Hulkenberg,Haas,Germany,32,8,6,8,1,False,False,6005.1,135.058,Soft,2,100.08,True
36,2019,11,Belgium,Spa,Europe,7.004,44,2019-11-03,Dry,False,GAS,Pierre Gasly,Alpine,France,23,10,9,3,2,True,False,6014.8,136.805,Medium,1,100.25,True
36,2019,11,Belgium,Spa,Europe,7.004,44,2019-11-03,Dry,False,SAR,Logan Sargeant,Williams,USA,19,15,17,0,1,False,False,6051.6,135.833,Soft,-2,100.86,False
36,2019,11,Belgium,Spa,Europe,7.004,44,2019-11-03,Dry,False,OCO,Esteban Ocon,Alpine,France,23,20,16,0,2,True,False,6032.1,136.651,Hard,4,100.54,False
36,2019,11,Belgium,Spa,Europe,7.004,44,2019-11-03,Dry,False,NOR,Lando Norris,McLaren,Great Britain,19,5,4,12,2,False,False,6008.3,135.933,Soft,1,100.14,True
37,2019,12,Netherlands,Zandvoort,Europe,4.259,72,2019-01-10,Wet,False,SAI,Carlos Sainz,Ferrari,Spain,25,8,7,6,1,False,False,6001.1,83.931,Medium,1,100.02,True
37,2019,12,Netherlands,Zandvoort,Europe,4.259,72,2019-01-10,Wet,False,VER,Max Verstappen,Red Bull Racing,Netherlands,21,18,13,0,3,False,False,6049.1,85.148,Soft,5,100.82,False
37,2019,12,Netherlands,Zandvoort,Europe,4.259,72,2019-01-10,Wet,False,HUL,Nico Hulkenberg,Haas,Germany,32,20,18,0,1,False,False,6011.1,81.541,Medium,2,100.18,False
37,2019,12,Netherlands,Zandvoort,Europe,4.259,72,2019-01-10,Wet,False,RUS,George Russell,Mercedes,Great Britain,21,14,11,0,3,False,False,6002.7,82.572,Soft,3,100.04,False
37,2019,12,Netherlands,Zandvoort,Europe,4.259,72,2019-01-10,Wet,False,HAM,Lewis Hamilton,Mercedes,Great Britain,34,9,8,5,2,True,False,6023.1,84.868,Medium,1,100.38,True
37,2019,12,Netherlands,Zandvoort,Europe,4.259,72,2019-01-10,Wet,False,DEV,Nyck de Vries,AlphaTauri,Netherlands,24,1,4,12,2,False,False,6013.3,82.22,Hard,-3,100.22,True
37,2019,12,Netherlands,Zandvoort,Europe,4.259,72,2019-01-10,Wet,False,ALO,Fernando Alonso,Aston Martin,Spain,38,16,17,0,2,False,False,6037.3,85.695,Medium,-1,100.62,False
37,2019,12,Netherlands,Zandvoort,Europe,4.259,72,2019-01-10,Wet,False,GAS,Pierre Gasly,Alpine,France,23,20,20,0,2,False,True,6024.6,83.425,Soft,0,100.41,False
37,2019,12,Netherlands,Zandvoort,Europe,4.259,72,2019-01-10,Wet,False,PER,Sergio Perez,Red Bull Racing,Mexico,29,17,17,0,2,False,True,6024.6,82.878,Soft,0,100.41,False
37,2019,12,Netherlands,Zandvoort,Europe,4.259,72,2019-01-10,Wet,False,LEC,Charles Leclerc,Ferrari,Monaco,22,11,9,2,1,False,False,6008.6,81.764,Soft,2,100.14,True
37,2019,12,Netherlands,Zandvoort,Europe,4.259,72,2019-01-10,Wet,False,TSU,Yuki Tsunoda,AlphaTauri,Japan,19,10,5,10,3,False,False,6018.6,84.737,Medium,5,100.31,True
37,2019,12,Netherlands,Zandvoort,Europe,4.259,72,2019-01-10,Wet,False,BOT,Valtteri Bottas,Alfa Romeo,Finland,30,16,20,0,2,False,False,6041.7,83.673,Hard,-4,100.7,False
37,2019,12,Netherlands,Zandvoort,Europe,4.259,72,2019-01-10,Wet,False,NOR,Lando Norris,McLaren,Great Britain,19,2,6,8,2,False,False,6003.5,82.339,Medium,-4,100.06,True
37,2019,12,Netherlands,Zandvoort,Europe,4.259,72,2019-01-10,Wet,False,MSC,Mick Schumacher,Haas,Germany,20,20,19,0,2,False,False,6039.5,81.503,Soft,1,100.66,False
37,2019,12,Netherlands,Zandvoort,Europe,4.259,72,2019-01-10,Wet,False,OCO,Esteban Ocon,Alpine,France,23,2,3,15,2,False,False,6004.6,85.467,Hard,-1,100.08,True
37,2019,12,Netherlands,Zandvoort,Europe,4.259,72,2019-01-10,Wet,False,ZHO,Guanyu Zhou,Alfa Romeo,China,20,11,10,2,2,True,False,6028.2,83.399,Medium,1,100.47,True
37,2019,12,Netherlands,Zandvoort,Europe,4.259,72,2019-01-10,Wet,False,MAG,Kevin Magnussen,Haas,Denmark,27,18,16,0,2,False,False,6035.7,83.434,Medium,2,100.6,False
37,2019,12,Netherlands,Zandvoort,Europe,4.259,72,2019-01-10,Wet,False,STR,Lance Stroll,Aston Martin,Canada,21,6,1,26,3,True,False,5999.2,84.293,Medium,5,99.99,True
37,2019,12,Netherlands,Zandvoort,Europe,4.259,72,2019-01-10,Wet,False,ALB,Alexander Albon,Williams,Thailand,23,12,14,0,2,False,False,6025.8,84.733,Hard,-2,100.43,False
37,2019,12,Netherlands,Zandvoort,Europe,4.259,72,2019-01-10,Wet,False,SAR,Logan Sargeant,Williams,USA,19,13,15,0,1,False,False,6063.7,83.497,Soft,-2,101.06,False
38,2019,13,Italy,Monza,Europe,5.793,53,2019-02-12,Dry,True,ALO,Fernando Alonso,Aston Martin,Spain,38,13,17,0,2,False,False,6059.3,111.484,Hard,-4,100.99,False
38,2019,13,Italy,Monza,Europe,5.793,53,2019-02-12,Dry,True,TSU,Yuki Tsunoda,AlphaTauri,Japan,19,10,15,0,2,False,False,6039.2,111.86,Soft,-5,100.65,False
38,2019,13,Italy,Monza,Europe,5.793,53,2019-02-12,Dry,True,SAI,Carlos Sainz,Ferrari,Spain,25,16,18,0,1,False,False,6049.8,116.762,Medium,-2,100.83,False
38,2019,13,Italy,Monza,Europe,5.793,53,2019-02-12,Dry,True,ZHO,Guanyu Zhou,Alfa Romeo,China,20,16,20,0,3,False,False,6040.2,114.297,Hard,-4,100.67,False
38,2019,13,Italy,Monza,Europe,5.793,53,2019-02-12,Dry,True,VER,Max Verstappen,Red Bull Racing,Netherlands,21,8,3,15,3,False,False,5985.7,110.996,Medium,5,99.76,True
38,2019,13,Italy,Monza,Europe,5.793,53,2019-02-12,Dry,True,GAS,Pierre Gasly,Alpine,France,23,1,2,18,1,False,False,6006.1,113.012,Medium,-1,100.1,True
38,2019,13,Italy,Monza,Europe,5.793,53,2019-02-12,Dry,True,MSC,Mick Schumacher,Haas,Germany,20,1,1,26,3,True,False,5964.6,111.221,Medium,0,99.41,True
38,2019,13,Italy,Monza,Europe,5.793,53,2019-02-12,Dry,True,LEC,Charles Leclerc,Ferrari,Monaco,22,8,7,6,2,False,False,6016.3,112.493,Soft,1,100.27,True
38,2019,13,Italy,Monza,Europe,5.793,53,2019-02-12,Dry,True,NOR,Lando Norris,McLaren,Great Britain,19,8,13,0,1,False,False,6031.5,112.577,Hard,-5,100.52,False
38,2019,13,Italy,Monza,Europe,5.793,53,2019-02-12,Dry,True,HUL,Nico Hulkenberg,Haas,Germany,32,3,4,12,2,False,False,6015.3,111.048,Soft,-1,100.26,True
38,2019,13,Italy,Monza,Europe,5.793,53,2019-02-12,Dry,True,RUS,George Russell,Mercedes,Great Britain,21,2,6,8,2,False,False,6014.5,113.744,Soft,-4,100.24,True
38,2019,13,Italy,Monza,Europe,5.793,53,2019-02-12,Dry,True,HAM,Lewis Hamilton,Mercedes,Great Britain,34,15,14,0,2,False,False,6024.6,115.502,Soft,1,100.41,False
38,2019,13,Italy,Monza,Europe,5.793,53,2019-02-12,Dry,True,ALB,Alexander Albon,Williams,Thailand,23,7,5,10,3,False,False,6020.4,112.326,Medium,2,100.34,True
38,2019,13,Italy,Monza,Europe,5.793,53,2019-02-12,Dry,True,SAR,Logan Sargeant,Williams,USA,19,12,12,0,1,False,False,6045.7,112.962,Hard,0,100.76,False
38,2019,13,Italy,Monza,Europe,5.793,53,2019-02-12,Dry,True,BOT,Valtteri Bottas,Alfa Romeo,Finland,30,14,9,2,2,False,False,6018.4,111.66,Medium,5,100.31,True
38,2019,13,Italy,Monza,Europe,5.793,53,2019-02-12,Dry,True,MAG,Kevin Magnussen,Haas,Denmark,27,20,19,0,1,False,False,6063.3,116.79,Medium,1,101.06,False
38,2019,13,Italy,Monza,Europe,5.793,53,2019-02-12,Dry,True,OCO,Esteban Ocon,Alpine,France,23,8,10,1,2,False,False,6036.4,113.315,Medium,-2,100.61,True
38,2019,13,Italy,Monza,Europe,5.793,53,2019-02-12,Dry,True,PER,Sergio Perez,Red Bull Racing,Mexico,29,9,11,0,2,False,False,6052.6,113.788,Medium,-2,100.88,False
38,2019,13,Italy,Monza,Europe,5.793,53,2019-02-12,Dry,True,STR,Lance Stroll,Aston Martin,Canada,21,20,19,0,3,False,True,6024.6,113.627,Medium,1,100.41,False
38,2019,13,Italy,Monza,Europe,5.793,53,2019-02-12,Dry,True,DEV,Nyck de Vries,AlphaTauri,Netherlands,24,11,16,0,2,False,False,6046.3,112.41,Soft,-5,100.77,False
39,2019,14,Singapore,Marina Bay,Asia Pacific,5.063,61,2019-03-13,Wet,False,HAM,Lewis Hamilton,Mercedes,Great Britain,34,10,13,0,1,False,False,6060.3,99.165,Medium,-3,101.01,False
39,2019,14,Singapore,Marina Bay,Asia Pacific,5.063,61,2019-03-13,Wet,False,RUS,George Russell,Mercedes,Great Britain,21,18,14,0,2,False,False,6076.6,101.944,Hard,4,101.28,False
39,2019,14,Singapore,Marina Bay,Asia Pacific,5.063,61,2019-03-13,Wet,False,ALB,Alexander Albon,Williams,Thailand,23,4,9,2,2,False,False,6081.5,104.285,Hard,-5,101.36,True
39,2019,14,Singapore,Marina Bay,Asia Pacific,5.063,61,2019-03-13,Wet,False,PER,Sergio Perez,Red Bull Racing,Mexico,29,12,15,0,2,False,False,6061.6,102.078,Medium,-3,101.03,False
39,2019,14,Singapore,Marina Bay,Asia Pacific,5.063,61,2019-03-13,Wet,False,NOR,Lando Norris,McLaren,Great Britain,19,5,5,10,2,False,False,6044.0,97.895,Medium,0,100.73,True
39,2019,14,Singapore,Marina Bay,Asia Pacific,5.063,61,2019-03-13,Wet,False,STR,Lance Stroll,Aston Martin,Canada,21,1,1,26,1,True,False,6038.2,98.127,Medium,0,100.64,True
39,2019,14,Singapore,Marina Bay,Asia Pacific,5.063,61,2019-03-13,Wet,False,SAI,Carlos Sainz,Ferrari,Spain,25,20,20,0,2,False,False,6117.5,99.381,Medium,0,101.96,False
39,2019,14,Singapore,Marina Bay,Asia Pacific,5.063,61,2019-03-13,Wet,False,OCO,Esteban Ocon,Alpine,France,23,8,3,15,2,False,False,6025.9,100.673,Soft,5,100.43,True
39,2019,14,Singapore,Marina Bay,Asia Pacific,5.063,61,2019-03-13,Wet,False,ALO,Fernando Alonso,Aston Martin,Spain,38,13,18,0,2,False,False,6096.3,96.725,Medium,-5,101.6,False
39,2019,14,Singapore,Marina Bay,Asia Pacific,5.063,61,2019-03-13,Wet,False,VER,Max Verstappen,Red Bull Racing,Netherlands,21,12,7,6,2,False,False,6041.3,98.748,Soft,5,100.69,True
39,2019,14,Singapore,Marina Bay,Asia Pacific,5.063,61,2019-03-13,Wet,False,GAS,Pierre Gasly,Alpine,France,23,20,17,0,2,False,False,6090.4,99.585,Medium,3,101.51,False
39,2019,14,Singapore,Marina Bay,Asia Pacific,5.063,61,2019-03-13,Wet,False,ZHO,Guanyu Zhou,Alfa Romeo,China,20,17,16,0,3,False,False,6098.9,96.903,Soft,1,101.65,False
39,2019,14,Singapore,Marina Bay,Asia Pacific,5.063,61,2019-03-13,Wet,False,BOT,Valtteri Bottas,Alfa Romeo,Finland,30,5,8,4,3,False,False,6029.4,98.006,Medium,-3,100.49,True
39,2019,14,Singapore,Marina Bay,Asia Pacific,5.063,61,2019-03-13,Wet,False,TSU,Yuki Tsunoda,AlphaTauri,Japan,19,1,4,12,3,False,False,6021.7,99.875,Medium,-3,100.36,True
39,2019,14,Singapore,Marina Bay,Asia Pacific,5.063,61,2019-03-13,Wet,False,SAR,Logan Sargeant,Williams,USA,19,6,6,8,2,False,False,6019.2,98.432,Medium,0,100.32,True
39,2019,14,Singapore,Marina Bay,Asia Pacific,5.063,61,2019-03-13,Wet,False,MAG,Kevin Magnussen,Haas,Denmark,27,10,12,0,2,False,False,6024.6,97.521,Soft,-2,100.41,False
39,2019,14,Singapore,Marina Bay,Asia Pacific,5.063,61,2019-03-13,Wet,False,MSC,Mick Schumacher,Haas,Germany,20,7,11,0,1,False,False,6058.3,98.684,Hard,-4,100.97,False
39,2019,14,Singapore,Marina Bay,Asia Pacific,5.063,61,2019-03-13,Wet,False,HUL,Nico Hulkenberg,Haas,Germany,32,20,19,0,2,False,False,6086.2,97.045,Medium,1,101.44,False
39,2019,14,Singapore,Marina Bay,Asia Pacific,5.063,61,2019-03-13,Wet,False,DEV,Nyck de Vries,AlphaTauri,Netherlands,24,11,10,1,2,False,False,6047.0,96.314,Hard,1,100.78,True
39,2019,14,Singapore,Marina Bay,Asia Pacific,5.063,61,2019-03-13,Wet,False,LEC,Charles Leclerc,Ferrari,Monaco,22,12,15,0,3,False,True,6024.6,98.097,Medium,-3,100.41,False
40,2019,15,Japan,Suzuka,Asia Pacific,5.807,53,2019-04-05,Dry,False,GAS,Pierre Gasly,Alpine,France,23,7,6,8,1,False,False,6017.1,112.02,Medium,1,100.29,True
40,2019,15,Japan,Suzuka,Asia Pacific,5.807,53,2019-04-05,Dry,False,PER,Sergio Perez,Red Bull Racing,Mexico,29,12,15,0,1,False,False,6040.1,113.329,Medium,-3,100.67,False
40,2019,15,Japan,Suzuka,Asia Pacific,5.807,53,2019-04-05,Dry,False,STR,Lance Stroll,Aston Martin,Canada,21,1,3,15,3,False,False,6019.9,114.104,Medium,-2,100.33,True
40,2019,15,Japan,Suzuka,Asia Pacific,5.807,53,2019-04-05,Dry,False,VER,Max Verstappen,Red Bull Racing,Netherlands,21,12,9,2,1,False,False,6054.7,104.285,Medium,3,100.91,True
40,2019,15,Japan,Suzuka,Asia Pacific,5.807,53,2019-04-05,Dry,False,ZHO,Guanyu Zhou,Alfa Romeo,China,20,4,8,4,3,False,False,6037.8,114.041,Hard,-4,100.63,True
40,2019,15,Japan,Suzuka,Asia Pacific,5.807,53,2019-04-05,Dry,False,HAM,Lewis Hamilton,Mercedes,Great Britain,34,10,11,0,2,False,False,6030.7,112.357,Medium,-1,100.51,False
40,2019,15,Japan,Suzuka,Asia Pacific,5.807,53,2019-04-05,Dry,False,HUL,Nico Hulkenberg,Haas,Germany,32,7,2,18,2,False,False,6017.2,112.964,Hard,5,100.29,True
40,2019,15,Japan,Suzuka,Asia Pacific,5.807,53,2019-04-05,Dry,False,MAG,Kevin Magnussen,Haas,Denmark,27,15,14,0,2,False,False,6017.9,111.24,Hard,1,100.3,False
40,2019,15,Japan,Suzuka,Asia Pacific,5.807,53,2019-04-05,Dry,False,LEC,Charles Leclerc,Ferrari,Monaco,22,20,16,0,2,False,False,6035.4,114.875,Soft,4,100.59,False
40,2019,15,Japan,Suzuka,Asia Pacific,5.807,53,2019-04-05,Dry,False,RUS,George Russell,Mercedes,Great Britain,21,20,19,0,1,False,False,6071.6,104.285,Soft,1,101.19,False
40,2019,15,Japan,Suzuka,Asia Pacific,5.807,53,2019-04-05,Dry,False,MSC,Mick Schumacher,Haas,Germany,20,13,13,0,2,False,False,6048.4,114.038,Medium,0,100.81,False
40,2019,15,Japan,Suzuka,Asia Pacific,5.807,53,2019-04-05,Dry,False,BOT,Valtteri Bottas,Alfa Romeo,Finland,30,11,12,0,1,False,False,6016.2,112.961,Medium,-1,100.27,False
40,2019,15,Japan,Suzuka,Asia Pacific,5.807,53,2019-04-05,Dry,False,SAI,Carlos Sainz,Ferrari,Spain,25,4,4,12,2,False,False,5999.8,112.285,Soft,0,100.0,True
40,2019,15,Japan,Suzuka,Asia Pacific,5.807,53,2019-04-05,Dry,False,ALB,Alexander Albon,Williams,Thailand,23,15,17,0,2,False,False,6079.5,113.144,Medium,-2,101.32,False
40,2019,15,Japan,Suzuka,Asia Pacific,5.807,53,2019-04-05,Dry,False,OCO,Esteban Ocon,Alpine,France,23,8,5,11,3,True,False,6018.7,114.682,Soft,3,100.31,True
40,2019,15,Japan,Suzuka,Asia Pacific,5.807,53,2019-04-05,Dry,False,ALO,Fernando Alonso,Aston Martin,Spain,38,15,18,0,1,False,False,6076.4,111.265,Medium,-3,101.27,False
40,2019,15,Japan,Suzuka,Asia Pacific,5.807,53,2019-04-05,Dry,False,DEV,Nyck de Vries,AlphaTauri,Netherlands,24,3,1,26,2,True,False,6027.9,111.383,Soft,2,100.46,True
40,2019,15,Japan,Suzuka,Asia Pacific,5.807,53,2019-04-05,Dry,False,SAR,Logan Sargeant,Williams,USA,19,12,7,6,1,False,False,6029.9,113.685,Soft,5,100.5,True
40,2019,15,Japan,Suzuka,Asia Pacific,5.807,53,2019-04-05,Dry,False,NOR,Lando Norris,McLaren,Great Britain,19,20,20,0,2,False,False,6054.9,115.793,Medium,0,100.92,False
40,2019,15,Japan,Suzuka,Asia Pacific,5.807,53,2019-04-05,Dry,False,TSU,Yuki Tsunoda,AlphaTauri,Japan,19,14,10,1,2,False,False,6032.5,110.268,Medium,4,100.54,True
41,2019,16,United States,Austin,Americas,5.513,56,2019-05-14,Dry,True,STR,Lance Stroll,Aston Martin,Canada,21,11,16,0,1,False,False,6057.4,105.228,Hard,-5,100.96,False
41,2019,16,United States,Austin,Americas,5.513,56,2019-05-14,Dry,True,SAR,Logan Sargeant,Williams,USA,19,5,5,10,2,False,False,6042.0,107.947,Soft,0,100.7,True
41,2019,16,United States,Austin,Americas,5.513,56,2019-05-14,Dry,True,PER,Sergio Perez,Red Bull Racing,Mexico,29,17,20,0,3,False,False,6088.1,107.163,Medium,-3,101.47,False
41,2019,16,United States,Austin,Americas,5.513,56,2019-05-14,Dry,True,TSU,Yuki Tsunoda,AlphaTauri,Japan,19,1,3,15,2,False,False,6040.7,106.683,Medium,-2,100.68,True
41,2019,16,United States,Austin,Americas,5.513,56,2019-05-14,Dry,True,SAI,Carlos Sainz,Ferrari,Spain,25,7,10,1,1,False,False,6021.4,108.425,Soft,-3,100.36,True
41,2019,16,United States,Austin,Americas,5.513,56,2019-05-14,Dry,True,OCO,Esteban Ocon,Alpine,France,23,20,19,0,2,True,True,6024.6,108.05,Medium,1,100.41,False
41,2019,16,United States,Austin,Americas,5.513,56,2019-05-14,Dry,True,RUS,George Russell,Mercedes,Great Britain,21,16,14,0,3,False,False,6093.5,108.0,Medium,2,101.56,False
41,2019,16,United States,Austin,Americas,5.513,56,2019-05-14,Dry,True,BOT,Valtteri Bottas,Alfa Romeo,Finland,30,19,15,0,2,True,True,6024.6,107.769,Soft,4,100.41,False
41,2019,16,United States,Austin,Americas,5.513,56,2019-05-14,Dry,True,ALB,Alexander Albon,Williams,Thailand,23,5,6,8,3,False,False,6073.0,106.435,Hard,-1,101.22,True
41,2019,16,United States,Austin,Americas,5.513,56,2019-05-14,Dry,True,LEC,Charles Leclerc,Ferrari,Monaco,22,7,4,13,2,True,False,6011.0,108.405,Medium,3,100.18,True
41,2019,16,United States,Austin,Americas,5.513,56,2019-05-14,Dry,True,NOR,Lando Norris,McLaren,Great Britain,19,16,13,0,1,False,False,6075.0,108.463,Hard,3,101.25,False
41,2019,16,United States,Austin,Americas,5.513,56,2019-05-14,Dry,True,ALO,Fernando Alonso,Aston Martin,Spain,38,13,18,0,1,False,False,6036.4,104.744,Medium,-5,100.61,False
41,2019,16,United States,Austin,Americas,5.513,56,2019-05-14,Dry,True,GAS,Pierre Gasly,Alpine,France,23,8,7,6,2,False,False,6044.3,104.285,Medium,1,100.74,True
41,2019,16,United States,Austin,Americas,5.513,56,2019-05-14,Dry,True,MSC,Mick Schumacher,Haas,Germany,20,17,18,0,3,False,True,6024.6,105.414,Medium,-1,100.41,False
41,2019,16,United States,Austin,Americas,5.513,56,2019-05-14,Dry,True,HAM,Lewis Hamilton,Mercedes,Great Britain,34,3,2,18,2,False,False,6008.1,107.949,Soft,1,100.14,True
41,2019,16,United States,Austin,Americas,5.513,56,2019-05-14,Dry,True,MAG,Kevin Magnussen,Haas,Denmark,27,20,15,0,2,True,False,6037.9,106.011,Medium,5,100.63,False
41,2019,16,United States,Austin,Americas,5.513,56,2019-05-14,Dry,True,DEV,Nyck de Vries,AlphaTauri,Netherlands,24,7,12,0,1,False,False,6058.4,106.674,Soft,-5,100.97,False
41,2019,16,United States,Austin,Americas,5.513,56,2019-05-14,Dry,True,ZHO,Guanyu Zhou,Alfa Romeo,China,20,2,1,26,3,True,False,6006.2,105.847,Hard,1,100.1,True
41,2019,16,United States,Austin,Americas,5.513,56,2019-05-14,Dry,True,HUL,Nico Hulkenberg,Haas,Germany,32,20,16,0,2,False,True,6024.6,107.674,Hard,4,100.41,False
41,2019,16,United States,Austin,Americas,5.513,56,2019-05-14,Dry,True,VER,Max Verstappen,Red Bull Racing,Netherlands,21,9,11,0,3,False,False,6049.4,109.933,Medium,-2,100.82,False
42,2019,17,Mexico,Mexico City,Americas,4.304,71,2019-06-12,Wet,True,DEV,Nyck de Vries,AlphaTauri,Netherlands,24,16,19,0,2,False,False,6029.5,85.192,Soft,-3,100.49,False
42,2019,17,Mexico,Mexico City,Americas,4.304,71,2019-06-12,Wet,True,NOR,Lando Norris,McLaren,Great Britain,19,19,20,0,2,False,False,6020.5,85.108,Medium,-1,100.34,False
42,2019,17,Mexico,Mexico City,Americas,4.304,71,2019-06-12,Wet,True,SAI,Carlos Sainz,Ferrari,Spain,25,16,12,0,2,False,False,6000.6,79.585,Soft,4,100.01,False
42,2019,17,Mexico,Mexico City,Americas,4.304,71,2019-06-12,Wet,True,PER,Sergio Perez,Red Bull Racing,Mexico,29,6,2,18,2,False,False,5965.2,85.443,Hard,4,99.42,True
42,2019,17,Mexico,Mexico City,Americas,4.304,71,2019-06-12,Wet,True,TSU,Yuki Tsunoda,AlphaTauri,Japan,19,9,4,12,2,False,False,6003.8,83.04,Medium,5,100.06,True
42,2019,17,Mexico,Mexico City,Americas,4.304,71,2019-06-12,Wet,True,HAM,Lewis Hamilton,Mercedes,Great Britain,34,8,5,10,2,False,False,5996.4,81.333,Medium,3,99.94,True
42,2019,17,Mexico,Mexico City,Americas,4.304,71,2019-06-12,Wet,True,HUL,Nico Hulkenberg,Haas,Germany,32,1,1,26,3,True,False,5971.3,85.0,Medium,0,99.52,True
42,2019,17,Mexico,Mexico City,Americas,4.304,71,2019-06-12,Wet,True,STR,Lance Stroll,Aston Martin,Canada,21,15,16,0,2,False,False,6009.8,82.501,Soft,-1,100.16,False
42,2019,17,Mexico,Mexico City,Americas,4.304,71,2019-06-12,Wet,True,GAS,Pierre Gasly,Alpine,France,23,5,3,15,2,False,False,5948.8,81.353,Hard,2,99.15,True
42,2019,17,Mexico,Mexico City,Americas,4.304,71,2019-06-12,Wet,True,MAG,Kevin Magnussen,Haas,Denmark,27,20,15,0,1,False,True,6024.6,83.521,Medium,5,100.41,False
42,2019,17,Mexico,Mexico City,Americas,4.304,71,2019-06-12,Wet,True,VER,Max Verstappen,Red Bull Racing,Netherlands,21,9,14,0,2,False,False,6024.8,84.147,Medium,-5,100.41,False
42,2019,17,Mexico,Mexico City,Americas,4.304,71,2019-06-12,Wet,True,SAR,Logan Sargeant,Williams,USA,19,19,18,0,2,False,False,6012.8,84.016,Soft,1,100.21,False
42,2019,17,Mexico,Mexico City,Americas,4.304,71,2019-06-12,Wet,True,MSC,Mick Schumacher,Haas,Germany,20,19,15,0,3,False,False,6023.8,86.352,Soft,4,100.4,False
42,2019,17,Mexico,Mexico City,Americas,4.304,71,2019-06-12,Wet,True,LEC,Charles Leclerc,Ferrari,Monaco,22,18,13,0,3,False,False,5976.2,82.98,Medium,5,99.6,False
42,2019,17,Mexico,Mexico City,Americas,4.304,71,2019-06-12,Wet,True,ALB,Alexander Albon,Williams,Thailand,23,9,9,2,2,False,False,6016.2,83.277,Hard,0,100.27,True
42,2019,17,Mexico,Mexico City,Americas,4.304,71,2019-06-12,Wet,True,RUS,George Russell,Mercedes,Great Britain,21,7,11,0,2,False,False,5961.3,83.448,Soft,-4,99.36,False
42,2019,17,Mexico,Mexico City,Americas,4.304,71,2019-06-12,Wet,True,BOT,Valtteri Bottas,Alfa Romeo,Finland,30,13,10,1,2,False,False,6022.2,82.715,Soft,3,100.37,True
42,2019,17,Mexico,Mexico City,Americas,4.304,71,2019-06-12,Wet,True,ALO,Fernando Alonso,Aston Martin,Spain,38,9,7,6,1,False,False,5968.5,84.436,Hard,2,99.48,True
42,2019,17,Mexico,Mexico City,Americas,4.304,71,2019-06-12,Wet,True,ZHO,Guanyu Zhou,Alfa Romeo,China,20,19,15,0,3,False,True,6024.6,80.968,Hard,4,100.41,False
42,2019,17,Mexico,Mexico City,Americas,4.304,71,2019-06-12,Wet,True,OCO,Esteban Ocon,Alpine,France,23,6,8,4,2,False,False,5968.4,83.86,Medium,-2,99.47,True
43,2019,18,Brazil,Sao Paulo,Americas,4.309,71,2019-07-17,Dry,False,MSC,Mick Schumacher,Haas,Germany,20,1,1,26,2,True,False,5950.2,85.299,Hard,0,99.17,True
43,2019,18,Brazil,Sao Paulo,Americas,4.309,71,2019-07-17,Dry,False,ZHO,Guanyu Zhou,Alfa Romeo,China,20,6,7,6,1,False,False,5962.3,82.623,Medium,-1,99.37,True
43,2019,18,Brazil,Sao Paulo,Americas,4.309,71,2019-07-17,Dry,False,STR,Lance Stroll,Aston Martin,Canada,21,20,18,0,1,False,False,6035.5,83.768,Soft,2,100.59,False
43,2019,18,Brazil,Sao Paulo,Americas,4.309,71,2019-07-17,Dry,False,BOT,Valtteri Bottas,Alfa Romeo,Finland,30,1,4,12,2,False,False,5987.8,82.584,Medium,-3,99.8,True
43,2019,18,Brazil,Sao Paulo,Americas,4.309,71,2019-07-17,Dry,False,DEV,Nyck de Vries,AlphaTauri,Netherlands,24,7,2,18,2,False,False,5966.1,82.17,Soft,5,99.44,True
43,2019,18,Brazil,Sao Paulo,Americas,4.309,71,2019-07-17,Dry,False,ALO,Fernando Alonso,Aston Martin,Spain,38,11,8,4,2,False,False,6003.9,84.464,Soft,3,100.06,True
43,2019,18,Brazil,Sao Paulo,Americas,4.309,71,2019-07-17,Dry,False,TSU,Yuki Tsunoda,AlphaTauri,Japan,19,6,6,8,2,False,False,5971.1,83.385,Soft,0,99.52,True
43,2019,18,Brazil,Sao Paulo,Americas,4.309,71,2019-07-17,Dry,False,RUS,George Russell,Mercedes,Great Britain,21,20,16,0,2,False,False,6025.8,104.285,Soft,4,100.43,False
43,2019,18,Brazil,Sao Paulo,Americas,4.309,71,2019-07-17,Dry,False,HUL,Nico Hulkenberg,Haas,Germany,32,4,5,10,1,False,False,5969.1,104.285,Soft,-1,99.48,True
43,2019,18,Brazil,Sao Paulo,Americas,4.309,71,2019-07-17,Dry,False,PER,Sergio Perez,Red Bull Racing,Mexico,29,3,3,15,1,False,False,5988.6,82.371,Medium,0,99.81,True
43,2019,18,Brazil,Sao Paulo,Americas,4.309,71,2019-07-17,Dry,False,SAR,Logan Sargeant,Williams,USA,19,14,16,0,2,False,True,6024.6,84.634,Medium,-2,100.41,False
43,2019,18,Brazil,Sao Paulo,Americas,4.309,71,2019-07-17,Dry,False,MAG,Kevin Magnussen,Haas,Denmark,27,4,9,2,2,False,False,5989.1,85.107,Soft,-5,99.82,True
43,2019,18,Brazil,Sao Paulo,Americas,4.309,71,2019-07-17,Dry,False,OCO,Esteban Ocon,Alpine,France,23,17,20,0,2,False,False,6045.2,82.69,Medium,-3,100.75,False
43,2019,18,Brazil,Sao Paulo,Americas,4.309,71,2019-07-17,Dry,False,SAI,Carlos Sainz,Ferrari,Spain,25,6,11,0,1,False,False,6007.3,86.609,Medium,-5,100.12,False
43,2019,18,Brazil,Sao Paulo,Americas,4.309,71,2019-07-17,Dry,False,HAM,Lewis Hamilton,Mercedes,Great Britain,34,20,19,0,1,False,False,6023.3,83.175,Soft,1,100.39,False
43,2019,18,Brazil,Sao Paulo,Americas,4.309,71,2019-07-17,Dry,False,VER,Max Verstappen,Red Bull Racing,Netherlands,21,13,13,0,1,False,False,5997.9,84.528,Medium,0,99.96,False
43,2019,18,Brazil,Sao Paulo,Americas,4.309,71,2019-07-17,Dry,False,NOR,Lando Norris,McLaren,Great Britain,19,14,10,1,1,False,False,6010.1,84.73,Medium,4,100.17,True
43,2019,18,Brazil,Sao Paulo,Americas,4.309,71,2019-07-17,Dry,False,ALB,Alexander Albon,Williams,Thailand,23,10,15,0,3,False,False,5995.8,85.034,Hard,-5,99.93,False
43,2019,18,Brazil,Sao Paulo,Americas,4.309,71,2019-07-17,Dry,False,GAS,Pierre Gasly,Alpine,France,23,17,17,0,1,False,False,6041.5,84.545,Hard,0,100.69,False
43,2019,18,Brazil,Sao Paulo,Americas,4.309,71,2019-07-17,Dry,False,LEC,Charles Leclerc,Ferrari,Monaco,22,10,15,0,2,False,True,6024.6,85.811,Medium,-5,100.41,False
44,2019,19,Abu Dhabi,Yas Marina,Middle East,5.281,55,2019-08-10,Dry,False,OCO,Esteban Ocon,Alpine,France,23,4,6,8,2,False,False,5694.0,102.806,Soft,-2,94.9,True
44,2019,19,Abu Dhabi,Yas Marina,Middle East,5.281,55,2019-08-10,Dry,False,GAS,Pierre Gasly,Alpine,France,23,7,3,15,2,False,False,5674.3,103.827,Soft,4,94.57,True
44,2019,19,Abu Dhabi,Yas Marina,Middle East,5.281,55,2019-08-10,Dry,False,RUS,George Russell,Mercedes,Great Britain,21,7,10,1,2,False,False,5664.2,103.134,Medium,-3,94.4,True
44,2019,19,Abu Dhabi,Yas Marina,Middle East,5.281,55,2019-08-10,Dry,False,MSC,Mick Schumacher,Haas,Germany,20,12,9,2,2,False,False,5688.2,104.076,Soft,3,94.8,True
44,2019,19,Abu Dhabi,Yas Marina,Middle East,5.281,55,2019-08-10,Dry,False,NOR,Lando Norris,McLaren,Great Britain,19,18,14,0,2,False,False,5712.9,104.839,Hard,4,95.21,False
44,2019,19,Abu Dhabi,Yas Marina,Middle East,5.281,55,2019-08-10,Dry,False,STR,Lance Stroll,Aston Martin,Canada,21,19,19,0,2,False,False,5724.7,104.01,Medium,0,95.41,False
44,2019,19,Abu Dhabi,Yas Marina,Middle East,5.281,55,2019-08-10,Dry,False,TSU,Yuki Tsunoda,AlphaTauri,Japan,19,10,15,0,2,False,False,5719.8,101.672,Medium,-5,95.33,False
44,2019,19,Abu Dhabi,Yas Marina,Middle East,5.281,55,2019-08-10,Dry,False,SAI,Carlos Sainz,Ferrari,Spain,25,18,16,0,2,False,False,5716.6,100.969,Soft,2,95.28,False
44,2019,19,Abu Dhabi,Yas Marina,Middle East,5.281,55,2019-08-10,Dry,False,ALO,Fernando Alonso,Aston Martin,Spain,38,4,2,18,2,False,False,5689.8,104.285,Soft,2,94.83,True
44,2019,19,Abu Dhabi,Yas Marina,Middle East,5.281,55,2019-08-10,Dry,False,DEV,Nyck de Vries,AlphaTauri,Netherlands,24,18,20,0,1,False,True,6024.6,104.008,Medium,-2,100.41,False
44,2019,19,Abu Dhabi,Yas Marina,Middle East,5.281,55,2019-08-10,Dry,False,HUL,Nico Hulkenberg,Haas,Germany,32,7,4,12,2,False,False,5681.4,103.659,Medium,3,94.69,True
44,2019,19,Abu Dhabi,Yas Marina,Middle East,5.281,55,2019-08-10,Dry,False,MAG,Kevin Magnussen,Haas,Denmark,27,3,8,4,2,False,False,5720.1,102.832,Soft,-5,95.34,True
44,2019,19,Abu Dhabi,Yas Marina,Middle East,5.281,55,2019-08-10,Dry,False,PER,Sergio Perez,Red Bull Racing,Mexico,29,17,20,0,2,False,False,5728.0,103.632,Hard,-3,95.47,False
44,2019,19,Abu Dhabi,Yas Marina,Middle East,5.281,55,2019-08-10,Dry,False,SAR,Logan Sargeant,Williams,USA,19,8,12,0,2,False,False,5696.7,101.016,Medium,-4,94.94,False
44,2019,19,Abu Dhabi,Yas Marina,Middle East,5.281,55,2019-08-10,Dry,False,BOT,Valtteri Bottas,Alfa Romeo,Finland,30,17,17,0,2,False,False,5733.0,102.552,Hard,0,95.55,False
44,2019,19,Abu Dhabi,Yas Marina,Middle East,5.281,55,2019-08-10,Dry,False,VER,Max Verstappen,Red Bull Racing,Netherlands,21,3,5,10,3,False,False,5693.3,100.607,Medium,-2,94.89,True
44,2019,19,Abu Dhabi,Yas Marina,Middle East,5.281,55,2019-08-10,Dry,False,HAM,Lewis Hamilton,Mercedes,Great Britain,34,1,1,26,2,True,False,5671.5,102.033,Medium,0,94.52,True
44,2019,19,Abu Dhabi,Yas Marina,Middle East,5.281,55,2019-08-10,Dry,False,ALB,Alexander Albon,Williams,Thailand,23,2,7,6,3,False,False,5702.8,102.758,Medium,-5,95.05,True
44,2019,19,Abu Dhabi,Yas Marina,Middle East,5.281,55,2019-08-10,Dry,False,LEC,Charles Leclerc,Ferrari,Monaco,22,17,18,0,3,True,False,5728.9,104.397,Soft,-1,95.48,False
44,2019,19,Abu Dhabi,Yas Marina,Middle East,5.281,55,2019-08-10,Dry,False,ZHO,Guanyu Zhou,Alfa Romeo,China,20,15,13,0,1,False,False,5738.8,103.206,Soft,2,95.65,False
45,2019,20,China,Shanghai,Asia Pacific,5.451,56,2019-09-22,Dry,False,LEC,Charles Leclerc,Ferrari,Monaco,22,3,6,8,1,False,False,5971.3,106.693,Soft,-3,99.52,True
45,2019,20,China,Shanghai,Asia Pacific,5.451,56,2019-09-22,Dry,False,SAR,Logan Sargeant,Williams,USA,19,7,3,15,2,False,False,5975.4,107.437,Medium,4,99.59,True
45,2019,20,China,Shanghai,Asia Pacific,5.451,56,2019-09-22,Dry,False,RUS,George Russell,Mercedes,Great Britain,21,4,9,2,2,False,False,5987.3,104.776,Soft,-5,99.79,True
45,2019,20,China,Shanghai,Asia Pacific,5.451,56,2019-09-22,Dry,False,HAM,Lewis Hamilton,Mercedes,Great Britain,34,13,15,0,1,True,False,6025.0,104.29,Medium,-2,100.42,False
45,2019,20,China,Shanghai,Asia Pacific,5.451,56,2019-09-22,Dry,False,MSC,Mick Schumacher,Haas,Germany,20,1,1,26,2,True,False,5927.8,105.273,Soft,0,98.8,True
45,2019,20,China,Shanghai,Asia Pacific,5.451,56,2019-09-22,Dry,False,TSU,Yuki Tsunoda,AlphaTauri,Japan,19,2,7,6,2,False,False,5983.5,105.105,Soft,-5,99.72,True
45,2019,20,China,Shanghai,Asia Pacific,5.451,56,2019-09-22,Dry,False,MAG,Kevin Magnussen,Haas,Denmark,27,18,17,0,1,False,False,6015.7,106.892,Medium,1,100.26,False
45,2019,20,China,Shanghai,Asia Pacific,5.451,56,2019-09-22,Dry,False,OCO,Esteban Ocon,Alpine,France,23,4,4,12,3,False,False,5973.7,105.543,Medium,0,99.56,True
45,2019,20,China,Shanghai,Asia Pacific,5.451,56,2019-09-22,Dry,False,ALO,Fernando Alonso,Aston Martin,Spain,38,14,12,0,2,False,False,5996.4,108.949,Medium,2,99.94,False
45,2019,20,China,Shanghai,Asia Pacific,5.451,56,2019-09-22,Dry,False,ALB,Alexander Albon,Williams,Thailand,23,14,18,0,2,False,False,5987.4,105.777,Hard,-4,99.79,False
45,2019,20,China,Shanghai,Asia Pacific,5.451,56,2019-09-22,Dry,False,PER,Sergio Perez,Red Bull Racing,Mexico,29,15,11,0,3,False,False,5975.1,106.062,Medium,4,99.58,False
45,2019,20,China,Shanghai,Asia Pacific,5.451,56,2019-09-22,Dry,False,GAS,Pierre Gasly,Alpine,France,23,10,8,4,3,False,False,5975.3,107.122,Medium,2,99.59,True
45,2019,20,China,Shanghai,Asia Pacific,5.451,56,2019-09-22,Dry,False,STR,Lance Stroll,Aston Martin,Canada,21,15,14,0,2,False,False,6007.0,106.326,Medium,1,100.12,False
45,2019,20,China,Shanghai,Asia Pacific,5.451,56,2019-09-22,Dry,False,DEV,Nyck de Vries,AlphaTauri,Netherlands,24,16,17,0,2,False,True,6024.6,104.789,Hard,-1,100.41,False
45,2019,20,China,Shanghai,Asia Pacific,5.451,56,2019-09-22,Dry,False,ZHO,Guanyu Zhou,Alfa Romeo,China,20,7,5,11,2,True,False,6024.6,106.36,Soft,2,100.41,True
45,2019,20,China,Shanghai,Asia Pacific,5.451,56,2019-09-22,Dry,False,SAI,Carlos Sainz,Ferrari,Spain,25,15,20,0,2,False,False,6024.6,107.903,Medium,-5,100.41,False
45,2019,20,China,Shanghai,Asia Pacific,5.451,56,2019-09-22,Dry,False,NOR,Lando Norris,McLaren,Great Britain,19,11,10,1,1,False,False,6000.5,108.23,Soft,1,100.01,True
45,2019,20,China,Shanghai,Asia Pacific,5.451,56,2019-09-22,Dry,False,BOT,Valtteri Bottas,Alfa Romeo,Finland,30,1,2,19,2,True,False,5966.2,107.381,Medium,-1,99.44,True
45,2019,20,China,Shanghai,Asia Pacific,5.451,56,2019-09-22,Dry,False,HUL,Nico Hulkenberg,Haas,Germany,32,17,16,0,2,False,False,5988.8,102.066,Hard,1,99.81,False
45,2019,20,China,Shanghai,Asia Pacific,5.451,56,2019-09-22,Dry,False,VER,Max Verstappen,Red Bull Racing,Netherlands,21,18,19,0,2,False,False,6032.3,103.385,Hard,-1,100.54,False
46,2019,21,Qatar,Lusail,Middle East,5.38,57,2019-10-12,Mixed,True,HUL,Nico Hulkenberg,Haas,Germany,32,18,14,0,2,False,False,6051.0,102.04,Soft,4,100.85,False
46,2019,21,Qatar,Lusail,Middle East,5.38,57,2019-10-12,Mixed,True,GAS,Pierre Gasly,Alpine,France,23,20,17,0,3,False,False,6054.7,104.285,Soft,3,100.91,False
46,2019,21,Qatar,Lusail,Middle East,5.38,57,2019-10-12,Mixed,True,PER,Sergio Perez,Red Bull Racing,Mexico,29,1,1,26,2,True,False,6011.4,108.348,Medium,0,100.19,True
46,2019,21,Qatar,Lusail,Middle East,5.38,57,2019-10-12,Mixed,True,HAM,Lewis Hamilton,Mercedes,Great Britain,34,5,5,10,1,False,False,5989.6,107.202,Medium,0,99.83,True
46,2019,21,Qatar,Lusail,Middle East,5.38,57,2019-10-12,Mixed,True,BOT,Valtteri Bottas,Alfa Romeo,Finland,30,20,18,0,2,False,False,6040.7,105.749,Hard,2,100.68,False
46,2019,21,Qatar,Lusail,Middle East,5.38,57,2019-10-12,Mixed,True,STR,Lance Stroll,Aston Martin,Canada,21,19,20,0,3,False,False,6006.6,104.215,Hard,-1,100.11,False
46,2019,21,Qatar,Lusail,Middle East,5.38,57,2019-10-12,Mixed,True,ALO,Fernando Alonso,Aston Martin,Spain,38,19,17,0,2,False,True,6024.6,102.771,Soft,2,100.41,False
46,2019,21,Qatar,Lusail,Middle East,5.38,57,2019-10-12,Mixed,True,OCO,Esteban Ocon,Alpine,France,23,7,12,0,2,False,False,6037.6,105.78,Soft,-5,100.63,False
46,2019,21,Qatar,Lusail,Middle East,5.38,57,2019-10-12,Mixed,True,ZHO,Guanyu Zhou,Alfa Romeo,China,20,10,10,1,1,False,False,6020.3,103.776,Soft,0,100.34,True
46,2019,21,Qatar,Lusail,Middle East,5.38,57,2019-10-12,Mixed,True,DEV,Nyck de Vries,AlphaTauri,Netherlands,24,11,9,2,3,False,False,6018.8,104.003,Soft,2,100.31,True
46,2019,21,Qatar,Lusail,Middle East,5.38,57,2019-10-12,Mixed,True,TSU,Yuki Tsunoda,AlphaTauri,Japan,19,6,4,12,2,False,False,5991.8,103.435,Medium,2,99.86,True
46,2019,21,Qatar,Lusail,Middle East,5.38,57,2019-10-12,Mixed,True,LEC,Charles Leclerc,Ferrari,Monaco,22,11,7,6,1,False,False,6008.4,106.048,Hard,4,100.14,True
46,2019,21,Qatar,Lusail,Middle East,5.38,57,2019-10-12,Mixed,True,VER,Max Verstappen,Red Bull Racing,Netherlands,21,15,19,0,1,False,False,6036.8,105.137,Hard,-4,100.61,False
46,2019,21,Qatar,Lusail,Middle East,5.38,57,2019-10-12,Mixed,True,SAI,Carlos Sainz,Ferrari,Spain,25,5,6,8,2,False,False,6022.8,105.629,Soft,-1,100.38,True
46,2019,21,Qatar,Lusail,Middle East,5.38,57,2019-10-12,Mixed,True,SAR,Logan Sargeant,Williams,USA,19,2,3,15,3,False,False,6014.5,106.243,Soft,-1,100.24,True
46,2019,21,Qatar,Lusail,Middle East,5.38,57,2019-10-12,Mixed,True,RUS,George Russell,Mercedes,Great Britain,21,20,16,0,1,False,False,6049.5,104.965,Soft,4,100.82,False
46,2019,21,Qatar,Lusail,Middle East,5.38,57,2019-10-12,Mixed,True,MSC,Mick Schumacher,Haas,Germany,20,17,13,0,2,False,False,6043.7,105.606,Medium,4,100.73,False
46,2019,21,Qatar,Lusail,Middle East,5.38,57,2019-10-12,Mixed,True,ALB,Alexander Albon,Williams,Thailand,23,14,15,0,2,False,False,6044.9,104.163,Soft,-1,100.75,False
46,2019,21,Qatar,Lusail,Middle East,5.38,57,2019-10-12,Mixed,True,MAG,Kevin Magnussen,Haas,Denmark,27,5,2,18,2,False,False,5981.6,103.826,Medium,3,99.69,True
46,2019,21,Qatar,Lusail,Middle East,5.38,57,2019-10-12,Mixed,True,NOR,Lando Norris,McLaren,Great Britain,19,12,11,0,2,False,False,6034.5,103.566,Medium,1,100.58,False
47,2019,22,Las Vegas,Las Vegas,Americas,6.201,50,2019-11-16,Wet,True,SAR,Logan Sargeant,Williams,USA,19,20,18,0,1,False,False,6105.4,121.186,Medium,2,101.76,False
47,2019,22,Las Vegas,Las Vegas,Americas,6.201,50,2019-11-16,Wet,True,SAI,Carlos Sainz,Ferrari,Spain,25,1,1,26,3,True,False,6024.6,120.825,Medium,0,100.41,True
47,2019,22,Las Vegas,Las Vegas,Americas,6.201,50,2019-11-16,Wet,True,VER,Max Verstappen,Red Bull Racing,Netherlands,21,15,12,0,1,False,False,6079.3,121.369,Soft,3,101.32,False
47,2019,22,Las Vegas,Las Vegas,Americas,6.201,50,2019-11-16,Wet,True,DEV,Nyck de Vries,AlphaTauri,Netherlands,24,19,17,0,2,False,False,6109.3,121.692,Soft,2,101.82,False
47,2019,22,Las Vegas,Las Vegas,Americas,6.201,50,2019-11-16,Wet,True,STR,Lance Stroll,Aston Martin,Canada,21,18,13,0,2,False,False,6075.9,125.089,Hard,5,101.26,False
47,2019,22,Las Vegas,Las Vegas,Americas,6.201,50,2019-11-16,Wet,True,OCO,Esteban Ocon,Alpine,France,23,6,11,0,1,False,False,6076.2,121.93,Medium,-5,101.27,False
47,2019,22,Las Vegas,Las Vegas,Americas,6.201,50,2019-11-16,Wet,True,GAS,Pierre Gasly,Alpine,France,23,19,15,0,1,False,False,6106.1,122.281,Medium,4,101.77,False
47,2019,22,Las Vegas,Las Vegas,Americas,6.201,50,2019-11-16,Wet,True,MAG,Kevin Magnussen,Haas,Denmark,27,3,6,8,1,False,False,6060.6,119.688,Hard,-3,101.01,True
47,2019,22,Las Vegas,Las Vegas,Americas,6.201,50,2019-11-16,Wet,True,MSC,Mick Schumacher,Haas,Germany,20,5,7,6,3,False,False,6049.7,124.068,Medium,-2,100.83,True
47,2019,22,Las Vegas,Las Vegas,Americas,6.201,50,2019-11-16,Wet,True,ALO,Fernando Alonso,Aston Martin,Spain,38,11,8,4,1,False,False,6078.7,120.185,Soft,3,101.31,True
47,2019,22,Las Vegas,Las Vegas,Americas,6.201,50,2019-11-16,Wet,True,PER,Sergio Perez,Red Bull Racing,Mexico,29,15,16,0,1,False,False,6121.0,121.579,Medium,-1,102.02,False
47,2019,22,Las Vegas,Las Vegas,Americas,6.201,50,2019-11-16,Wet,True,RUS,George Russell,Mercedes,Great Britain,21,1,5,10,1,False,False,6057.7,121.361,Medium,-4,100.96,True
47,2019,22,Las Vegas,Las Vegas,Americas,6.201,50,2019-11-16,Wet,True,BOT,Valtteri Bottas,Alfa Romeo,Finland,30,7,2,18,2,False,False,6045.1,119.917,Hard,5,100.75,True
47,2019,22,Las Vegas,Las Vegas,Americas,6.201,50,2019-11-16,Wet,True,LEC,Charles Leclerc,Ferrari,Monaco,22,12,14,0,1,False,False,6093.3,120.861,Soft,-2,101.56,False
47,2019,22,Las Vegas,Las Vegas,Americas,6.201,50,2019-11-16,Wet,True,ALB,Alexander Albon,Williams,Thailand,23,18,19,0,3,False,False,6132.5,121.702,Medium,-1,102.21,False
47,2019,22,Las Vegas,Las Vegas,Americas,6.201,50,2019-11-16,Wet,True,ZHO,Guanyu Zhou,Alfa Romeo,China,20,1,4,12,2,False,False,6073.9,123.223,Soft,-3,101.23,True
47,2019,22,Las Vegas,Las Vegas,Americas,6.201,50,2019-11-16,Wet,True,HUL,Nico Hulkenberg,Haas,Germany,32,12,9,2,1,False,False,6084.0,123.597,Soft,3,101.4,True
47,2019,22,Las Vegas,Las Vegas,Americas,6.201,50,2019-11-16,Wet,True,NOR,Lando Norris,McLaren,Great Britain,19,17,20,0,3,False,False,6124.9,119.354,Medium,-3,102.08,False
47,2019,22,Las Vegas,Las Vegas,Americas,6.201,50,2019-11-16,Wet,True,TSU,Yuki Tsunoda,AlphaTauri,Japan,19,1,3,15,2,False,False,6031.4,118.794,Medium,-2,100.52,True
47,2019,22,Las Vegas,Las Vegas,Americas,6.201,50,2019-11-16,Wet,True,HAM,Lewis Hamilton,Mercedes,Great Britain,34,15,10,1,1,False,False,6060.9,118.697,Medium,5,101.02,True
48,2019,23,Austria,Spielberg,Europe,4.318,71,2019-01-18,Dry,True,MSC,Mick Schumacher,Haas,Germany,20,7,4,12,2,False,False,5978.5,83.869,Medium,3,99.64,True
48,2019,23,Austria,Spielberg,Europe,4.318,71,2019-01-18,Dry,True,DEV,Nyck de Vries,AlphaTauri,Netherlands,24,11,16,0,2,True,False,6029.1,83.711,Medium,-5,100.48,False
48,2019,23,Austria,Spielberg,Europe,4.318,71,2019-01-18,Dry,True,OCO,Esteban Ocon,Alpine,France,23,13,13,0,3,False,False,6013.8,84.678,Soft,0,100.23,False
48,2019,23,Austria,Spielberg,Europe,4.318,71,2019-01-18,Dry,True,HUL,Nico Hulkenberg,Haas,Germany,32,18,18,0,1,False,False,6022.9,83.044,Medium,0,100.38,False
48,2019,23,Austria,Spielberg,Europe,4.318,71,2019-01-18,Dry,True,NOR,Lando Norris,McLaren,Great Britain,19,6,7,6,1,False,False,6007.4,81.185,Soft,-1,100.12,True
48,2019,23,Austria,Spielberg,Europe,4.318,71,2019-01-18,Dry,True,HAM,Lewis Hamilton,Mercedes,Great Britain,34,9,12,0,2,False,False,6001.2,85.979,Soft,-3,100.02,False
48,2019,23,Austria,Spielberg,Europe,4.318,71,2019-01-18,Dry,True,ZHO,Guanyu Zhou,Alfa Romeo,China,20,1,3,15,2,False,False,5991.4,85.399,Soft,-2,99.86,True
48,2019,23,Austria,Spielberg,Europe,4.318,71,2019-01-18,Dry,True,TSU,Yuki Tsunoda,AlphaTauri,Japan,19,6,9,2,1,False,False,5997.5,83.63,Soft,-3,99.96,True
48,2019,23,Austria,Spielberg,Europe,4.318,71,2019-01-18,Dry,True,MAG,Kevin Magnussen,Haas,Denmark,27,20,15,0,2,False,False,6052.1,82.366,Soft,5,100.87,False
48,2019,23,Austria,Spielberg,Europe,4.318,71,2019-01-18,Dry,True,BOT,Valtteri Bottas,Alfa Romeo,Finland,30,14,11,0,2,False,False,6054.9,85.086,Medium,3,100.92,False
48,2019,23,Austria,Spielberg,Europe,4.318,71,2019-01-18,Dry,True,PER,Sergio Perez,Red Bull Racing,Mexico,29,5,8,4,1,False,False,6024.6,83.398,Hard,-3,100.41,True
48,2019,23,Austria,Spielberg,Europe,4.318,71,2019-01-18,Dry,True,STR,Lance Stroll,Aston Martin,Canada,21,15,19,0,1,False,False,6044.2,83.692,Medium,-4,100.74,False
48,2019,23,Austria,Spielberg,Europe,4.318,71,2019-01-18,Dry,True,ALB,Alexander Albon,Williams,Thailand,23,3,1,26,3,True,False,5968.2,84.271,Medium,2,99.47,True
48,2019,23,Austria,Spielberg,Europe,4.318,71,2019-01-18,Dry,True,SAI,Carlos Sainz,Ferrari,Spain,25,20,20,0,1,False,False,6005.0,87.084,Soft,0,100.08,False
48,2019,23,Austria,Spielberg,Europe,4.318,71,2019-01-18,Dry,True,GAS,Pierre Gasly,Alpine,France,23,18,14,0,2,False,False,6000.3,82.845,Medium,4,100.01,False
48,2019,23,Austria,Spielberg,Europe,4.318,71,2019-01-18,Dry,True,LEC,Charles Leclerc,Ferrari,Monaco,22,7,2,18,3,False,False,5973.0,81.832,Soft,5,99.55,True
48,2019,23,Austria,Spielberg,Europe,4.318,71,2019-01-18,Dry,True,SAR,Logan Sargeant,Williams,USA,19,4,5,10,2,False,False,5980.0,83.405,Soft,-1,99.67,True
48,2019,23,Austria,Spielberg,Europe,4.318,71,2019-01-18,Dry,True,ALO,Fernando Alonso,Aston Martin,Spain,38,13,17,0,2,False,False,6034.2,86.695,Medium,-4,100.57,False
48,2019,23,Austria,Spielberg,Europe,4.318,71,2019-01-18,Dry,True,VER,Max Verstappen,Red Bull Racing,Netherlands,21,11,6,8,2,False,False,5991.3,82.975,Soft,5,99.86,True
48,2019,23,Austria,Spielberg,Europe,4.318,71,2019-01-18,Dry,True,RUS,George Russell,Mercedes,Great Britain,21,10,10,1,3,False,False,6012.2,84.982,Medium,0,100.2,True
49,2019,24,France,Le Castellet,Europe,5.842,53,2019-02-09,Dry,True,ALO,Fernando Alonso,Aston Martin,Spain,38,5,4,12,2,False,False,6062.1,116.753,Medium,1,101.04,True
49,2019,24,France,Le Castellet,Europe,5.842,53,2019-02-09,Dry,True,TSU,Yuki Tsunoda,AlphaTauri,Japan,19,16,16,0,2,False,False,6109.0,111.124,Hard,0,101.82,False
49,2019,24,France,Le Castellet,Europe,5.842,53,2019-02-09,Dry,True,GAS,Pierre Gasly,Alpine,France,23,2,1,26,2,True,False,6076.7,115.553,Medium,1,101.28,True
49,2019,24,France,Le Castellet,Europe,5.842,53,2019-02-09,Dry,True,DEV,Nyck de Vries,AlphaTauri,Netherlands,24,10,6,8,3,False,False,6063.5,110.731,Soft,4,101.06,True
49,2019,24,France,Le Castellet,Europe,5.842,53,2019-02-09,Dry,True,SAR,Logan Sargeant,Williams,USA,19,13,9,2,2,False,False,6091.0,114.479,Soft,4,101.52,True
49,2019,24,France,Le Castellet,Europe,5.842,53,2019-02-09,Dry,True,OCO,Esteban Ocon,Alpine,France,23,9,14,0,1,False,False,6075.3,113.329,Soft,-5,101.26,False
49,2019,24,France,Le Castellet,Europe,5.842,53,2019-02-09,Dry,True,LEC,Charles Leclerc,Ferrari,Monaco,22,10,5,10,2,False,False,6029.1,113.888,Medium,5,100.48,True
49,2019,24,France,Le Castellet,Europe,5.842,53,2019-02-09,Dry,True,ZHO,Guanyu Zhou,Alfa Romeo,China,20,12,17,0,1,False,False,6094.5,114.077,Medium,-5,101.58,False
49,2019,24,France,Le Castellet,Europe,5.842,53,2019-02-09,Dry,True,PER,Sergio Perez,Red Bull Racing,Mexico,29,15,12,0,1,False,False,6096.0,114.907,Hard,3,101.6,False
49,2019,24,France,Le Castellet,Europe,5.842,53,2019-02-09,Dry,True,VER,Max Verstappen,Red Bull Racing,Netherlands,21,15,13,0,3,False,False,6092.7,112.717,Soft,2,101.54,False
49,2019,24,France,Le Castellet,Europe,5.842,53,2019-02-09,Dry,True,STR,Lance Stroll,Aston Martin,Canada,21,11,15,0,2,False,True,6024.6,113.31,Soft,-4,100.41,False
49,2019,24,France,Le Castellet,Europe,5.842,53,2019-02-09,Dry,True,ALB,Alexander Albon,Williams,Thailand,23,19,19,0,2,False,False,6121.9,115.332,Medium,0,102.03,False
49,2019,24,France,Le Castellet,Europe,5.842,53,2019-02-09,Dry,True,BOT,Valtteri Bottas,Alfa Romeo,Finland,30,10,8,5,2,True,False,6051.7,113.629,Medium,2,100.86,True
49,2019,24,France,Le Castellet,Europe,5.842,53,2019-02-09,Dry,True,HAM,Lewis Hamilton,Mercedes,Great Britain,34,20,20,0,3,False,False,6099.5,112.94,Soft,0,101.66,False
49,2019,24,France,Le Castellet,Europe,5.842,53,2019-02-09,Dry,True,NOR,Lando Norris,McLaren,Great Britain,19,8,11,0,1,True,False,6048.6,112.705,Medium,-3,100.81,False
49,2019,24,France,Le Castellet,Europe,5.842,53,2019-02-09,Dry,True,HUL,Nico Hulkenberg,Haas,Germany,32,5,10,1,1,False,False,6062.2,114.629,Soft,-5,101.04,True
49,2019,24,France,Le Castellet,Europe,5.842,53,2019-02-09,Dry,True,SAI,Carlos Sainz,Ferrari,Spain,25,5,2,18,2,False,False,6058.7,115.887,Medium,3,100.98,True
49,2019,24,France,Le Castellet,Europe,5.842,53,2019-02-09,Dry,True,RUS,George Russell,Mercedes,Great Britain,21,2,3,15,1,False,False,6028.5,112.722,Medium,-1,100.48,True
49,2019,24,France,Le Castellet,Europe,5.842,53,2019-02-09,Dry,True,MSC,Mick Schumacher,Haas,Germany,20,20,18,0,2,False,False,6101.2,113.299,Hard,2,101.69,False
49,2019,24,France,Le Castellet,Europe,5.842,53,2019-02-09,Dry,True,MAG,Kevin Magnussen,Haas,Denmark,27,13,15,0,2,False,False,6078.1,113.59,Hard,-2,101.3,False
50,2019,25,Portugal,Portimao,Europe,4.684,66,2019-03-02,Mixed,False,OCO,Esteban Ocon,Alpine,France,23,12,15,0,2,False,False,6088.6,89.906,Medium,-3,101.48,False
50,2019,25,Portugal,Portimao,Europe,4.684,66,2019-03-02,Mixed,False,HUL,Nico Hulkenberg,Haas,Germany,32,10,13,0,2,False,False,6078.3,90.799,Hard,-3,101.3,False
50,2019,25,Portugal,Portimao,Europe,4.684,66,2019-03-02,Mixed,False,LEC,Charles Leclerc,Ferrari,Monaco,22,1,2,18,3,False,False,6035.1,91.335,Soft,-1,100.58,True
50,2019,25,Portugal,Portimao,Europe,4.684,66,2019-03-02,Mixed,False,STR,Lance Stroll,Aston Martin,Canada,21,7,3,15,1,False,False,6013.3,89.475,Hard,4,100.22,True
50,2019,25,Portugal,Portimao,Europe,4.684,66,2019-03-02,Mixed,False,ZHO,Guanyu Zhou,Alfa Romeo,China,20,11,8,4,1,False,False,6053.1,94.793,Medium,3,100.88,True
50,2019,25,Portugal,Portimao,Europe,4.684,66,2019-03-02,Mixed,False,HAM,Lewis Hamilton,Mercedes,Great Britain,34,5,6,8,3,False,False,6043.8,90.963,Soft,-1,100.73,True
50,2019,25,Portugal,Portimao,Europe,4.684,66,2019-03-02,Mixed,False,TSU,Yuki Tsunoda,AlphaTauri,Japan,19,1,1,26,3,True,False,6048.9,91.747,Medium,0,100.82,True
50,2019,25,Portugal,Portimao,Europe,4.684,66,2019-03-02,Mixed,False,BOT,Valtteri Bottas,Alfa Romeo,Finland,30,7,12,0,2,False,False,6058.2,89.451,Medium,-5,100.97,False
50,2019,25,Portugal,Portimao,Europe,4.684,66,2019-03-02,Mixed,False,MSC,Mick Schumacher,Haas,Germany,20,20,18,0,2,False,False,6092.5,92.299,Medium,2,101.54,False
50,2019,25,Portugal,Portimao,Europe,4.684,66,2019-03-02,Mixed,False,VER,Max Verstappen,Red Bull Racing,Netherlands,21,17,16,0,2,False,False,6070.7,89.915,Medium,1,101.18,False
50,2019,25,Portugal,Portimao,Europe,4.684,66,2019-03-02,Mixed,False,ALB,Alexander Albon,Williams,Thailand,23,10,14,0,2,False,False,6061.4,93.947,Medium,-4,101.02,False
50,2019,25,Portugal,Portimao,Europe,4.684,66,2019-03-02,Mixed,False,MAG,Kevin Magnussen,Haas,Denmark,27,17,20,0,1,False,False,6063.4,93.876,Hard,-3,101.06,False
50,2019,25,Portugal,Portimao,Europe,4.684,66,2019-03-02,Mixed,False,DEV,Nyck de Vries,AlphaTauri,Netherlands,24,11,10,1,1,False,False,6063.8,91.199,Soft,1,101.06,True
50,2019,25,Portugal,Portimao,Europe,4.684,66,2019-03-02,Mixed,False,SAR,Logan Sargeant,Williams,USA,19,4,5,10,1,False,False,6039.3,91.079,Hard,-1,100.66,True
50,2019,25,Portugal,Portimao,Europe,4.684,66,2019-03-02,Mixed,False,NOR,Lando Norris,McLaren,Great Britain,19,8,7,6,2,False,False,6066.8,90.952,Soft,1,101.11,True
50,2019,25,Portugal,Portimao,Europe,4.684,66,2019-03-02,Mixed,False,PER,Sergio Perez,Red Bull Racing,Mexico,29,16,16,0,2,False,True,6024.6,90.888,Medium,0,100.41,False
50,2019,25,Portugal,Portimao,Europe,4.684,66,2019-03-02,Mixed,False,ALO,Fernando Alonso,Aston Martin,Spain,38,15,11,0,2,False,False,6074.0,91.476,Medium,4,101.23,False
50,2019,25,Portugal,Portimao,Europe,4.684,66,2019-03-02,Mixed,False,GAS,Pierre Gasly,Alpine,France,23,19,19,0,2,False,False,6112.5,92.262,Soft,0,101.88,False
50,2019,25,Portugal,Portimao,Europe,4.684,66,2019-03-02,Mixed,False,RUS,George Russell,Mercedes,Great Britain,21,13,9,2,2,False,False,6069.1,92.613,Hard,4,101.15,True
50,2019,25,Portugal,Portimao,Europe,4.684,66,2019-03-02,Mixed,False,SAI,Carlos Sainz,Ferrari,Spain,25,1,4,12,3,False,False,6038.3,92.001,Hard,-3,100.64,True
51,2020,1,Bahrain,Sakhir,Middle East,5.412,57,2020-01-12,Wet,False,VER,Max Verstappen,Red Bull Racing,Netherlands,22,20,19,0,1,False,True,6024.6,104.454,Soft,1,100.41,False
51,2020,1,Bahrain,Sakhir,Middle East,5.412,57,2020-01-12,Wet,False,MAG,Kevin Magnussen,Haas,Denmark,28,7,8,4,1,False,False,6045.7,104.478,Hard,-1,100.76,True
51,2020,1,Bahrain,Sakhir,Middle East,5.412,57,2020-01-12,Wet,False,RUS,George Russell,Mercedes,Great Britain,22,6,7,6,2,False,False,6039.8,104.703,Soft,-1,100.66,True
51,2020,1,Bahrain,Sakhir,Middle East,5.412,57,2020-01-12,Wet,False,ALB,Alexander Albon,Williams,Thailand,24,8,11,0,1,False,False,6071.4,104.504,Medium,-3,101.19,False
51,2020,1,Bahrain,Sakhir,Middle East,5.412,57,2020-01-12,Wet,False,TSU,Yuki Tsunoda,AlphaTauri,Japan,20,20,18,0,2,False,False,6077.4,105.41,Medium,2,101.29,False
51,2020,1,Bahrain,Sakhir,Middle East,5.412,57,2020-01-12,Wet,False,SAR,Logan Sargeant,Williams,USA,20,14,17,0,1,False,False,6055.1,102.485,Medium,-3,100.92,False
51,2020,1,Bahrain,Sakhir,Middle East,5.412,57,2020-01-12,Wet,False,SAI,Carlos Sainz,Ferrari,Spain,26,12,13,0,2,False,False,6054.7,104.16,Medium,-1,100.91,False
51,2020,1,Bahrain,Sakhir,Middle East,5.412,57,2020-01-12,Wet,False,LEC,Charles Leclerc,Ferrari,Monaco,23,1,1,26,2,True,False,6005.0,106.209,Soft,0,100.08,True
51,2020,1,Bahrain,Sakhir,Middle East,5.412,57,2020-01-12,Wet,False,BOT,Valtteri Bottas,Alfa Romeo,Finland,31,8,6,8,2,False,False,6032.5,105.78,Hard,2,100.54,True
51,2020,1,Bahrain,Sakhir,Middle East,5.412,57,2020-01-12,Wet,False,HAM,Lewis Hamilton,Mercedes,Great Britain,35,15,20,0,2,False,False,6096.0,104.982,Medium,-5,101.6,False
51,2020,1,Bahrain,Sakhir,Middle East,5.412,57,2020-01-12,Wet,False,PER,Sergio Perez,Red Bull Racing,Mexico,30,20,19,0,1,False,False,6074.3,105.803,Soft,1,101.24,False
51,2020,1,Bahrain,Sakhir,Middle East,5.412,57,2020-01-12,Wet,False,STR,Lance Stroll,Aston Martin,Canada,22,17,14,0,2,False,False,6074.0,106.447,Soft,3,101.23,False
51,2020,1,Bahrain,Sakhir,Middle East,5.412,57,2020-01-12,Wet,False,DEV,Nyck de Vries,AlphaTauri,Netherlands,25,13,9,2,2,False,False,6043.4,105.24,Hard,4,100.72,True
51,2020,1,Bahrain,Sakhir,Middle East,5.412,57,2020-01-12,Wet,False,NOR,Lando Norris,McLaren,Great Britain,20,17,16,0,2,False,False,6071.0,104.814,Medium,1,101.18,False
51,2020,1,Bahrain,Sakhir,Middle East,5.412,57,2020-01-12,Wet,False,HUL,Nico Hulkenberg,Haas,Germany,33,5,5,10,2,False,False,6036.5,104.243,Hard,0,100.61,True
51,2020,1,Bahrain,Sakhir,Middle East,5.412,57,2020-01-12,Wet,False,OCO,Esteban Ocon,Alpine,France,24,1,3,15,1,False,False,6033.8,106.705,Hard,-2,100.56,True
51,2020,1,Bahrain,Sakhir,Middle East,5.412,57,2020-01-12,Wet,False,ALO,Fernando Alonso,Aston Martin,Spain,39,9,4,12,1,False,False,6016.9,106.121,Medium,5,100.28,True
51,2020,1,Bahrain,Sakhir,Middle East,5.412,57,2020-01-12,Wet,False,ZHO,Guanyu Zhou,Alfa Romeo,China,21,10,12,0,1,False,False,6067.5,102.411,Soft,-2,101.12,False
51,2020,1,Bahrain,Sakhir,Middle East,5.412,57,2020-01-12,Wet,False,GAS,Pierre Gasly,Alpine,France,24,18,15,0,3,False,True,6024.6,106.688,Soft,3,100.41,False
51,2020,1,Bahrain,Sakhir,Middle East,5.412,57,2020-01-12,Wet,False,MSC,Mick Schumacher,Haas,Germany,21,13,15,0,2,False,False,6024.6,105.598,Medium,-2,100.41,False
52,2020,2,Saudi Arabia,Jeddah,Middle East,6.174,50,2020-02-19,Dry,False,TSU,Yuki Tsunoda,AlphaTauri,Japan,20,19,17,0,1,False,False,6083.8,119.583,Hard,2,101.4,False
52,2020,2,Saudi Arabia,Jeddah,Middle East,6.174,50,2020-02-19,Dry,False,LEC,Charles Leclerc,Ferrari,Monaco,23,2,2,18,2,False,False,6012.7,118.036,Hard,0,100.21,True
52,2020,2,Saudi Arabia,Jeddah,Middle East,6.174,50,2020-02-19,Dry,False,NOR,Lando Norris,McLaren,Great Britain,20,3,8,4,3,False,False,6037.1,119.112,Soft,-5,100.62,True
52,2020,2,Saudi Arabia,Jeddah,Middle East,6.174,50,2020-02-19,Dry,False,SAI,Carlos Sainz,Ferrari,Spain,26,1,3,15,2,False,False,6041.7,117.529,Medium,-2,100.7,True
52,2020,2,Saudi Arabia,Jeddah,Middle East,6.174,50,2020-02-19,Dry,False,ALB,Alexander Albon,Williams,Thailand,24,7,4,12,2,False,False,6042.2,119.471,Medium,3,100.7,True
52,2020,2,Saudi Arabia,Jeddah,Middle East,6.174,50,2020-02-19,Dry,False,VER,Max Verstappen,Red Bull Racing,Netherlands,22,10,15,0,2,False,False,6081.1,122.697,Medium,-5,101.35,False
52,2020,2,Saudi Arabia,Jeddah,Middle East,6.174,50,2020-02-19,Dry,False,ZHO,Guanyu Zhou,Alfa Romeo,China,21,15,13,0,2,False,False,6057.3,119.278,Medium,2,100.96,False
52,2020,2,Saudi Arabia,Jeddah,Middle East,6.174,50,2020-02-19,Dry,False,MAG,Kevin Magnussen,Haas,Denmark,28,15,18,0,2,False,True,6024.6,121.491,Hard,-3,100.41,False
52,2020,2,Saudi Arabia,Jeddah,Middle East,6.174,50,2020-02-19,Dry,False,GAS,Pierre Gasly,Alpine,France,24,15,14,0,2,False,False,6087.3,120.907,Medium,1,101.46,False
52,2020,2,Saudi Arabia,Jeddah,Middle East,6.174,50,2020-02-19,Dry,False,HUL,Nico Hulkenberg,Haas,Germany,33,13,18,0,2,True,True,6024.6,119.587,Medium,-5,100.41,False
52,2020,2,Saudi Arabia,Jeddah,Middle East,6.174,50,2020-02-19,Dry,False,SAR,Logan Sargeant,Williams,USA,20,11,10,1,2,False,False,6072.5,118.202,Medium,1,101.21,True
52,2020,2,Saudi Arabia,Jeddah,Middle East,6.174,50,2020-02-19,Dry,False,MSC,Mick Schumacher,Haas,Germany,21,6,1,26,2,True,False,6034.8,120.279,Medium,5,100.58,True
52,2020,2,Saudi Arabia,Jeddah,Middle East,6.174,50,2020-02-19,Dry,False,PER,Sergio Perez,Red Bull Racing,Mexico,30,12,11,0,2,False,False,6083.1,122.5,Medium,1,101.38,False
52,2020,2,Saudi Arabia,Jeddah,Middle East,6.174,50,2020-02-19,Dry,False,DEV,Nyck de Vries,AlphaTauri,Netherlands,25,20,18,0,2,False,True,6024.6,122.48,Soft,2,100.41,False
52,2020,2,Saudi Arabia,Jeddah,Middle East,6.174,50,2020-02-19,Dry,False,HAM,Lewis Hamilton,Mercedes,Great Britain,35,18,18,0,2,False,False,6083.4,119.824,Medium,0,101.39,False
52,2020,2,Saudi Arabia,Jeddah,Middle East,6.174,50,2020-02-19,Dry,False,OCO,Esteban Ocon,Alpine,France,24,12,9,2,2,False,False,6045.5,119.696,Soft,3,100.76,True
52,2020,2,Saudi Arabia,Jeddah,Middle East,6.174,50,2020-02-19,Dry,False,RUS,George Russell,Mercedes,Great Britain,22,6,5,10,3,False,False,6008.1,122.406,Soft,1,100.14,True
52,2020,2,Saudi Arabia,Jeddah,Middle East,6.174,50,2020-02-19,Dry,False,STR,Lance Stroll,Aston Martin,Canada,22,13,16,0,3,False,False,6055.1,118.986,Hard,-3,100.92,False
52,2020,2,Saudi Arabia,Jeddah,Middle East,6.174,50,2020-02-19,Dry,False,BOT,Valtteri Bottas,Alfa Romeo,Finland,31,8,12,0,2,False,False,6069.6,121.009,Soft,-4,101.16,False
52,2020,2,Saudi Arabia,Jeddah,Middle East,6.174,50,2020-02-19,Dry,False,ALO,Fernando Alonso,Aston Martin,Spain,39,20,19,0,3,False,False,6095.3,120.104,Medium,1,101.59,False
53,2020,3,Australia,Melbourne,Asia Pacific,5.278,58,2020-03-24,Wet,False,TSU,Yuki Tsunoda,AlphaTauri,Japan,20,18,19,0,2,False,False,6042.1,101.872,Medium,-1,100.7,False
53,2020,3,Australia,Melbourne,Asia Pacific,5.278,58,2020-03-24,Wet,False,BOT,Valtteri Bottas,Alfa Romeo,Finland,31,1,1,26,3,True,False,5957.3,104.28,Medium,0,99.29,True
53,2020,3,Australia,Melbourne,Asia Pacific,5.278,58,2020-03-24,Wet,False,MSC,Mick Schumacher,Haas,Germany,21,11,16,0,2,False,False,6044.9,99.866,Hard,-5,100.75,False
53,2020,3,Australia,Melbourne,Asia Pacific,5.278,58,2020-03-24,Wet,False,PER,Sergio Perez,Red Bull Racing,Mexico,30,1,3,15,2,False,False,6004.2,103.863,Medium,-2,100.07,True
53,2020,3,Australia,Melbourne,Asia Pacific,5.278,58,2020-03-24,Wet,False,NOR,Lando Norris,McLaren,Great Britain,20,16,20,0,2,False,False,6041.8,100.305,Medium,-4,100.7,False
53,2020,3,Australia,Melbourne,Asia Pacific,5.278,58,2020-03-24,Wet,False,ALO,Fernando Alonso,Aston Martin,Spain,39,20,19,0,2,False,True,6024.6,103.74,Medium,1,100.41,False
53,2020,3,Australia,Melbourne,Asia Pacific,5.278,58,2020-03-24,Wet,False,HUL,Nico Hulkenberg,Haas,Germany,33,6,2,18,1,False,False,5936.1,103.332,Medium,4,98.94,True
53,2020,3,Australia,Melbourne,Asia Pacific,5.278,58,2020-03-24,Wet,False,GAS,Pierre Gasly,Alpine,France,24,13,14,0,1,False,False,6001.6,102.903,Medium,-1,100.03,False
53,2020,3,Australia,Melbourne,Asia Pacific,5.278,58,2020-03-24,Wet,False,STR,Lance Stroll,Aston Martin,Canada,22,1,6,8,1,False,False,5967.1,103.431,Hard,-5,99.45,True
53,2020,3,Australia,Melbourne,Asia Pacific,5.278,58,2020-03-24,Wet,False,SAI,Carlos Sainz,Ferrari,Spain,26,8,7,6,1,False,False,5998.2,103.399,Medium,1,99.97,True
53,2020,3,Australia,Melbourne,Asia Pacific,5.278,58,2020-03-24,Wet,False,OCO,Esteban Ocon,Alpine,France,24,8,11,0,2,False,False,6032.6,104.978,Medium,-3,100.54,False
53,2020,3,Australia,Melbourne,Asia Pacific,5.278,58,2020-03-24,Wet,False,SAR,Logan Sargeant,Williams,USA,20,14,17,0,2,False,False,6025.6,101.519,Soft,-3,100.43,False
53,2020,3,Australia,Melbourne,Asia Pacific,5.278,58,2020-03-24,Wet,False,LEC,Charles Leclerc,Ferrari,Monaco,23,12,12,0,2,False,False,6030.5,102.748,Soft,0,100.51,False
53,2020,3,Australia,Melbourne,Asia Pacific,5.278,58,2020-03-24,Wet,False,HAM,Lewis Hamilton,Mercedes,Great Britain,35,1,4,12,3,False,False,6010.7,104.0,Medium,-3,100.18,True
53,2020,3,Australia,Melbourne,Asia Pacific,5.278,58,2020-03-24,Wet,False,ALB,Alexander Albon,Williams,Thailand,24,13,9,2,3,False,False,5988.3,103.672,Hard,4,99.8,True
53,2020,3,Australia,Melbourne,Asia Pacific,5.278,58,2020-03-24,Wet,False,MAG,Kevin Magnussen,Haas,Denmark,28,2,5,10,1,False,False,5977.1,102.7,Soft,-3,99.62,True
53,2020,3,Australia,Melbourne,Asia Pacific,5.278,58,2020-03-24,Wet,False,RUS,George Russell,Mercedes,Great Britain,22,13,15,0,2,False,False,6040.1,103.766,Hard,-2,100.67,False
53,2020,3,Australia,Melbourne,Asia Pacific,5.278,58,2020-03-24,Wet,False,ZHO,Guanyu Zhou,Alfa Romeo,China,21,12,8,4,3,False,False,6008.0,102.679,Soft,4,100.13,True
53,2020,3,Australia,Melbourne,Asia Pacific,5.278,58,2020-03-24,Wet,False,VER,Max Verstappen,Red Bull Racing,Netherlands,22,8,10,1,1,False,False,6015.2,101.759,Soft,-2,100.25,True
53,2020,3,Australia,Melbourne,Asia Pacific,5.278,58,2020-03-24,Wet,False,DEV,Nyck de Vries,AlphaTauri,Netherlands,25,18,18,0,2,False,False,6031.8,105.871,Soft,0,100.53,False
54,2020,4,Azerbaijan,Baku,Europe,6.003,51,2020-04-14,Mixed,False,HAM,Lewis Hamilton,Mercedes,Great Britain,35,18,18,0,1,False,False,6005.8,117.592,Hard,0,100.1,False
54,2020,4,Azerbaijan,Baku,Europe,6.003,51,2020-04-14,Mixed,False,SAR,Logan Sargeant,Williams,USA,20,10,14,0,2,False,False,6034.2,117.698,Medium,-4,100.57,False
54,2020,4,Azerbaijan,Baku,Europe,6.003,51,2020-04-14,Mixed,False,STR,Lance Stroll,Aston Martin,Canada,22,17,17,0,2,False,False,6063.6,119.733,Hard,0,101.06,False
54,2020,4,Azerbaijan,Baku,Europe,6.003,51,2020-04-14,Mixed,False,ALB,Alexander Albon,Williams,Thailand,24,8,4,12,3,False,False,5957.9,117.004,Medium,4,99.3,True
54,2020,4,Azerbaijan,Baku,Europe,6.003,51,2020-04-14,Mixed,False,GAS,Pierre Gasly,Alpine,France,24,4,9,2,2,False,False,6015.6,116.677,Medium,-5,100.26,True
54,2020,4,Azerbaijan,Baku,Europe,6.003,51,2020-04-14,Mixed,False,VER,Max Verstappen,Red Bull Racing,Netherlands,22,11,6,8,3,False,False,5992.9,115.685,Soft,5,99.88,True
54,2020,4,Azerbaijan,Baku,Europe,6.003,51,2020-04-14,Mixed,False,HUL,Nico Hulkenberg,Haas,Germany,33,17,20,0,3,False,True,6024.6,117.023,Soft,-3,100.41,False
54,2020,4,Azerbaijan,Baku,Europe,6.003,51,2020-04-14,Mixed,False,ZHO,Guanyu Zhou,Alfa Romeo,China,21,15,12,0,2,False,False,6003.7,118.648,Medium,3,100.06,False
54,2020,4,Azerbaijan,Baku,Europe,6.003,51,2020-04-14,Mixed,False,RUS,George Russell,Mercedes,Great Britain,22,10,8,4,2,False,False,6006.2,115.851,Medium,2,100.1,True
54,2020,4,Azerbaijan,Baku,Europe,6.003,51,2020-04-14,Mixed,False,NOR,Lando Norris,McLaren,Great Britain,20,1,2,18,1,False,False,5986.1,117.755,Medium,-1,99.77,True
54,2020,4,Azerbaijan,Baku,Europe,6.003,51,2020-04-14,Mixed,False,OCO,Esteban Ocon,Alpine,France,24,20,19,0,2,False,False,6011.3,114.792,Soft,1,100.19,False
54,2020,4,Azerbaijan,Baku,Europe,6.003,51,2020-04-14,Mixed,False,LEC,Charles Leclerc,Ferrari,Monaco,23,18,13,0,1,False,False,6022.3,117.856,Soft,5,100.37,False
54,2020,4,Azerbaijan,Baku,Europe,6.003,51,2020-04-14,Mixed,False,DEV,Nyck de Vries,AlphaTauri,Netherlands,25,1,5,10,1,False,False,6024.6,119.753,Hard,-4,100.41,True
54,2020,4,Azerbaijan,Baku,Europe,6.003,51,2020-04-14,Mixed,False,PER,Sergio Perez,Red Bull Racing,Mexico,30,20,19,0,2,False,True,6024.6,117.631,Medium,1,100.41,False
54,2020,4,Azerbaijan,Baku,Europe,6.003,51,2020-04-14,Mixed,False,MAG,Kevin Magnussen,Haas,Denmark,28,20,17,0,3,False,True,6024.6,119.96,Hard,3,100.41,False
54,2020,4,Azerbaijan,Baku,Europe,6.003,51,2020-04-14,Mixed,False,BOT,Valtteri Bottas,Alfa Romeo,Finland,31,1,1,26,1,True,False,5995.9,118.255,Medium,0,99.93,True
54,2020,4,Azerbaijan,Baku,Europe,6.003,51,2020-04-14,Mixed,False,ALO,Fernando Alonso,Aston Martin,Spain,39,18,16,0,2,False,False,6022.9,104.285,Medium,2,100.38,False
54,2020,4,Azerbaijan,Baku,Europe,6.003,51,2020-04-14,Mixed,False,MSC,Mick Schumacher,Haas,Germany,21,10,15,0,1,False,False,5977.0,115.714,Medium,-5,99.62,False
54,2020,4,Azerbaijan,Baku,Europe,6.003,51,2020-04-14,Mixed,False,SAI,Carlos Sainz,Ferrari,Spain,26,8,10,1,2,False,False,6003.2,116.665,Medium,-2,100.05,True
54,2020,4,Azerbaijan,Baku,Europe,6.003,51,2020-04-14,Mixed,False,TSU,Yuki Tsunoda,AlphaTauri,Japan,20,3,3,15,1,False,False,5965.7,116.936,Hard,0,99.43,True
55,2020,5,Miami,Miami,Americas,5.412,57,2020-05-07,Mixed,False,ALO,Fernando Alonso,Aston Martin,Spain,39,13,8,4,1,False,False,6030.8,102.571,Medium,5,100.51,True
55,2020,5,Miami,Miami,Americas,5.412,57,2020-05-07,Mixed,False,LEC,Charles Leclerc,Ferrari,Monaco,23,1,3,15,1,False,False,6009.3,107.467,Soft,-2,100.16,True
55,2020,5,Miami,Miami,Americas,5.412,57,2020-05-07,Mixed,False,DEV,Nyck de Vries,AlphaTauri,Netherlands,25,10,11,0,2,False,False,6068.4,107.025,Medium,-1,101.14,False
55,2020,5,Miami,Miami,Americas,5.412,57,2020-05-07,Mixed,False,NOR,Lando Norris,McLaren,Great Britain,20,10,13,0,3,False,False,6065.4,105.196,Soft,-3,101.09,False
55,2020,5,Miami,Miami,Americas,5.412,57,2020-05-07,Mixed,False,SAR,Logan Sargeant,Williams,USA,20,4,1,26,2,True,False,6004.1,107.748,Hard,3,100.07,True
55,2020,5,Miami,Miami,Americas,5.412,57,2020-05-07,Mixed,False,OCO,Esteban Ocon,Alpine,France,24,14,12,0,1,False,False,6069.6,105.91,Medium,2,101.16,False
55,2020,5,Miami,Miami,Americas,5.412,57,2020-05-07,Mixed,False,ALB,Alexander Albon,Williams,Thailand,24,12,17,0,1,False,False,6059.7,107.109,Medium,-5,100.99,False
55,2020,5,Miami,Miami,Americas,5.412,57,2020-05-07,Mixed,False,VER,Max Verstappen,Red Bull Racing,Netherlands,22,1,5,10,1,False,False,6031.6,106.37,Medium,-4,100.53,True
55,2020,5,Miami,Miami,Americas,5.412,57,2020-05-07,Mixed,False,RUS,George Russell,Mercedes,Great Britain,22,20,19,0,2,False,False,6080.8,104.228,Medium,1,101.35,False
55,2020,5,Miami,Miami,Americas,5.412,57,2020-05-07,Mixed,False,TSU,Yuki Tsunoda,AlphaTauri,Japan,20,6,10,1,2,False,False,6043.5,105.86,Medium,-4,100.72,True
55,2020,5,Miami,Miami,Americas,5.412,57,2020-05-07,Mixed,False,STR,Lance Stroll,Aston Martin,Canada,22,8,9,2,2,False,False,6032.6,103.1,Medium,-1,100.54,True
55,2020,5,Miami,Miami,Americas,5.412,57,2020-05-07,Mixed,False,GAS,Pierre Gasly,Alpine,France,24,8,4,12,1,False,False,6029.0,106.135,Hard,4,100.48,True
55,2020,5,Miami,Miami,Americas,5.412,57,2020-05-07,Mixed,False,PER,Sergio Perez,Red Bull Racing,Mexico,30,10,7,6,2,False,False,6033.9,107.058,Soft,3,100.56,True
55,2020,5,Miami,Miami,Americas,5.412,57,2020-05-07,Mixed,False,BOT,Valtteri Bottas,Alfa Romeo,Finland,31,14,18,0,2,False,False,6084.0,103.659,Soft,-4,101.4,False
55,2020,5,Miami,Miami,Americas,5.412,57,2020-05-07,Mixed,False,MSC,Mick Schumacher,Haas,Germany,21,10,15,0,2,False,False,6041.0,103.408,Hard,-5,100.68,False
55,2020,5,Miami,Miami,Americas,5.412,57,2020-05-07,Mixed,False,SAI,Carlos Sainz,Ferrari,Spain,26,6,2,18,2,False,False,6042.7,106.726,Medium,4,100.71,True
55,2020,5,Miami,Miami,Americas,5.412,57,2020-05-07,Mixed,False,HAM,Lewis Hamilton,Mercedes,Great Britain,35,11,6,8,1,False,False,6041.1,107.31,Medium,5,100.68,True
55,2020,5,Miami,Miami,Americas,5.412,57,2020-05-07,Mixed,False,MAG,Kevin Magnussen,Haas,Denmark,28,19,14,0,2,False,False,6068.4,104.285,Soft,5,101.14,False
55,2020,5,Miami,Miami,Americas,5.412,57,2020-05-07,Mixed,False,ZHO,Guanyu Zhou,Alfa Romeo,China,21,20,20,0,2,False,False,6070.2,106.505,Soft,0,101.17,False
55,2020,5,Miami,Miami,Americas,5.412,57,2020-05-07,Mixed,False,HUL,Nico Hulkenberg,Haas,Germany,33,20,16,0,2,True,False,6079.6,105.363,Hard,4,101.33,False
56,2020,6,Monaco,Monte Carlo,Europe,3.337,78,2020-06-24,Dry,False,MAG,Kevin Magnussen,Haas,Denmark,28,5,8,4,1,False,False,5118.9,63.514,Medium,-3,85.32,True
56,2020,6,Monaco,Monte Carlo,Europe,3.337,78,2020-06-24,Dry,False,GAS,Pierre Gasly,Alpine,France,24,20,17,0,2,False,False,5156.6,64.061,Hard,3,85.94,False
56,2020,6,Monaco,Monte Carlo,Europe,3.337,78,2020-06-24,Dry,False,SAR,Logan Sargeant,Williams,USA,20,12,12,0,3,False,False,5133.1,104.285,Soft,0,85.55,False
56,2020,6,Monaco,Monte Carlo,Europe,3.337,78,2020-06-24,Dry,False,NOR,Lando Norris,McLaren,Great Britain,20,12,11,0,2,False,False,5113.3,64.508,Medium,1,85.22,False
56,2020,6,Monaco,Monte Carlo,Europe,3.337,78,2020-06-24,Dry,False,STR,Lance Stroll,Aston Martin,Canada,22,7,6,8,2,False,False,5106.6,66.718,Medium,1,85.11,True
56,2020,6,Monaco,Monte Carlo,Europe,3.337,78,2020-06-24,Dry,False,LEC,Charles Leclerc,Ferrari,Monaco,23,15,16,0,2,False,False,5140.8,65.028,Soft,-1,85.68,False
56,2020,6,Monaco,Monte Carlo,Europe,3.337,78,2020-06-24,Dry,False,TSU,Yuki Tsunoda,AlphaTauri,Japan,20,6,1,26,2,True,False,5086.5,66.724,Medium,5,84.78,True
56,2020,6,Monaco,Monte Carlo,Europe,3.337,78,2020-06-24,Dry,False,BOT,Valtteri Bottas,Alfa Romeo,Finland,31,14,14,0,1,False,False,5128.3,63.662,Medium,0,85.47,False
56,2020,6,Monaco,Monte Carlo,Europe,3.337,78,2020-06-24,Dry,False,SAI,Carlos Sainz,Ferrari,Spain,26,20,18,0,2,False,False,5132.3,67.85,Soft,2,85.54,False
56,2020,6,Monaco,Monte Carlo,Europe,3.337,78,2020-06-24,Dry,False,ALB,Alexander Albon,Williams,Thailand,24,8,10,1,2,False,False,5116.5,68.979,Medium,-2,85.28,True
56,2020,6,Monaco,Monte Carlo,Europe,3.337,78,2020-06-24,Dry,False,PER,Sergio Perez,Red Bull Racing,Mexico,30,10,13,0,2,False,False,5140.5,65.4,Soft,-3,85.68,False
56,2020,6,Monaco,Monte Carlo,Europe,3.337,78,2020-06-24,Dry,False,DEV,Nyck de Vries,AlphaTauri,Netherlands,25,7,3,15,2,False,False,5081.3,64.236,Medium,4,84.69,True
56,2020,6,Monaco,Monte Carlo,Europe,3.337,78,2020-06-24,Dry,False,VER,Max Verstappen,Red Bull Racing,Netherlands,22,3,4,12,2,False,False,5077.0,66.211,Medium,-1,84.62,True
56,2020,6,Monaco,Monte Carlo,Europe,3.337,78,2020-06-24,Dry,False,HUL,Nico Hulkenberg,Haas,Germany,33,20,19,0,2,False,False,5146.0,66.007,Medium,1,85.77,False
56,2020,6,Monaco,Monte Carlo,Europe,3.337,78,2020-06-24,Dry,False,RUS,George Russell,Mercedes,Great Britain,22,11,15,0,2,False,False,5121.0,64.513,Medium,-4,85.35,False
56,2020,6,Monaco,Monte Carlo,Europe,3.337,78,2020-06-24,Dry,False,MSC,Mick Schumacher,Haas,Germany,21,9,5,10,1,False,False,5079.9,64.02,Medium,4,84.66,True
56,2020,6,Monaco,Monte Carlo,Europe,3.337,78,2020-06-24,Dry,False,HAM,Lewis Hamilton,Mercedes,Great Britain,35,9,9,2,3,False,False,5113.3,64.11,Soft,0,85.22,True
56,2020,6,Monaco,Monte Carlo,Europe,3.337,78,2020-06-24,Dry,False,OCO,Esteban Ocon,Alpine,France,24,17,20,0,3,False,False,5140.9,62.511,Medium,-3,85.68,False
56,2020,6,Monaco,Monte Carlo,Europe,3.337,78,2020-06-24,Dry,False,ZHO,Guanyu Zhou,Alfa Romeo,China,21,5,2,19,1,True,False,5061.4,66.619,Hard,3,84.36,True
56,2020,6,Monaco,Monte Carlo,Europe,3.337,78,2020-06-24,Dry,False,ALO,Fernando Alonso,Aston Martin,Spain,39,6,7,6,2,False,False,5119.9,63.2,Medium,-1,85.33,True
57,2020,7,Spain,Barcelona,Europe,4.657,66,2020-07-02,Dry,False,SAR,Logan Sargeant,Williams,USA,20,12,14,0,2,False,False,6018.3,88.883,Medium,-2,100.3,False
57,2020,7,Spain,Barcelona,Europe,4.657,66,2020-07-02,Dry,False,GAS,Pierre Gasly,Alpine,France,24,16,20,0,1,False,False,6064.9,90.396,Soft,-4,101.08,False
57,2020,7,Spain,Barcelona,Europe,4.657,66,2020-07-02,Dry,False,HUL,Nico Hulkenberg,Haas,Germany,33,9,12,0,3,False,False,6034.0,93.583,Hard,-3,100.57,False
57,2020,7,Spain,Barcelona,Europe,4.657,66,2020-07-02,Dry,False,LEC,Charles Leclerc,Ferrari,Monaco,23,19,15,0,1,False,False,6055.1,89.865,Medium,4,100.92,False
57,2020,7,Spain,Barcelona,Europe,4.657,66,2020-07-02,Dry,False,HAM,Lewis Hamilton,Mercedes,Great Britain,35,1,4,12,1,False,False,5985.0,91.681,Soft,-3,99.75,True
57,2020,7,Spain,Barcelona,Europe,4.657,66,2020-07-02,Dry,False,ALO,Fernando Alonso,Aston Martin,Spain,39,17,13,0,2,False,False,6063.6,92.007,Hard,4,101.06,False
57,2020,7,Spain,Barcelona,Europe,4.657,66,2020-07-02,Dry,False,MSC,Mick Schumacher,Haas,Germany,21,13,10,1,3,False,False,6028.4,91.11,Medium,3,100.47,True
57,2020,7,Spain,Barcelona,Europe,4.657,66,2020-07-02,Dry,False,MAG,Kevin Magnussen,Haas,Denmark,28,18,19,0,3,False,False,6086.1,89.346,Soft,-1,101.44,False
57,2020,7,Spain,Barcelona,Europe,4.657,66,2020-07-02,Dry,False,PER,Sergio Perez,Red Bull Racing,Mexico,30,20,18,0,2,False,False,6024.6,91.437,Medium,2,100.41,False
57,2020,7,Spain,Barcelona,Europe,4.657,66,2020-07-02,Dry,False,ALB,Alexander Albon,Williams,Thailand,24,18,17,0,2,False,False,6067.4,91.613,Medium,1,101.12,False
57,2020,7,Spain,Barcelona,Europe,4.657,66,2020-07-02,Dry,False,SAI,Carlos Sainz,Ferrari,Spain,26,5,5,10,3,False,False,6011.9,94.139,Hard,0,100.2,True
57,2020,7,Spain,Barcelona,Europe,4.657,66,2020-07-02,Dry,False,ZHO,Guanyu Zhou,Alfa Romeo,China,21,12,9,2,1,False,False,6021.9,87.668,Medium,3,100.36,True
57,2020,7,Spain,Barcelona,Europe,4.657,66,2020-07-02,Dry,False,STR,Lance Stroll,Aston Martin,Canada,22,20,16,0,1,False,False,6067.5,88.755,Medium,4,101.12,False
57,2020,7,Spain,Barcelona,Europe,4.657,66,2020-07-02,Dry,False,DEV,Nyck de Vries,AlphaTauri,Netherlands,25,20,16,0,2,False,True,6024.6,89.561,Medium,4,100.41,False
57,2020,7,Spain,Barcelona,Europe,4.657,66,2020-07-02,Dry,False,VER,Max Verstappen,Red Bull Racing,Netherlands,22,1,1,26,2,True,False,6019.5,87.656,Soft,0,100.32,True
57,2020,7,Spain,Barcelona,Europe,4.657,66,2020-07-02,Dry,False,TSU,Yuki Tsunoda,AlphaTauri,Japan,20,4,2,18,2,False,False,6021.9,89.517,Hard,2,100.36,True
57,2020,7,Spain,Barcelona,Europe,4.657,66,2020-07-02,Dry,False,OCO,Esteban Ocon,Alpine,France,24,11,8,4,1,False,False,6035.5,92.276,Soft,3,100.59,True
57,2020,7,Spain,Barcelona,Europe,4.657,66,2020-07-02,Dry,False,BOT,Valtteri Bottas,Alfa Romeo,Finland,31,3,3,15,1,False,False,6000.7,90.723,Hard,0,100.01,True
57,2020,7,Spain,Barcelona,Europe,4.657,66,2020-07-02,Dry,False,RUS,George Russell,Mercedes,Great Britain,22,20,20,0,2,False,True,6024.6,91.163,Medium,0,100.41,False
57,2020,7,Spain,Barcelona,Europe,4.657,66,2020-07-02,Dry,False,NOR,Lando Norris,McLaren,Great Britain,20,15,16,0,1,False,True,6024.6,91.867,Soft,-1,100.41,False
58,2020,8,Canada,Montreal,Americas,4.361,70,2020-08-01,Dry,False,ALO,Fernando Alonso,Aston Martin,Spain,39,1,3,15,2,False,False,5965.5,88.121,Medium,-2,99.42,True
58,2020,8,Canada,Montreal,Americas,4.361,70,2020-08-01,Dry,False,RUS,George Russell,Mercedes,Great Britain,22,1,1,26,2,True,False,5965.8,104.285,Medium,0,99.43,True
58,2020,8,Canada,Montreal,Americas,4.361,70,2020-08-01,Dry,False,MSC,Mick Schumacher,Haas,Germany,21,10,9,2,2,False,False,5970.7,89.337,Soft,1,99.51,True
58,2020,8,Canada,Montreal,Americas,4.361,70,2020-08-01,Dry,False,SAI,Carlos Sainz,Ferrari,Spain,26,10,7,6,2,False,False,5958.4,83.467,Medium,3,99.31,True
58,2020,8,Canada,Montreal,Americas,4.361,70,2020-08-01,Dry,False,GAS,Pierre Gasly,Alpine,France,24,8,10,1,3,False,False,5967.3,84.944,Medium,-2,99.46,True
58,2020,8,Canada,Montreal,Americas,4.361,70,2020-08-01,Dry,False,HUL,Nico Hulkenberg,Haas,Germany,33,3,2,18,3,False,False,5988.5,83.976,Medium,1,99.81,True
58,2020,8,Canada,Montreal,Americas,4.361,70,2020-08-01,Dry,False,TSU,Yuki Tsunoda,AlphaTauri,Japan,20,8,6,8,3,False,False,5943.6,84.542,Medium,2,99.06,True
58,2020,8,Canada,Montreal,Americas,4.361,70,2020-08-01,Dry,False,OCO,Esteban Ocon,Alpine,France,24,16,11,0,2,False,False,5985.2,82.677,Medium,5,99.75,False
58,2020,8,Canada,Montreal,Americas,4.361,70,2020-08-01,Dry,False,ALB,Alexander Albon,Williams,Thailand,24,7,5,10,2,False,False,5980.6,86.922,Medium,2,99.68,True
58,2020,8,Canada,Montreal,Americas,4.361,70,2020-08-01,Dry,False,PER,Sergio Perez,Red Bull Racing,Mexico,30,20,18,0,2,False,False,6024.6,85.178,Soft,2,100.41,False
58,2020,8,Canada,Montreal,Americas,4.361,70,2020-08-01,Dry,False,ZHO,Guanyu Zhou,Alfa Romeo,China,21,12,16,0,2,True,False,6020.3,85.491,Hard,-4,100.34,False
58,2020,8,Canada,Montreal,Americas,4.361,70,2020-08-01,Dry,False,SAR,Logan Sargeant,Williams,USA,20,20,19,0,3,False,False,6038.6,83.155,Medium,1,100.64,False
58,2020,8,Canada,Montreal,Americas,4.361,70,2020-08-01,Dry,False,BOT,Valtteri Bottas,Alfa Romeo,Finland,31,5,4,12,2,False,False,5944.6,86.403,Medium,1,99.08,True
58,2020,8,Canada,Montreal,Americas,4.361,70,2020-08-01,Dry,False,NOR,Lando Norris,McLaren,Great Britain,20,15,15,0,2,False,False,6003.9,86.404,Medium,0,100.06,False
58,2020,8,Canada,Montreal,Americas,4.361,70,2020-08-01,Dry,False,STR,Lance Stroll,Aston Martin,Canada,22,8,8,4,1,False,False,5968.0,83.35,Hard,0,99.47,True
58,2020,8,Canada,Montreal,Americas,4.361,70,2020-08-01,Dry,False,VER,Max Verstappen,Red Bull Racing,Netherlands,22,20,20,0,3,False,False,6026.8,85.7,Medium,0,100.45,False
58,2020,8,Canada,Montreal,Americas,4.361,70,2020-08-01,Dry,False,DEV,Nyck de Vries,AlphaTauri,Netherlands,25,15,12,0,1,False,False,5973.9,84.634,Medium,3,99.56,False
58,2020,8,Canada,Montreal,Americas,4.361,70,2020-08-01,Dry,False,HAM,Lewis Hamilton,Mercedes,Great Britain,35,15,17,0,2,True,False,6024.6,86.451,Medium,-2,100.41,False
58,2020,8,Canada,Montreal,Americas,4.361,70,2020-08-01,Dry,False,MAG,Kevin Magnussen,Haas,Denmark,28,12,14,0,1,False,False,5991.3,83.972,Medium,-2,99.86,False
58,2020,8,Canada,Montreal,Americas,4.361,70,2020-08-01,Dry,False,LEC,Charles Leclerc,Ferrari,Monaco,23,9,13,0,1,False,False,6007.9,87.436,Medium,-4,100.13,False
59,2020,9,Great Britain,Silverstone,Europe,5.891,52,2020-09-23,Dry,False,SAI,Carlos Sainz,Ferrari,Spain,26,16,16,0,3,False,True,6024.6,118.377,Hard,0,100.41,False
59,2020,9,Great Britain,Silverstone,Europe,5.891,52,2020-09-23,Dry,False,RUS,George Russell,Mercedes,Great Britain,22,11,9,2,1,False,False,6019.1,114.377,Hard,2,100.32,True
59,2020,9,Great Britain,Silverstone,Europe,5.891,52,2020-09-23,Dry,False,ALO,Fernando Alonso,Aston Martin,Spain,39,17,18,0,1,False,True,6024.6,116.212,Soft,-1,100.41,False
59,2020,9,Great Britain,Silverstone,Europe,5.891,52,2020-09-23,Dry,False,NOR,Lando Norris,McLaren,Great Britain,20,1,3,15,1,False,False,5954.4,113.418,Medium,-2,99.24,True
59,2020,9,Great Britain,Silverstone,Europe,5.891,52,2020-09-23,Dry,False,BOT,Valtteri Bottas,Alfa Romeo,Finland,31,12,10,1,1,False,False,6005.5,116.007,Medium,2,100.09,True
59,2020,9,Great Britain,Silverstone,Europe,5.891,52,2020-09-23,Dry,False,OCO,Esteban Ocon,Alpine,France,24,13,14,0,2,False,False,6023.4,113.162,Medium,-1,100.39,False
59,2020,9,Great Britain,Silverstone,Europe,5.891,52,2020-09-23,Dry,False,ZHO,Guanyu Zhou,Alfa Romeo,China,21,8,4,12,2,False,False,6016.4,114.406,Medium,4,100.27,True
59,2020,9,Great Britain,Silverstone,Europe,5.891,52,2020-09-23,Dry,False,GAS,Pierre Gasly,Alpine,France,24,20,19,0,2,False,False,6020.3,117.101,Soft,1,100.34,False
59,2020,9,Great Britain,Silverstone,Europe,5.891,52,2020-09-23,Dry,False,MAG,Kevin Magnussen,Haas,Denmark,28,20,18,0,1,False,False,6050.7,112.712,Medium,2,100.84,False
59,2020,9,Great Britain,Silverstone,Europe,5.891,52,2020-09-23,Dry,False,SAR,Logan Sargeant,Williams,USA,20,11,12,0,2,False,False,6001.0,116.104,Hard,-1,100.02,False
59,2020,9,Great Britain,Silverstone,Europe,5.891,52,2020-09-23,Dry,False,PER,Sergio Perez,Red Bull Racing,Mexico,30,15,20,0,2,False,False,6063.5,116.173,Medium,-5,101.06,False
59,2020,9,Great Britain,Silverstone,Europe,5.891,52,2020-09-23,Dry,False,HUL,Nico Hulkenberg,Haas,Germany,33,14,15,0,3,False,False,6011.1,115.149,Soft,-1,100.18,False
59,2020,9,Great Britain,Silverstone,Europe,5.891,52,2020-09-23,Dry,False,MSC,Mick Schumacher,Haas,Germany,21,15,13,0,2,False,False,6034.4,113.31,Soft,2,100.57,False
59,2020,9,Great Britain,Silverstone,Europe,5.891,52,2020-09-23,Dry,False,TSU,Yuki Tsunoda,AlphaTauri,Japan,20,9,11,0,2,False,False,6018.0,117.59,Medium,-2,100.3,False
59,2020,9,Great Britain,Silverstone,Europe,5.891,52,2020-09-23,Dry,False,VER,Max Verstappen,Red Bull Racing,Netherlands,22,4,8,4,2,False,False,6017.5,117.524,Medium,-4,100.29,True
59,2020,9,Great Britain,Silverstone,Europe,5.891,52,2020-09-23,Dry,False,HAM,Lewis Hamilton,Mercedes,Great Britain,35,9,6,8,2,False,False,5967.8,114.946,Soft,3,99.46,True
59,2020,9,Great Britain,Silverstone,Europe,5.891,52,2020-09-23,Dry,False,ALB,Alexander Albon,Williams,Thailand,24,12,7,6,1,False,False,5995.8,115.865,Soft,5,99.93,True
59,2020,9,Great Britain,Silverstone,Europe,5.891,52,2020-09-23,Dry,False,LEC,Charles Leclerc,Ferrari,Monaco,23,14,16,0,2,False,False,6013.2,113.487,Soft,-2,100.22,False
59,2020,9,Great Britain,Silverstone,Europe,5.891,52,2020-09-23,Dry,False,STR,Lance Stroll,Aston Martin,Canada,22,6,1,26,2,True,False,5966.8,111.28,Medium,5,99.45,True
59,2020,9,Great Britain,Silverstone,Europe,5.891,52,2020-09-23,Dry,False,DEV,Nyck de Vries,AlphaTauri,Netherlands,25,6,2,18,2,False,False,5992.8,114.817,Hard,4,99.88,True
60,2020,10,Hungary,Budapest,Europe,4.381,70,2020-10-23,Mixed,False,BOT,Valtteri Bottas,Alfa Romeo,Finland,31,1,4,12,2,False,False,5992.2,83.134,Soft,-3,99.87,True
60,2020,10,Hungary,Budapest,Europe,4.381,70,2020-10-23,Mixed,False,STR,Lance Stroll,Aston Martin,Canada,22,15,12,0,3,False,False,6016.4,87.521,Medium,3,100.27,False
60,2020,10,Hungary,Budapest,Europe,4.381,70,2020-10-23,Mixed,False,ALB,Alexander Albon,Williams,Thailand,24,19,16,0,2,False,False,6046.3,86.012,Soft,3,100.77,False
60,2020,10,Hungary,Budapest,Europe,4.381,70,2020-10-23,Mixed,False,SAR,Logan Sargeant,Williams,USA,20,20,19,0,3,False,False,6031.5,82.712,Medium,1,100.52,False
60,2020,10,Hungary,Budapest,Europe,4.381,70,2020-10-23,Mixed,False,TSU,Yuki Tsunoda,AlphaTauri,Japan,20,16,20,0,2,False,False,6063.2,85.217,Medium,-4,101.05,False
60,2020,10,Hungary,Budapest,Europe,4.381,70,2020-10-23,Mixed,False,LEC,Charles Leclerc,Ferrari,Monaco,23,4,5,10,2,False,False,5984.1,84.459,Medium,-1,99.74,True
60,2020,10,Hungary,Budapest,Europe,4.381,70,2020-10-23,Mixed,False,HUL,Nico Hulkenberg,Haas,Germany,33,9,8,4,2,False,False,6004.3,84.217,Medium,1,100.07,True
60,2020,10,Hungary,Budapest,Europe,4.381,70,2020-10-23,Mixed,False,HAM,Lewis Hamilton,Mercedes,Great Britain,35,1,1,26,2,True,False,5967.5,83.104,Medium,0,99.46,True
60,2020,10,Hungary,Budapest,Europe,4.381,70,2020-10-23,Mixed,False,OCO,Esteban Ocon,Alpine,France,24,15,18,0,3,False,False,6062.3,82.994,Medium,-3,101.04,False
60,2020,10,Hungary,Budapest,Europe,4.381,70,2020-10-23,Mixed,False,MSC,Mick Schumacher,Haas,Germany,21,20,17,0,1,False,True,6024.6,84.67,Soft,3,100.41,False
60,2020,10,Hungary,Budapest,Europe,4.381,70,2020-10-23,Mixed,False,GAS,Pierre Gasly,Alpine,France,24,12,13,0,3,False,False,6021.7,84.959,Medium,-1,100.36,False
60,2020,10,Hungary,Budapest,Europe,4.381,70,2020-10-23,Mixed,False,DEV,Nyck de Vries,AlphaTauri,Netherlands,25,12,9,2,3,False,False,6032.2,85.233,Medium,3,100.54,True
60,2020,10,Hungary,Budapest,Europe,4.381,70,2020-10-23,Mixed,False,MAG,Kevin Magnussen,Haas,Denmark,28,7,2,18,1,False,False,6005.6,79.675,Medium,5,100.09,True
60,2020,10,Hungary,Budapest,Europe,4.381,70,2020-10-23,Mixed,False,NOR,Lando Norris,McLaren,Great Britain,20,13,10,2,2,True,False,6009.1,87.236,Medium,3,100.15,True
60,2020,10,Hungary,Budapest,Europe,4.381,70,2020-10-23,Mixed,False,PER,Sergio Perez,Red Bull Racing,Mexico,30,2,6,8,2,False,False,6012.2,84.405,Medium,-4,100.2,True
60,2020,10,Hungary,Budapest,Europe,4.381,70,2020-10-23,Mixed,False,RUS,George Russell,Mercedes,Great Britain,22,18,14,0,2,False,False,6014.0,86.059,Medium,4,100.23,False
60,2020,10,Hungary,Budapest,Europe,4.381,70,2020-10-23,Mixed,False,SAI,Carlos Sainz,Ferrari,Spain,26,2,3,15,2,False,False,5997.3,86.246,Soft,-1,99.96,True
60,2020,10,Hungary,Budapest,Europe,4.381,70,2020-10-23,Mixed,False,ALO,Fernando Alonso,Aston Martin,Spain,39,15,11,0,2,False,False,6031.4,87.297,Medium,4,100.52,False
60,2020,10,Hungary,Budapest,Europe,4.381,70,2020-10-23,Mixed,False,VER,Max Verstappen,Red Bull Racing,Netherlands,22,18,15,0,2,False,False,6017.8,86.801,Soft,3,100.3,False
60,2020,10,Hungary,Budapest,Europe,4.381,70,2020-10-23,Mixed,False,ZHO,Guanyu Zhou,Alfa Romeo,China,21,7,7,6,3,False,False,6015.4,83.085,Medium,0,100.26,True
61,2020,11,Belgium,Spa,Europe,7.004,44,2020-11-09,Dry,False,HUL,Nico Hulkenberg,Haas,Germany,33,9,10,2,1,True,False,6060.3,134.363,Medium,-1,101.01,True
61,2020,11,Belgium,Spa,Europe,7.004,44,2020-11-09,Dry,False,ZHO,Guanyu Zhou,Alfa Romeo,China,21,3,8,4,2,False,False,6008.5,136.718,Soft,-5,100.14,True
61,2020,11,Belgium,Spa,Europe,7.004,44,2020-11-09,Dry,False,NOR,Lando Norris,McLaren,Great Britain,20,20,20,0,1,False,False,6068.3,136.66,Medium,0,101.14,False
61,2020,11,Belgium,Spa,Europe,7.004,44,2020-11-09,Dry,False,ALB,Alexander Albon,Williams,Thailand,24,19,18,0,3,False,False,6070.9,136.49,Medium,1,101.18,False
61,2020,11,Belgium,Spa,Europe,7.004,44,2020-11-09,Dry,False,HAM,Lewis Hamilton,Mercedes,Great Britain,35,2,2,18,3,False,False,5988.1,137.499,Hard,0,99.8,True
61,2020,11,Belgium,Spa,Europe,7.004,44,2020-11-09,Dry,False,BOT,Valtteri Bottas,Alfa Romeo,Finland,31,12,12,0,2,False,False,6054.3,136.901,Medium,0,100.9,False
61,2020,11,Belgium,Spa,Europe,7.004,44,2020-11-09,Dry,False,GAS,Pierre Gasly,Alpine,France,24,16,13,0,2,False,False,6046.1,136.771,Medium,3,100.77,False
61,2020,11,Belgium,Spa,Europe,7.004,44,2020-11-09,Dry,False,VER,Max Verstappen,Red Bull Racing,Netherlands,22,10,6,8,1,False,False,6036.8,137.228,Medium,4,100.61,True
61,2020,11,Belgium,Spa,Europe,7.004,44,2020-11-09,Dry,False,OCO,Esteban Ocon,Alpine,France,24,10,5,10,2,False,False,6019.5,135.34,Medium,5,100.32,True
61,2020,11,Belgium,Spa,Europe,7.004,44,2020-11-09,Dry,False,SAR,Logan Sargeant,Williams,USA,20,7,11,0,2,True,False,6038.0,136.294,Soft,-4,100.63,False
61,2020,11,Belgium,Spa,Europe,7.004,44,2020-11-09,Dry,False,DEV,Nyck de Vries,AlphaTauri,Netherlands,25,3,7,6,2,False,False,6040.9,137.76,Medium,-4,100.68,True
61,2020,11,Belgium,Spa,Europe,7.004,44,2020-11-09,Dry,False,LEC,Charles Leclerc,Ferrari,Monaco,23,19,19,0,1,False,False,6073.3,134.525,Hard,0,101.22,False
61,2020,11,Belgium,Spa,Europe,7.004,44,2020-11-09,Dry,False,RUS,George Russell,Mercedes,Great Britain,22,1,1,26,2,True,False,6012.7,136.709,Medium,0,100.21,True
61,2020,11,Belgium,Spa,Europe,7.004,44,2020-11-09,Dry,False,MAG,Kevin Magnussen,Haas,Denmark,28,6,3,15,2,False,False,6024.7,104.285,Medium,3,100.41,True
61,2020,11,Belgium,Spa,Europe,7.004,44,2020-11-09,Dry,False,PER,Sergio Perez,Red Bull Racing,Mexico,30,12,9,2,1,False,False,6026.2,137.415,Medium,3,100.44,True
61,2020,11,Belgium,Spa,Europe,7.004,44,2020-11-09,Dry,False,ALO,Fernando Alonso,Aston Martin,Spain,39,5,4,12,1,False,False,6035.4,136.297,Medium,1,100.59,True
61,2020,11,Belgium,Spa,Europe,7.004,44,2020-11-09,Dry,False,STR,Lance Stroll,Aston Martin,Canada,22,18,16,0,2,False,False,6071.6,135.694,Soft,2,101.19,False
61,2020,11,Belgium,Spa,Europe,7.004,44,2020-11-09,Dry,False,MSC,Mick Schumacher,Haas,Germany,21,11,16,0,1,False,True,6024.6,136.235,Hard,-5,100.41,False
61,2020,11,Belgium,Spa,Europe,7.004,44,2020-11-09,Dry,False,TSU,Yuki Tsunoda,AlphaTauri,Japan,20,13,14,0,2,False,False,6060.3,104.285,Medium,-1,101.01,False
61,2020,11,Belgium,Spa,Europe,7.004,44,2020-11-09,Dry,False,SAI,Carlos Sainz,Ferrari,Spain,26,13,15,0,2,False,False,6068.8,137.884,Soft,-2,101.15,False
62,2020,12,Netherlands,Zandvoort,Europe,4.259,72,2020-01-01,Dry,False,HUL,Nico Hulkenberg,Haas,Germany,33,15,18,0,1,False,True,6024.6,82.953,Medium,-3,100.41,False
62,2020,12,Netherlands,Zandvoort,Europe,4.259,72,2020-01-01,Dry,False,DEV,Nyck de Vries,AlphaTauri,Netherlands,25,14,12,0,2,True,False,6023.0,83.954,Medium,2,100.38,False
62,2020,12,Netherlands,Zandvoort,Europe,4.259,72,2020-01-01,Dry,False,ALO,Fernando Alonso,Aston Martin,Spain,39,3,3,15,2,False,False,5982.1,80.381,Soft,0,99.7,True
62,2020,12,Netherlands,Zandvoort,Europe,4.259,72,2020-01-01,Dry,False,RUS,George Russell,Mercedes,Great Britain,22,19,18,0,3,False,True,6024.6,82.553,Medium,1,100.41,False
62,2020,12,Netherlands,Zandvoort,Europe,4.259,72,2020-01-01,Dry,False,NOR,Lando Norris,McLaren,Great Britain,20,12,13,0,2,False,False,6018.1,81.334,Hard,-1,100.3,False
62,2020,12,Netherlands,Zandvoort,Europe,4.259,72,2020-01-01,Dry,False,VER,Max Verstappen,Red Bull Racing,Netherlands,22,9,6,8,1,False,False,5987.1,84.831,Hard,3,99.79,True
62,2020,12,Netherlands,Zandvoort,Europe,4.259,72,2020-01-01,Dry,False,OCO,Esteban Ocon,Alpine,France,24,16,11,0,1,False,False,6001.3,84.218,Hard,5,100.02,False
62,2020,12,Netherlands,Zandvoort,Europe,4.259,72,2020-01-01,Dry,False,MSC,Mick Schumacher,Haas,Germany,21,7,8,4,2,False,False,5996.4,83.826,Medium,-1,99.94,True
62,2020,12,Netherlands,Zandvoort,Europe,4.259,72,2020-01-01,Dry,False,PER,Sergio Perez,Red Bull Racing,Mexico,30,5,7,6,3,False,False,5997.8,83.582,Soft,-2,99.96,True
62,2020,12,Netherlands,Zandvoort,Europe,4.259,72,2020-01-01,Dry,False,TSU,Yuki Tsunoda,AlphaTauri,Japan,20,11,9,2,2,False,False,6004.8,82.351,Medium,2,100.08,True
62,2020,12,Netherlands,Zandvoort,Europe,4.259,72,2020-01-01,Dry,False,ZHO,Guanyu Zhou,Alfa Romeo,China,21,1,2,18,2,False,False,5986.1,82.568,Medium,-1,99.77,True
62,2020,12,Netherlands,Zandvoort,Europe,4.259,72,2020-01-01,Dry,False,SAI,Carlos Sainz,Ferrari,Spain,26,1,5,10,1,False,False,5997.1,82.129,Medium,-4,99.95,True
62,2020,12,Netherlands,Zandvoort,Europe,4.259,72,2020-01-01,Dry,False,GAS,Pierre Gasly,Alpine,France,24,6,1,26,2,True,False,6009.9,84.845,Hard,5,100.16,True
62,2020,12,Netherlands,Zandvoort,Europe,4.259,72,2020-01-01,Dry,False,HAM,Lewis Hamilton,Mercedes,Great Britain,35,17,19,0,1,False,False,6045.8,85.395,Medium,-2,100.76,False
62,2020,12,Netherlands,Zandvoort,Europe,4.259,72,2020-01-01,Dry,False,SAR,Logan Sargeant,Williams,USA,20,19,16,0,2,False,False,6035.7,104.285,Soft,3,100.6,False
62,2020,12,Netherlands,Zandvoort,Europe,4.259,72,2020-01-01,Dry,False,LEC,Charles Leclerc,Ferrari,Monaco,23,20,18,0,2,False,False,6062.0,81.659,Medium,2,101.03,False
62,2020,12,Netherlands,Zandvoort,Europe,4.259,72,2020-01-01,Dry,False,BOT,Valtteri Bottas,Alfa Romeo,Finland,31,14,14,0,2,True,False,6013.0,83.935,Medium,0,100.22,False
62,2020,12,Netherlands,Zandvoort,Europe,4.259,72,2020-01-01,Dry,False,STR,Lance Stroll,Aston Martin,Canada,22,9,10,1,2,False,False,6007.0,82.666,Medium,-1,100.12,True
62,2020,12,Netherlands,Zandvoort,Europe,4.259,72,2020-01-01,Dry,False,ALB,Alexander Albon,Williams,Thailand,24,14,15,0,2,False,False,6020.7,81.1,Soft,-1,100.34,False
62,2020,12,Netherlands,Zandvoort,Europe,4.259,72,2020-01-01,Dry,False,MAG,Kevin Magnussen,Haas,Denmark,28,20,20,0,1,False,False,6007.8,82.696,Medium,0,100.13,False
63,2020,13,Italy,Monza,Europe,5.793,53,2020-02-04,Dry,True,MAG,Kevin Magnussen,Haas,Denmark,28,6,4,12,2,False,False,6009.3,117.293,Medium,2,100.16,True
63,2020,13,Italy,Monza,Europe,5.793,53,2020-02-04,Dry,True,BOT,Valtteri Bottas,Alfa Romeo,Finland,31,2,6,8,1,False,False,6014.5,109.58,Hard,-4,100.24,True
63,2020,13,Italy,Monza,Europe,5.793,53,2020-02-04,Dry,True,OCO,Esteban Ocon,Alpine,France,24,9,12,0,2,False,False,6001.4,112.254,Medium,-3,100.02,False
63,2020,13,Italy,Monza,Europe,5.793,53,2020-02-04,Dry,True,ALO,Fernando Alonso,Aston Martin,Spain,39,1,1,26,1,True,False,6009.3,109.783,Soft,0,100.16,True
63,2020,13,Italy,Monza,Europe,5.793,53,2020-02-04,Dry,True,VER,Max Verstappen,Red Bull Racing,Netherlands,22,15,18,0,1,False,False,6041.5,114.234,Medium,-3,100.69,False
63,2020,13,Italy,Monza,Europe,5.793,53,2020-02-04,Dry,True,ZHO,Guanyu Zhou,Alfa Romeo,China,21,6,3,15,1,False,False,6002.7,111.361,Hard,3,100.04,True
63,2020,13,Italy,Monza,Europe,5.793,53,2020-02-04,Dry,True,NOR,Lando Norris,McLaren,Great Britain,20,14,11,0,2,False,False,6055.8,113.65,Medium,3,100.93,False
63,2020,13,Italy,Monza,Europe,5.793,53,2020-02-04,Dry,True,GAS,Pierre Gasly,Alpine,France,24,12,10,2,1,True,False,6017.8,114.683,Soft,2,100.3,True
63,2020,13,Italy,Monza,Europe,5.793,53,2020-02-04,Dry,True,ALB,Alexander Albon,Williams,Thailand,24,4,8,4,2,False,False,5994.1,113.984,Medium,-4,99.9,True
63,2020,13,Italy,Monza,Europe,5.793,53,2020-02-04,Dry,True,MSC,Mick Schumacher,Haas,Germany,21,17,20,0,3,False,False,6067.5,111.778,Soft,-3,101.12,False
63,2020,13,Italy,Monza,Europe,5.793,53,2020-02-04,Dry,True,PER,Sergio Perez,Red Bull Racing,Mexico,30,13,9,2,3,False,False,6045.1,110.485,Medium,4,100.75,True
63,2020,13,Italy,Monza,Europe,5.793,53,2020-02-04,Dry,True,STR,Lance Stroll,Aston Martin,Canada,22,18,13,0,3,False,False,6031.9,113.132,Hard,5,100.53,False
63,2020,13,Italy,Monza,Europe,5.793,53,2020-02-04,Dry,True,HAM,Lewis Hamilton,Mercedes,Great Britain,35,9,14,0,1,False,False,6026.8,113.727,Medium,-5,100.45,False
63,2020,13,Italy,Monza,Europe,5.793,53,2020-02-04,Dry,True,HUL,Nico Hulkenberg,Haas,Germany,33,13,15,0,3,False,False,6066.4,113.721,Hard,-2,101.11,False
63,2020,13,Italy,Monza,Europe,5.793,53,2020-02-04,Dry,True,SAI,Carlos Sainz,Ferrari,Spain,26,6,2,18,1,False,False,6004.1,112.678,Soft,4,100.07,True
63,2020,13,Italy,Monza,Europe,5.793,53,2020-02-04,Dry,True,LEC,Charles Leclerc,Ferrari,Monaco,23,20,16,0,1,False,True,6024.6,110.859,Medium,4,100.41,False
63,2020,13,Italy,Monza,Europe,5.793,53,2020-02-04,Dry,True,DEV,Nyck de Vries,AlphaTauri,Netherlands,25,11,7,6,2,False,False,5990.6,116.422,Soft,4,99.84,True
63,2020,13,Italy,Monza,Europe,5.793,53,2020-02-04,Dry,True,TSU,Yuki Tsunoda,AlphaTauri,Japan,20,19,16,0,2,False,False,6024.6,114.683,Hard,3,100.41,False
63,2020,13,Italy,Monza,Europe,5.793,53,2020-02-04,Dry,True,SAR,Logan Sargeant,Williams,USA,20,8,5,10,2,False,False,6016.8,104.285,Soft,3,100.28,True
63,2020,13,Italy,Monza,Europe,5.793,53,2020-02-04,Dry,True,RUS,George Russell,Mercedes,Great Britain,22,16,19,0,1,False,False,6066.0,110.433,Medium,-3,101.1,False
64,2020,14,Singapore,Marina Bay,Asia Pacific,5.063,61,2020-03-18,Dry,False,BOT,Valtteri Bottas,Alfa Romeo,Finland,31,20,16,0,2,False,False,6057.7,99.891,Medium,4,100.96,False
64,2020,14,Singapore,Marina Bay,Asia Pacific,5.063,61,2020-03-18,Dry,False,MAG,Kevin Magnussen,Haas,Denmark,28,15,15,0,2,False,True,6024.6,99.036,Medium,0,100.41,False
64,2020,14,Singapore,Marina Bay,Asia Pacific,5.063,61,2020-03-18,Dry,False,LEC,Charles Leclerc,Ferrari,Monaco,23,9,11,0,3,False,False,6047.7,99.286,Medium,-2,100.8,False
64,2020,14,Singapore,Marina Bay,Asia Pacific,5.063,61,2020-03-18,Dry,False,RUS,George Russell,Mercedes,Great Britain,22,10,10,1,1,False,False,6037.0,97.676,Soft,0,100.62,True
64,2020,14,Singapore,Marina Bay,Asia Pacific,5.063,61,2020-03-18,Dry,False,VER,Max Verstappen,Red Bull Racing,Netherlands,22,9,14,0,1,False,False,6081.1,96.948,Soft,-5,101.35,False
64,2020,14,Singapore,Marina Bay,Asia Pacific,5.063,61,2020-03-18,Dry,False,ALO,Fernando Alonso,Aston Martin,Spain,39,17,19,0,1,False,False,6099.8,98.379,Medium,-2,101.66,False
64,2020,14,Singapore,Marina Bay,Asia Pacific,5.063,61,2020-03-18,Dry,False,ZHO,Guanyu Zhou,Alfa Romeo,China,21,20,20,0,1,False,False,6103.0,97.498,Medium,0,101.72,False
64,2020,14,Singapore,Marina Bay,Asia Pacific,5.063,61,2020-03-18,Dry,False,STR,Lance Stroll,Aston Martin,Canada,22,7,5,10,3,False,False,6062.7,97.601,Medium,2,101.04,True
64,2020,14,Singapore,Marina Bay,Asia Pacific,5.063,61,2020-03-18,Dry,False,GAS,Pierre Gasly,Alpine,France,24,14,12,0,2,False,False,6078.0,100.042,Medium,2,101.3,False
64,2020,14,Singapore,Marina Bay,Asia Pacific,5.063,61,2020-03-18,Dry,False,HAM,Lewis Hamilton,Mercedes,Great Britain,35,13,13,0,3,False,False,6079.5,99.548,Medium,0,101.32,False
64,2020,14,Singapore,Marina Bay,Asia Pacific,5.063,61,2020-03-18,Dry,False,SAR,Logan Sargeant,Williams,USA,20,20,17,0,1,False,False,6064.2,101.375,Soft,3,101.07,False
64,2020,14,Singapore,Marina Bay,Asia Pacific,5.063,61,2020-03-18,Dry,False,HUL,Nico Hulkenberg,Haas,Germany,33,2,3,15,2,False,False,6026.1,98.632,Soft,-1,100.44,True
64,2020,14,Singapore,Marina Bay,Asia Pacific,5.063,61,2020-03-18,Dry,False,NOR,Lando Norris,McLaren,Great Britain,20,6,7,7,2,True,False,6053.4,98.541,Hard,-1,100.89,True
64,2020,14,Singapore,Marina Bay,Asia Pacific,5.063,61,2020-03-18,Dry,False,TSU,Yuki Tsunoda,AlphaTauri,Japan,20,3,6,8,3,False,False,6011.0,97.053,Hard,-3,100.18,True
64,2020,14,Singapore,Marina Bay,Asia Pacific,5.063,61,2020-03-18,Dry,False,MSC,Mick Schumacher,Haas,Germany,21,20,18,0,2,False,False,6094.3,98.492,Medium,2,101.57,False
64,2020,14,Singapore,Marina Bay,Asia Pacific,5.063,61,2020-03-18,Dry,False,SAI,Carlos Sainz,Ferrari,Spain,26,12,9,3,1,True,False,6059.2,97.188,Soft,3,100.99,True
64,2020,14,Singapore,Marina Bay,Asia Pacific,5.063,61,2020-03-18,Dry,False,OCO,Esteban Ocon,Alpine,France,24,20,15,0,2,False,False,6094.7,96.34,Medium,5,101.58,False
64,2020,14,Singapore,Marina Bay,Asia Pacific,5.063,61,2020-03-18,Dry,False,PER,Sergio Perez,Red Bull Racing,Mexico,30,18,16,0,3,True,True,6024.6,98.932,Medium,2,100.41,False
64,2020,14,Singapore,Marina Bay,Asia Pacific,5.063,61,2020-03-18,Dry,False,DEV,Nyck de Vries,AlphaTauri,Netherlands,25,1,4,12,1,False,False,6042.7,96.577,Medium,-3,100.71,True
64,2020,14,Singapore,Marina Bay,Asia Pacific,5.063,61,2020-03-18,Dry,False,ALB,Alexander Albon,Williams,Thailand,24,2,2,18,3,False,False,6034.4,98.945,Soft,0,100.57,True
65,2020,15,Japan,Suzuka,Asia Pacific,5.807,53,2020-04-09,Dry,False,HAM,Lewis Hamilton,Mercedes,Great Britain,35,18,16,0,2,False,True,6024.6,114.39,Hard,2,100.41,False
65,2020,15,Japan,Suzuka,Asia Pacific,5.807,53,2020-04-09,Dry,False,DEV,Nyck de Vries,AlphaTauri,Netherlands,25,4,3,15,1,False,False,5986.7,112.376,Medium,1,99.78,True
65,2020,15,Japan,Suzuka,Asia Pacific,5.807,53,2020-04-09,Dry,False,TSU,Yuki Tsunoda,AlphaTauri,Japan,20,7,12,0,2,False,False,6045.6,113.68,Medium,-5,100.76,False
65,2020,15,Japan,Suzuka,Asia Pacific,5.807,53,2020-04-09,Dry,False,GAS,Pierre Gasly,Alpine,France,24,10,10,1,1,False,False,6054.9,113.557,Medium,0,100.92,True
65,2020,15,Japan,Suzuka,Asia Pacific,5.807,53,2020-04-09,Dry,False,BOT,Valtteri Bottas,Alfa Romeo,Finland,31,12,7,6,3,False,False,6014.6,111.839,Soft,5,100.24,True
65,2020,15,Japan,Suzuka,Asia Pacific,5.807,53,2020-04-09,Dry,False,ZHO,Guanyu Zhou,Alfa Romeo,China,21,9,4,12,2,False,False,6014.8,113.435,Medium,5,100.25,True
65,2020,15,Japan,Suzuka,Asia Pacific,5.807,53,2020-04-09,Dry,False,VER,Max Verstappen,Red Bull Racing,Netherlands,22,10,11,0,1,False,False,6038.1,104.285,Soft,-1,100.64,False
65,2020,15,Japan,Suzuka,Asia Pacific,5.807,53,2020-04-09,Dry,False,SAI,Carlos Sainz,Ferrari,Spain,26,20,19,0,2,False,False,6087.6,113.516,Medium,1,101.46,False
65,2020,15,Japan,Suzuka,Asia Pacific,5.807,53,2020-04-09,Dry,False,SAR,Logan Sargeant,Williams,USA,20,9,8,4,2,False,False,6034.2,114.531,Soft,1,100.57,True
65,2020,15,Japan,Suzuka,Asia Pacific,5.807,53,2020-04-09,Dry,False,MSC,Mick Schumacher,Haas,Germany,21,13,17,0,2,False,False,6049.6,112.601,Soft,-4,100.83,False
65,2020,15,Japan,Suzuka,Asia Pacific,5.807,53,2020-04-09,Dry,False,ALB,Alexander Albon,Williams,Thailand,24,18,16,0,2,False,False,6028.3,112.13,Soft,2,100.47,False
65,2020,15,Japan,Suzuka,Asia Pacific,5.807,53,2020-04-09,Dry,False,RUS,George Russell,Mercedes,Great Britain,22,2,2,18,2,False,False,6018.1,112.572,Soft,0,100.3,True
65,2020,15,Japan,Suzuka,Asia Pacific,5.807,53,2020-04-09,Dry,False,OCO,Esteban Ocon,Alpine,France,24,20,18,0,2,False,True,6024.6,111.21,Hard,2,100.41,False
65,2020,15,Japan,Suzuka,Asia Pacific,5.807,53,2020-04-09,Dry,False,LEC,Charles Leclerc,Ferrari,Monaco,23,1,1,26,1,True,False,5993.8,113.893,Medium,0,99.9,True
65,2020,15,Japan,Suzuka,Asia Pacific,5.807,53,2020-04-09,Dry,False,MAG,Kevin Magnussen,Haas,Denmark,28,10,14,0,2,False,False,6070.8,113.978,Hard,-4,101.18,False
65,2020,15,Japan,Suzuka,Asia Pacific,5.807,53,2020-04-09,Dry,False,HUL,Nico Hulkenberg,Haas,Germany,33,1,5,10,2,False,False,6024.8,111.748,Soft,-4,100.41,True
65,2020,15,Japan,Suzuka,Asia Pacific,5.807,53,2020-04-09,Dry,False,ALO,Fernando Alonso,Aston Martin,Spain,39,18,13,0,1,False,False,6055.4,113.736,Medium,5,100.92,False
65,2020,15,Japan,Suzuka,Asia Pacific,5.807,53,2020-04-09,Dry,False,PER,Sergio Perez,Red Bull Racing,Mexico,30,20,20,0,3,False,False,6074.4,113.725,Medium,0,101.24,False
65,2020,15,Japan,Suzuka,Asia Pacific,5.807,53,2020-04-09,Dry,False,NOR,Lando Norris,McLaren,Great Britain,20,20,17,0,3,False,True,6024.6,112.827,Medium,3,100.41,False
65,2020,15,Japan,Suzuka,Asia Pacific,5.807,53,2020-04-09,Dry,False,STR,Lance Stroll,Aston Martin,Canada,22,20,18,0,2,False,False,6068.0,113.441,Medium,2,101.13,False
66,2020,16,United States,Austin,Americas,5.513,56,2020-05-15,Mixed,True,STR,Lance Stroll,Aston Martin,Canada,22,9,7,6,1,False,False,6032.1,110.593,Soft,2,100.54,True
66,2020,16,United States,Austin,Americas,5.513,56,2020-05-15,Mixed,True,GAS,Pierre Gasly,Alpine,France,24,11,12,0,2,False,False,6060.3,109.032,Medium,-1,101.01,False
66,2020,16,United States,Austin,Americas,5.513,56,2020-05-15,Mixed,True,MSC,Mick Schumacher,Haas,Germany,21,15,13,0,1,False,False,6055.7,108.943,Medium,2,100.93,False
66,2020,16,United States,Austin,Americas,5.513,56,2020-05-15,Mixed,True,DEV,Nyck de Vries,AlphaTauri,Netherlands,25,9,14,0,2,False,False,6092.2,110.199,Hard,-5,101.54,False
66,2020,16,United States,Austin,Americas,5.513,56,2020-05-15,Mixed,True,LEC,Charles Leclerc,Ferrari,Monaco,23,14,16,0,2,False,False,6077.9,109.411,Medium,-2,101.3,False
66,2020,16,United States,Austin,Americas,5.513,56,2020-05-15,Mixed,True,PER,Sergio Perez,Red Bull Racing,Mexico,30,10,15,0,3,False,False,6063.9,104.579,Medium,-5,101.06,False
66,2020,16,United States,Austin,Americas,5.513,56,2020-05-15,Mixed,True,ZHO,Guanyu Zhou,Alfa Romeo,China,21,6,9,2,3,False,False,6051.6,108.665,Soft,-3,100.86,True
66,2020,16,United States,Austin,Americas,5.513,56,2020-05-15,Mixed,True,ALB,Alexander Albon,Williams,Thailand,24,13,11,0,2,False,False,6064.7,107.678,Soft,2,101.08,False
66,2020,16,United States,Austin,Americas,5.513,56,2020-05-15,Mixed,True,NOR,Lando Norris,McLaren,Great Britain,20,6,4,13,2,True,False,6037.8,107.175,Medium,2,100.63,True
66,2020,16,United States,Austin,Americas,5.513,56,2020-05-15,Mixed,True,SAI,Carlos Sainz,Ferrari,Spain,26,9,8,4,2,False,False,6038.6,105.599,Soft,1,100.64,True
66,2020,16,United States,Austin,Americas,5.513,56,2020-05-15,Mixed,True,BOT,Valtteri Bottas,Alfa Romeo,Finland,31,20,19,0,2,True,True,6024.6,105.28,Medium,1,100.41,False
66,2020,16,United States,Austin,Americas,5.513,56,2020-05-15,Mixed,True,SAR,Logan Sargeant,Williams,USA,20,9,5,10,3,False,False,6054.1,107.041,Soft,4,100.9,True
66,2020,16,United States,Austin,Americas,5.513,56,2020-05-15,Mixed,True,RUS,George Russell,Mercedes,Great Britain,22,17,18,0,2,False,False,6094.1,109.741,Medium,-1,101.57,False
66,2020,16,United States,Austin,Americas,5.513,56,2020-05-15,Mixed,True,HAM,Lewis Hamilton,Mercedes,Great Britain,35,7,3,15,2,False,False,6013.4,107.0,Hard,4,100.22,True
66,2020,16,United States,Austin,Americas,5.513,56,2020-05-15,Mixed,True,ALO,Fernando Alonso,Aston Martin,Spain,39,3,6,8,2,False,False,6016.2,106.484,Medium,-3,100.27,True
66,2020,16,United States,Austin,Americas,5.513,56,2020-05-15,Mixed,True,OCO,Esteban Ocon,Alpine,France,24,20,19,0,2,False,False,6081.5,108.549,Hard,1,101.36,False
66,2020,16,United States,Austin,Americas,5.513,56,2020-05-15,Mixed,True,HUL,Nico Hulkenberg,Haas,Germany,33,10,10,2,2,True,False,6040.7,106.818,Medium,0,100.68,True
66,2020,16,United States,Austin,Americas,5.513,56,2020-05-15,Mixed,True,VER,Max Verstappen,Red Bull Racing,Netherlands,22,16,17,0,2,False,False,6074.1,105.739,Hard,-1,101.24,False
66,2020,16,United States,Austin,Americas,5.513,56,2020-05-15,Mixed,True,MAG,Kevin Magnussen,Haas,Denmark,28,15,20,0,1,False,False,6096.5,109.802,Soft,-5,101.61,False
66,2020,16,United States,Austin,Americas,5.513,56,2020-05-15,Mixed,True,TSU,Yuki Tsunoda,AlphaTauri,Japan,20,3,2,18,1,False,False,6044.9,106.567,Medium,1,100.75,True
67,2020,17,Mexico,Mexico City,Americas,4.304,71,2020-06-24,Dry,False,ZHO,Guanyu Zhou,Alfa Romeo,China,21,9,7,6,2,False,False,5983.2,82.509,Medium,2,99.72,True
67,2020,17,Mexico,Mexico City,Americas,4.304,71,2020-06-24,Dry,False,GAS,Pierre Gasly,Alpine,France,24,5,1,26,2,True,False,5972.1,81.288,Hard,4,99.54,True
67,2020,17,Mexico,Mexico City,Americas,4.304,71,2020-06-24,Dry,False,ALO,Fernando Alonso,Aston Martin,Spain,39,20,18,0,2,False,True,6024.6,85.262,Medium,2,100.41,False
67,2020,17,Mexico,Mexico City,Americas,4.304,71,2020-06-24,Dry,False,SAR,Logan Sargeant,Williams,USA,20,1,2,18,2,False,False,5964.9,85.336,Soft,-1,99.42,True
67,2020,17,Mexico,Mexico City,Americas,4.304,71,2020-06-24,Dry,False,HUL,Nico Hulkenberg,Haas,Germany,33,17,14,0,2,False,False,5995.8,84.625,Hard,3,99.93,False
67,2020,17,Mexico,Mexico City,Americas,4.304,71,2020-06-24,Dry,False,MSC,Mick Schumacher,Haas,Germany,21,8,11,0,2,False,False,6015.4,83.207,Soft,-3,100.26,False
67,2020,17,Mexico,Mexico City,Americas,4.304,71,2020-06-24,Dry,False,MAG,Kevin Magnussen,Haas,Denmark,28,4,4,12,3,False,False,5975.7,84.224,Medium,0,99.6,True
67,2020,17,Mexico,Mexico City,Americas,4.304,71,2020-06-24,Dry,False,TSU,Yuki Tsunoda,AlphaTauri,Japan,20,15,12,0,3,False,False,5999.9,83.671,Soft,3,100.0,False
67,2020,17,Mexico,Mexico City,Americas,4.304,71,2020-06-24,Dry,False,RUS,George Russell,Mercedes,Great Britain,22,7,6,8,2,False,False,5976.9,80.72,Soft,1,99.62,True
67,2020,17,Mexico,Mexico City,Americas,4.304,71,2020-06-24,Dry,False,ALB,Alexander Albon,Williams,Thailand,24,12,10,1,2,False,False,6005.9,84.583,Hard,2,100.1,True
67,2020,17,Mexico,Mexico City,Americas,4.304,71,2020-06-24,Dry,False,LEC,Charles Leclerc,Ferrari,Monaco,23,1,3,15,2,False,False,5962.2,86.424,Medium,-2,99.37,True
67,2020,17,Mexico,Mexico City,Americas,4.304,71,2020-06-24,Dry,False,SAI,Carlos Sainz,Ferrari,Spain,26,11,13,0,2,False,False,5991.6,82.45,Medium,-2,99.86,False
67,2020,17,Mexico,Mexico City,Americas,4.304,71,2020-06-24,Dry,False,STR,Lance Stroll,Aston Martin,Canada,22,20,20,0,2,False,False,6026.1,85.934,Medium,0,100.44,False
67,2020,17,Mexico,Mexico City,Americas,4.304,71,2020-06-24,Dry,False,HAM,Lewis Hamilton,Mercedes,Great Britain,35,13,18,0,2,False,False,6039.9,83.002,Hard,-5,100.66,False
67,2020,17,Mexico,Mexico City,Americas,4.304,71,2020-06-24,Dry,False,NOR,Lando Norris,McLaren,Great Britain,20,20,19,0,1,False,False,5998.6,81.75,Soft,1,99.98,False
67,2020,17,Mexico,Mexico City,Americas,4.304,71,2020-06-24,Dry,False,VER,Max Verstappen,Red Bull Racing,Netherlands,22,19,16,0,2,False,False,6005.5,83.191,Soft,3,100.09,False
67,2020,17,Mexico,Mexico City,Americas,4.304,71,2020-06-24,Dry,False,BOT,Valtteri Bottas,Alfa Romeo,Finland,31,7,8,4,2,False,False,5990.4,83.373,Medium,-1,99.84,True
67,2020,17,Mexico,Mexico City,Americas,4.304,71,2020-06-24,Dry,False,DEV,Nyck de Vries,AlphaTauri,Netherlands,25,10,5,10,2,False,False,5980.1,83.722,Hard,5,99.67,True
67,2020,17,Mexico,Mexico City,Americas,4.304,71,2020-06-24,Dry,False,OCO,Esteban Ocon,Alpine,France,24,11,15,0,3,False,False,6048.5,81.64,Medium,-4,100.81,False
67,2020,17,Mexico,Mexico City,Americas,4.304,71,2020-06-24,Dry,False,PER,Sergio Perez,Red Bull Racing,Mexico,30,14,18,0,2,False,True,6024.6,104.285,Medium,-4,100.41,False
68,2020,18,Brazil,Sao Paulo,Americas,4.309,71,2020-07-13,Dry,True,ALO,Fernando Alonso,Aston Martin,Spain,39,15,18,0,2,False,False,6044.3,82.524,Hard,-3,100.74,False
68,2020,18,Brazil,Sao Paulo,Americas,4.309,71,2020-07-13,Dry,True,VER,Max Verstappen,Red Bull Racing,Netherlands,22,3,8,4,1,False,False,6003.0,84.535,Medium,-5,100.05,True
68,2020,18,Brazil,Sao Paulo,Americas,4.309,71,2020-07-13,Dry,True,STR,Lance Stroll,Aston Martin,Canada,22,20,19,0,3,False,False,6032.8,86.097,Soft,1,100.55,False
68,2020,18,Brazil,Sao Paulo,Americas,4.309,71,2020-07-13,Dry,True,TSU,Yuki Tsunoda,AlphaTauri,Japan,20,20,15,0,2,False,False,6024.4,81.675,Soft,5,100.41,False
68,2020,18,Brazil,Sao Paulo,Americas,4.309,71,2020-07-13,Dry,True,RUS,George Russell,Mercedes,Great Britain,22,19,20,0,1,False,False,6029.5,83.602,Soft,-1,100.49,False
68,2020,18,Brazil,Sao Paulo,Americas,4.309,71,2020-07-13,Dry,True,PER,Sergio Perez,Red Bull Racing,Mexico,30,12,9,2,1,False,False,5981.0,83.469,Soft,3,99.68,True
68,2020,18,Brazil,Sao Paulo,Americas,4.309,71,2020-07-13,Dry,True,SAR,Logan Sargeant,Williams,USA,20,9,14,0,2,False,False,6028.1,85.397,Soft,-5,100.47,False
68,2020,18,Brazil,Sao Paulo,Americas,4.309,71,2020-07-13,Dry,True,MSC,Mick Schumacher,Haas,Germany,21,1,3,15,1,False,False,5975.0,85.643,Medium,-2,99.58,True
68,2020,18,Brazil,Sao Paulo,Americas,4.309,71,2020-07-13,Dry,True,GAS,Pierre Gasly,Alpine,France,24,14,17,0,2,False,False,6010.9,82.492,Soft,-3,100.18,False
68,2020,18,Brazil,Sao Paulo,Americas,4.309,71,2020-07-13,Dry,True,DEV,Nyck de Vries,AlphaTauri,Netherlands,25,14,16,0,3,False,False,6037.7,85.515,Soft,-2,100.63,False
68,2020,18,Brazil,Sao Paulo,Americas,4.309,71,2020-07-13,Dry,True,ALB,Alexander Albon,Williams,Thailand,24,10,12,0,1,False,False,6016.9,88.11,Medium,-2,100.28,False
68,2020,18,Brazil,Sao Paulo,Americas,4.309,71,2020-07-13,Dry,True,LEC,Charles Leclerc,Ferrari,Monaco,23,14,13,0,3,False,False,6006.7,86.142,Soft,1,100.11,False
68,2020,18,Brazil,Sao Paulo,Americas,4.309,71,2020-07-13,Dry,True,HUL,Nico Hulkenberg,Haas,Germany,33,9,5,10,2,False,False,5987.7,83.675,Medium,4,99.8,True
68,2020,18,Brazil,Sao Paulo,Americas,4.309,71,2020-07-13,Dry,True,ZHO,Guanyu Zhou,Alfa Romeo,China,21,6,4,12,2,False,False,5966.7,84.315,Medium,2,99.44,True
68,2020,18,Brazil,Sao Paulo,Americas,4.309,71,2020-07-13,Dry,True,MAG,Kevin Magnussen,Haas,Denmark,28,4,7,6,2,False,False,5964.9,81.165,Hard,-3,99.42,True
68,2020,18,Brazil,Sao Paulo,Americas,4.309,71,2020-07-13,Dry,True,OCO,Esteban Ocon,Alpine,France,24,4,2,18,3,False,False,5939.8,84.807,Medium,2,99.0,True
68,2020,18,Brazil,Sao Paulo,Americas,4.309,71,2020-07-13,Dry,True,BOT,Valtteri Bottas,Alfa Romeo,Finland,31,15,20,0,2,False,True,6024.6,85.791,Medium,-5,100.41,False
68,2020,18,Brazil,Sao Paulo,Americas,4.309,71,2020-07-13,Dry,True,NOR,Lando Norris,McLaren,Great Britain,20,5,6,8,2,False,False,5984.3,84.094,Medium,-1,99.74,True
68,2020,18,Brazil,Sao Paulo,Americas,4.309,71,2020-07-13,Dry,True,SAI,Carlos Sainz,Ferrari,Spain,26,1,1,26,1,True,False,5963.0,83.005,Soft,0,99.38,True
68,2020,18,Brazil,Sao Paulo,Americas,4.309,71,2020-07-13,Dry,True,HAM,Lewis Hamilton,Mercedes,Great Britain,35,9,10,1,2,False,False,5994.1,83.585,Medium,-1,99.9,True
69,2020,19,Abu Dhabi,Yas Marina,Middle East,5.281,55,2020-08-03,Dry,False,SAR,Logan Sargeant,Williams,USA,20,1,1,26,2,True,False,5654.0,104.197,Soft,0,94.23,True
69,2020,19,Abu Dhabi,Yas Marina,Middle East,5.281,55,2020-08-03,Dry,False,VER,Max Verstappen,Red Bull Racing,Netherlands,22,5,9,2,2,False,False,5720.4,102.458,Medium,-4,95.34,True
69,2020,19,Abu Dhabi,Yas Marina,Middle East,5.281,55,2020-08-03,Dry,False,RUS,George Russell,Mercedes,Great Britain,22,4,6,8,1,False,False,5686.7,101.807,Medium,-2,94.78,True
69,2020,19,Abu Dhabi,Yas Marina,Middle East,5.281,55,2020-08-03,Dry,False,ALB,Alexander Albon,Williams,Thailand,24,15,16,0,3,False,False,5724.8,103.924,Medium,-1,95.41,False
69,2020,19,Abu Dhabi,Yas Marina,Middle East,5.281,55,2020-08-03,Dry,False,HAM,Lewis Hamilton,Mercedes,Great Britain,35,10,10,1,1,False,False,5692.3,101.325,Hard,0,94.87,True
69,2020,19,Abu Dhabi,Yas Marina,Middle East,5.281,55,2020-08-03,Dry,False,MAG,Kevin Magnussen,Haas,Denmark,28,3,7,6,3,False,False,5696.1,104.304,Soft,-4,94.94,True
69,2020,19,Abu Dhabi,Yas Marina,Middle East,5.281,55,2020-08-03,Dry,False,TSU,Yuki Tsunoda,AlphaTauri,Japan,20,5,3,15,2,False,False,5673.3,102.868,Soft,2,94.56,True
69,2020,19,Abu Dhabi,Yas Marina,Middle East,5.281,55,2020-08-03,Dry,False,STR,Lance Stroll,Aston Martin,Canada,22,9,4,12,2,False,False,5681.3,102.425,Medium,5,94.69,True
69,2020,19,Abu Dhabi,Yas Marina,Middle East,5.281,55,2020-08-03,Dry,False,SAI,Carlos Sainz,Ferrari,Spain,26,3,2,18,2,False,False,5669.7,102.415,Soft,1,94.49,True
69,2020,19,Abu Dhabi,Yas Marina,Middle East,5.281,55,2020-08-03,Dry,False,ALO,Fernando Alonso,Aston Martin,Spain,39,12,13,0,2,False,False,5710.6,101.521,Medium,-1,95.18,False
69,2020,19,Abu Dhabi,Yas Marina,Middle East,5.281,55,2020-08-03,Dry,False,DEV,Nyck de Vries,AlphaTauri,Netherlands,25,20,20,0,2,False,True,6024.6,104.325,Hard,0,100.41,False
69,2020,19,Abu Dhabi,Yas Marina,Middle East,5.281,55,2020-08-03,Dry,False,OCO,Esteban Ocon,Alpine,France,24,12,17,0,2,False,False,5724.7,104.285,Medium,-5,95.41,False
69,2020,19,Abu Dhabi,Yas Marina,Middle East,5.281,55,2020-08-03,Dry,False,PER,Sergio Perez,Red Bull Racing,Mexico,30,17,20,0,2,False,False,5734.7,104.152,Soft,-3,95.58,False
69,2020,19,Abu Dhabi,Yas Marina,Middle East,5.281,55,2020-08-03,Dry,False,BOT,Valtteri Bottas,Alfa Romeo,Finland,31,20,18,0,2,False,False,5722.0,103.635,Hard,2,95.37,False
69,2020,19,Abu Dhabi,Yas Marina,Middle East,5.281,55,2020-08-03,Dry,False,GAS,Pierre Gasly,Alpine,France,24,14,14,0,2,False,False,6024.6,104.804,Soft,0,100.41,False
69,2020,19,Abu Dhabi,Yas Marina,Middle East,5.281,55,2020-08-03,Dry,False,MSC,Mick Schumacher,Haas,Germany,21,10,8,4,2,False,False,5715.5,103.598,Medium,2,95.26,True
69,2020,19,Abu Dhabi,Yas Marina,Middle East,5.281,55,2020-08-03,Dry,False,NOR,Lando Norris,McLaren,Great Britain,20,6,5,10,2,False,False,5683.2,104.285,Soft,1,94.72,True
69,2020,19,Abu Dhabi,Yas Marina,Middle East,5.281,55,2020-08-03,Dry,False,LEC,Charles Leclerc,Ferrari,Monaco,23,20,15,0,3,False,False,5735.8,100.741,Medium,5,95.6,False
69,2020,19,Abu Dhabi,Yas Marina,Middle East,5.281,55,2020-08-03,Dry,False,ZHO,Guanyu Zhou,Alfa Romeo,China,21,15,12,0,2,False,False,5694.4,102.232,Medium,3,94.91,False
69,2020,19,Abu Dhabi,Yas Marina,Middle East,5.281,55,2020-08-03,Dry,False,HUL,Nico Hulkenberg,Haas,Germany,33,19,19,0,1,True,False,5706.1,100.568,Medium,0,95.1,False
70,2020,20,China,Shanghai,Asia Pacific,5.451,56,2020-09-02,Dry,True,STR,Lance Stroll,Aston Martin,Canada,22,4,4,12,2,False,False,5996.2,107.839,Medium,0,99.94,True
70,2020,20,China,Shanghai,Asia Pacific,5.451,56,2020-09-02,Dry,True,SAR,Logan Sargeant,Williams,USA,20,1,5,10,3,False,False,5957.3,108.041,Medium,-4,99.29,True
70,2020,20,China,Shanghai,Asia Pacific,5.451,56,2020-09-02,Dry,True,NOR,Lando Norris,McLaren,Great Britain,20,13,16,0,2,False,False,6034.3,104.784,Medium,-3,100.57,False
70,2020,20,China,Shanghai,Asia Pacific,5.451,56,2020-09-02,Dry,True,TSU,Yuki Tsunoda,AlphaTauri,Japan,20,20,20,0,2,False,False,6015.5,107.451,Medium,0,100.26,False
70,2020,20,China,Shanghai,Asia Pacific,5.451,56,2020-09-02,Dry,True,MAG,Kevin Magnussen,Haas,Denmark,28,19,14,0,3,False,False,5993.0,107.469,Medium,5,99.88,False
70,2020,20,China,Shanghai,Asia Pacific,5.451,56,2020-09-02,Dry,True,OCO,Esteban Ocon,Alpine,France,24,1,2,18,1,False,False,5951.2,107.628,Soft,-1,99.19,True
70,2020,20,China,Shanghai,Asia Pacific,5.451,56,2020-09-02,Dry,True,MSC,Mick Schumacher,Haas,Germany,21,20,15,0,2,False,False,5994.0,109.715,Hard,5,99.9,False
70,2020,20,China,Shanghai,Asia Pacific,5.451,56,2020-09-02,Dry,True,SAI,Carlos Sainz,Ferrari,Spain,26,20,19,0,1,False,False,6037.4,106.991,Soft,1,100.62,False
70,2020,20,China,Shanghai,Asia Pacific,5.451,56,2020-09-02,Dry,True,DEV,Nyck de Vries,AlphaTauri,Netherlands,25,11,11,0,1,True,False,5985.3,109.529,Medium,0,99.76,False
70,2020,20,China,Shanghai,Asia Pacific,5.451,56,2020-09-02,Dry,True,ZHO,Guanyu Zhou,Alfa Romeo,China,21,3,7,6,2,False,False,5976.4,104.592,Soft,-4,99.61,True
70,2020,20,China,Shanghai,Asia Pacific,5.451,56,2020-09-02,Dry,True,VER,Max Verstappen,Red Bull Racing,Netherlands,22,1,1,26,2,True,False,5950.9,104.671,Soft,0,99.18,True
70,2020,20,China,Shanghai,Asia Pacific,5.451,56,2020-09-02,Dry,True,PER,Sergio Perez,Red Bull Racing,Mexico,30,10,10,2,2,True,False,6006.1,106.982,Medium,0,100.1,True
70,2020,20,China,Shanghai,Asia Pacific,5.451,56,2020-09-02,Dry,True,RUS,George Russell,Mercedes,Great Britain,22,3,6,8,1,False,False,5968.8,107.609,Medium,-3,99.48,True
70,2020,20,China,Shanghai,Asia Pacific,5.451,56,2020-09-02,Dry,True,ALO,Fernando Alonso,Aston Martin,Spain,39,16,17,0,2,False,False,6012.9,108.368,Medium,-1,100.21,False
70,2020,20,China,Shanghai,Asia Pacific,5.451,56,2020-09-02,Dry,True,HAM,Lewis Hamilton,Mercedes,Great Britain,35,14,13,0,2,False,False,5992.3,106.58,Hard,1,99.87,False
70,2020,20,China,Shanghai,Asia Pacific,5.451,56,2020-09-02,Dry,True,LEC,Charles Leclerc,Ferrari,Monaco,23,11,9,2,1,False,False,5972.5,105.397,Hard,2,99.54,True
70,2020,20,China,Shanghai,Asia Pacific,5.451,56,2020-09-02,Dry,True,BOT,Valtteri Bottas,Alfa Romeo,Finland,31,7,8,4,2,False,False,5968.2,105.541,Medium,-1,99.47,True
70,2020,20,China,Shanghai,Asia Pacific,5.451,56,2020-09-02,Dry,True,GAS,Pierre Gasly,Alpine,France,24,20,18,0,2,False,False,6028.9,106.568,Hard,2,100.48,False
70,2020,20,China,Shanghai,Asia Pacific,5.451,56,2020-09-02,Dry,True,ALB,Alexander Albon,Williams,Thailand,24,15,12,0,2,False,False,5950.9,105.619,Medium,3,99.18,False
70,2020,20,China,Shanghai,Asia Pacific,5.451,56,2020-09-02,Dry,True,HUL,Nico Hulkenberg,Haas,Germany,33,5,3,15,2,False,False,5952.4,105.859,Medium,2,99.21,True
71,2020,21,Qatar,Lusail,Middle East,5.38,57,2020-10-09,Dry,False,BOT,Valtteri Bottas,Alfa Romeo,Finland,31,12,16,0,2,False,True,6024.6,104.285,Medium,-4,100.41,False
71,2020,21,Qatar,Lusail,Middle East,5.38,57,2020-10-09,Dry,False,LEC,Charles Leclerc,Ferrari,Monaco,23,7,2,18,1,False,False,6015.5,106.259,Soft,5,100.26,True
71,2020,21,Qatar,Lusail,Middle East,5.38,57,2020-10-09,Dry,False,SAI,Carlos Sainz,Ferrari,Spain,26,11,15,0,2,False,False,6034.0,105.043,Hard,-4,100.57,False
71,2020,21,Qatar,Lusail,Middle East,5.38,57,2020-10-09,Dry,False,SAR,Logan Sargeant,Williams,USA,20,16,13,0,2,False,False,6004.6,104.314,Medium,3,100.08,False
71,2020,21,Qatar,Lusail,Middle East,5.38,57,2020-10-09,Dry,False,STR,Lance Stroll,Aston Martin,Canada,22,8,4,12,2,False,False,5989.8,106.217,Soft,4,99.83,True
71,2020,21,Qatar,Lusail,Middle East,5.38,57,2020-10-09,Dry,False,MAG,Kevin Magnussen,Haas,Denmark,28,13,11,0,2,False,False,6033.2,104.876,Medium,2,100.55,False
71,2020,21,Qatar,Lusail,Middle East,5.38,57,2020-10-09,Dry,False,DEV,Nyck de Vries,AlphaTauri,Netherlands,25,20,20,0,2,False,False,6034.7,103.249,Medium,0,100.58,False
71,2020,21,Qatar,Lusail,Middle East,5.38,57,2020-10-09,Dry,False,OCO,Esteban Ocon,Alpine,France,24,13,14,0,3,False,False,6030.4,104.285,Medium,-1,100.51,False
71,2020,21,Qatar,Lusail,Middle East,5.38,57,2020-10-09,Dry,False,PER,Sergio Perez,Red Bull Racing,Mexico,30,7,5,10,3,False,False,6004.1,104.812,Medium,2,100.07,True
71,2020,21,Qatar,Lusail,Middle East,5.38,57,2020-10-09,Dry,False,ALB,Alexander Albon,Williams,Thailand,24,16,18,0,3,False,False,6046.4,104.423,Soft,-2,100.77,False
71,2020,21,Qatar,Lusail,Middle East,5.38,57,2020-10-09,Dry,False,ALO,Fernando Alonso,Aston Martin,Spain,39,15,12,0,2,False,False,6029.6,106.271,Medium,3,100.49,False
71,2020,21,Qatar,Lusail,Middle East,5.38,57,2020-10-09,Dry,False,HAM,Lewis Hamilton,Mercedes,Great Britain,35,20,17,0,1,False,False,6044.3,103.656,Hard,3,100.74,False
71,2020,21,Qatar,Lusail,Middle East,5.38,57,2020-10-09,Dry,False,VER,Max Verstappen,Red Bull Racing,Netherlands,22,20,16,0,2,False,False,6018.4,103.689,Soft,4,100.31,False
71,2020,21,Qatar,Lusail,Middle East,5.38,57,2020-10-09,Dry,False,ZHO,Guanyu Zhou,Alfa Romeo,China,21,14,18,0,2,False,True,6024.6,104.285,Hard,-4,100.41,False
71,2020,21,Qatar,Lusail,Middle East,5.38,57,2020-10-09,Dry,False,RUS,George Russell,Mercedes,Great Britain,22,7,8,4,3,False,False,5994.6,102.898,Medium,-1,99.91,True
71,2020,21,Qatar,Lusail,Middle East,5.38,57,2020-10-09,Dry,False,HUL,Nico Hulkenberg,Haas,Germany,33,3,3,15,1,False,False,6012.6,106.344,Medium,0,100.21,True
71,2020,21,Qatar,Lusail,Middle East,5.38,57,2020-10-09,Dry,False,TSU,Yuki Tsunoda,AlphaTauri,Japan,20,14,19,0,3,False,False,6045.9,104.285,Medium,-5,100.76,False
71,2020,21,Qatar,Lusail,Middle East,5.38,57,2020-10-09,Dry,False,MSC,Mick Schumacher,Haas,Germany,21,9,7,6,3,False,False,6011.4,105.169,Soft,2,100.19,True
71,2020,21,Qatar,Lusail,Middle East,5.38,57,2020-10-09,Dry,False,GAS,Pierre Gasly,Alpine,France,24,1,1,26,2,True,False,5986.4,102.589,Medium,0,99.77,True
71,2020,21,Qatar,Lusail,Middle East,5.38,57,2020-10-09,Dry,False,NOR,Lando Norris,McLaren,Great Britain,20,7,6,8,1,False,False,6003.5,102.873,Hard,1,100.06,True
72,2020,22,Las Vegas,Las Vegas,Americas,6.201,50,2020-11-12,Dry,True,RUS,George Russell,Mercedes,Great Britain,22,20,19,0,1,False,False,6107.7,120.251,Medium,1,101.8,False
72,2020,22,Las Vegas,Las Vegas,Americas,6.201,50,2020-11-12,Dry,True,NOR,Lando Norris,McLaren,Great Britain,20,20,20,0,2,False,False,6113.1,123.089,Soft,0,101.88,False
72,2020,22,Las Vegas,Las Vegas,Americas,6.201,50,2020-11-12,Dry,True,PER,Sergio Perez,Red Bull Racing,Mexico,30,2,3,15,2,False,False,6033.5,120.655,Medium,-1,100.56,True
72,2020,22,Las Vegas,Las Vegas,Americas,6.201,50,2020-11-12,Dry,True,MSC,Mick Schumacher,Haas,Germany,21,17,16,0,2,False,False,6111.2,122.731,Medium,1,101.85,False
72,2020,22,Las Vegas,Las Vegas,Americas,6.201,50,2020-11-12,Dry,True,ZHO,Guanyu Zhou,Alfa Romeo,China,21,15,18,0,2,False,False,6121.0,123.265,Medium,-3,102.02,False
72,2020,22,Las Vegas,Las Vegas,Americas,6.201,50,2020-11-12,Dry,True,LEC,Charles Leclerc,Ferrari,Monaco,23,15,14,0,1,False,False,6065.7,118.872,Hard,1,101.1,False
72,2020,22,Las Vegas,Las Vegas,Americas,6.201,50,2020-11-12,Dry,True,OCO,Esteban Ocon,Alpine,France,24,16,17,0,2,False,False,6115.8,119.677,Medium,-1,101.93,False
72,2020,22,Las Vegas,Las Vegas,Americas,6.201,50,2020-11-12,Dry,True,ALO,Fernando Alonso,Aston Martin,Spain,39,8,5,10,1,False,False,6065.8,123.779,Medium,3,101.1,True
72,2020,22,Las Vegas,Las Vegas,Americas,6.201,50,2020-11-12,Dry,True,SAR,Logan Sargeant,Williams,USA,20,15,19,0,3,False,True,6024.6,123.254,Medium,-4,100.41,False
72,2020,22,Las Vegas,Las Vegas,Americas,6.201,50,2020-11-12,Dry,True,SAI,Carlos Sainz,Ferrari,Spain,26,3,2,18,3,False,False,6065.3,120.314,Hard,1,101.09,True
72,2020,22,Las Vegas,Las Vegas,Americas,6.201,50,2020-11-12,Dry,True,STR,Lance Stroll,Aston Martin,Canada,22,18,13,0,3,False,False,6105.1,121.409,Medium,5,101.75,False
72,2020,22,Las Vegas,Las Vegas,Americas,6.201,50,2020-11-12,Dry,True,DEV,Nyck de Vries,AlphaTauri,Netherlands,25,9,8,5,1,True,False,6070.3,120.988,Medium,1,101.17,True
72,2020,22,Las Vegas,Las Vegas,Americas,6.201,50,2020-11-12,Dry,True,TSU,Yuki Tsunoda,AlphaTauri,Japan,20,11,12,0,2,False,False,6093.0,120.735,Medium,-1,101.55,False
72,2020,22,Las Vegas,Las Vegas,Americas,6.201,50,2020-11-12,Dry,True,VER,Max Verstappen,Red Bull Racing,Netherlands,22,8,4,12,2,False,False,6071.3,121.4,Soft,4,101.19,True
72,2020,22,Las Vegas,Las Vegas,Americas,6.201,50,2020-11-12,Dry,True,HAM,Lewis Hamilton,Mercedes,Great Britain,35,18,15,0,2,False,False,6112.7,123.339,Medium,3,101.88,False
72,2020,22,Las Vegas,Las Vegas,Americas,6.201,50,2020-11-12,Dry,True,GAS,Pierre Gasly,Alpine,France,24,6,9,2,2,False,False,6056.2,122.373,Medium,-3,100.94,True
72,2020,22,Las Vegas,Las Vegas,Americas,6.201,50,2020-11-12,Dry,True,MAG,Kevin Magnussen,Haas,Denmark,28,14,10,1,3,False,False,6063.9,122.127,Soft,4,101.06,True
72,2020,22,Las Vegas,Las Vegas,Americas,6.201,50,2020-11-12,Dry,True,HUL,Nico Hulkenberg,Haas,Germany,33,10,7,6,2,False,False,6100.6,121.82,Medium,3,101.68,True
72,2020,22,Las Vegas,Las Vegas,Americas,6.201,50,2020-11-12,Dry,True,ALB,Alexander Albon,Williams,Thailand,24,9,11,0,1,False,False,6071.1,121.158,Hard,-2,101.18,False
72,2020,22,Las Vegas,Las Vegas,Americas,6.201,50,2020-11-12,Dry,True,BOT,Valtteri Bottas,Alfa Romeo,Finland,31,6,1,26,2,True,False,6040.1,121.215,Soft,5,100.67,True
73,2020,23,Austria,Spielberg,Europe,4.318,71,2020-01-19,Dry,False,STR,Lance Stroll,Aston Martin,Canada,22,5,5,10,2,False,False,5997.1,86.15,Hard,0,99.95,True
73,2020,23,Austria,Spielberg,Europe,4.318,71,2020-01-19,Dry,False,SAI,Carlos Sainz,Ferrari,Spain,26,10,10,1,2,False,False,6001.5,82.595,Soft,0,100.02,True
73,2020,23,Austria,Spielberg,Europe,4.318,71,2020-01-19,Dry,False,ZHO,Guanyu Zhou,Alfa Romeo,China,21,11,7,6,2,False,False,5974.8,85.186,Medium,4,99.58,True
73,2020,23,Austria,Spielberg,Europe,4.318,71,2020-01-19,Dry,False,HAM,Lewis Hamilton,Mercedes,Great Britain,35,4,2,18,2,False,False,6024.6,83.66,Soft,2,100.41,True
73,2020,23,Austria,Spielberg,Europe,4.318,71,2020-01-19,Dry,False,GAS,Pierre Gasly,Alpine,France,24,16,13,0,1,False,False,6027.6,83.347,Soft,3,100.46,False
73,2020,23,Austria,Spielberg,Europe,4.318,71,2020-01-19,Dry,False,DEV,Nyck de Vries,AlphaTauri,Netherlands,25,14,18,0,3,False,False,6044.1,84.48,Soft,-4,100.74,False
73,2020,23,Austria,Spielberg,Europe,4.318,71,2020-01-19,Dry,False,NOR,Lando Norris,McLaren,Great Britain,20,14,9,2,2,False,False,6024.8,86.664,Medium,5,100.41,True
73,2020,23,Austria,Spielberg,Europe,4.318,71,2020-01-19,Dry,False,HUL,Nico Hulkenberg,Haas,Germany,33,14,15,0,1,False,False,6026.2,83.183,Hard,-1,100.44,False
73,2020,23,Austria,Spielberg,Europe,4.318,71,2020-01-19,Dry,False,OCO,Esteban Ocon,Alpine,France,24,5,8,4,1,False,False,6019.9,86.093,Medium,-3,100.33,True
73,2020,23,Austria,Spielberg,Europe,4.318,71,2020-01-19,Dry,False,LEC,Charles Leclerc,Ferrari,Monaco,23,3,3,15,2,False,False,5981.8,82.227,Medium,0,99.7,True
73,2020,23,Austria,Spielberg,Europe,4.318,71,2020-01-19,Dry,False,TSU,Yuki Tsunoda,AlphaTauri,Japan,20,15,12,0,1,False,False,6006.5,85.244,Medium,3,100.11,False
73,2020,23,Austria,Spielberg,Europe,4.318,71,2020-01-19,Dry,False,VER,Max Verstappen,Red Bull Racing,Netherlands,22,14,11,0,3,False,False,6022.0,82.621,Soft,3,100.37,False
73,2020,23,Austria,Spielberg,Europe,4.318,71,2020-01-19,Dry,False,BOT,Valtteri Bottas,Alfa Romeo,Finland,31,18,18,0,2,False,True,6024.6,85.094,Medium,0,100.41,False
73,2020,23,Austria,Spielberg,Europe,4.318,71,2020-01-19,Dry,False,ALO,Fernando Alonso,Aston Martin,Spain,39,1,6,8,1,False,False,6028.9,82.862,Medium,-5,100.48,True
73,2020,23,Austria,Spielberg,Europe,4.318,71,2020-01-19,Dry,False,SAR,Logan Sargeant,Williams,USA,20,13,14,0,1,True,False,6033.2,82.484,Hard,-1,100.55,False
73,2020,23,Austria,Spielberg,Europe,4.318,71,2020-01-19,Dry,False,RUS,George Russell,Mercedes,Great Britain,22,5,4,12,2,False,False,6010.8,104.285,Soft,1,100.18,True
73,2020,23,Austria,Spielberg,Europe,4.318,71,2020-01-19,Dry,False,MAG,Kevin Magnussen,Haas,Denmark,28,1,1,26,1,True,False,5956.5,83.867,Soft,0,99.28,True
73,2020,23,Austria,Spielberg,Europe,4.318,71,2020-01-19,Dry,False,PER,Sergio Perez,Red Bull Racing,Mexico,30,20,20,0,2,False,False,6053.8,86.488,Medium,0,100.9,False
73,2020,23,Austria,Spielberg,Europe,4.318,71,2020-01-19,Dry,False,MSC,Mick Schumacher,Haas,Germany,21,18,17,0,1,False,False,6021.0,83.54,Medium,1,100.35,False
73,2020,23,Austria,Spielberg,Europe,4.318,71,2020-01-19,Dry,False,ALB,Alexander Albon,Williams,Thailand,24,14,19,0,2,False,False,6060.9,85.141,Soft,-5,101.02,False
74,2020,24,France,Le Castellet,Europe,5.842,53,2020-02-19,Dry,False,ZHO,Guanyu Zhou,Alfa Romeo,China,21,20,20,0,1,False,False,6145.5,113.59,Medium,0,102.42,False
74,2020,24,France,Le Castellet,Europe,5.842,53,2020-02-19,Dry,False,ALB,Alexander Albon,Williams,Thailand,24,20,20,0,1,False,True,6024.6,116.573,Medium,0,100.41,False
74,2020,24,France,Le Castellet,Europe,5.842,53,2020-02-19,Dry,False,NOR,Lando Norris,McLaren,Great Britain,20,6,7,6,2,False,False,6024.6,116.389,Hard,-1,100.41,True
74,2020,24,France,Le Castellet,Europe,5.842,53,2020-02-19,Dry,False,TSU,Yuki Tsunoda,AlphaTauri,Japan,20,11,13,0,2,False,False,6075.7,112.094,Hard,-2,101.26,False
74,2020,24,France,Le Castellet,Europe,5.842,53,2020-02-19,Dry,False,SAI,Carlos Sainz,Ferrari,Spain,26,15,18,0,2,False,False,6093.8,114.492,Medium,-3,101.56,False
74,2020,24,France,Le Castellet,Europe,5.842,53,2020-02-19,Dry,False,OCO,Esteban Ocon,Alpine,France,24,3,6,8,2,False,False,6048.2,111.378,Medium,-3,100.8,True
74,2020,24,France,Le Castellet,Europe,5.842,53,2020-02-19,Dry,False,ALO,Fernando Alonso,Aston Martin,Spain,39,11,9,2,3,False,False,6071.3,111.511,Soft,2,101.19,True
74,2020,24,France,Le Castellet,Europe,5.842,53,2020-02-19,Dry,False,STR,Lance Stroll,Aston Martin,Canada,22,14,17,0,1,False,False,6084.4,113.97,Medium,-3,101.41,False
74,2020,24,France,Le Castellet,Europe,5.842,53,2020-02-19,Dry,False,RUS,George Russell,Mercedes,Great Britain,22,1,2,18,2,False,False,6016.2,115.084,Medium,-1,100.27,True
74,2020,24,France,Le Castellet,Europe,5.842,53,2020-02-19,Dry,False,LEC,Charles Leclerc,Ferrari,Monaco,23,11,12,0,2,False,False,6088.3,113.957,Medium,-1,101.47,False
74,2020,24,France,Le Castellet,Europe,5.842,53,2020-02-19,Dry,False,DEV,Nyck de Vries,AlphaTauri,Netherlands,25,6,11,0,2,False,False,6078.0,115.843,Soft,-5,101.3,False
74,2020,24,France,Le Castellet,Europe,5.842,53,2020-02-19,Dry,False,MAG,Kevin Magnussen,Haas,Denmark,28,1,3,15,2,False,False,6056.5,113.802,Soft,-2,100.94,True
74,2020,24,France,Le Castellet,Europe,5.842,53,2020-02-19,Dry,False,GAS,Pierre Gasly,Alpine,France,24,19,16,0,2,False,True,6024.6,104.285,Medium,3,100.41,False
74,2020,24,France,Le Castellet,Europe,5.842,53,2020-02-19,Dry,False,HAM,Lewis Hamilton,Mercedes,Great Britain,35,6,1,26,1,True,False,6073.0,114.269,Soft,5,101.22,True
74,2020,24,France,Le Castellet,Europe,5.842,53,2020-02-19,Dry,False,HUL,Nico Hulkenberg,Haas,Germany,33,17,16,0,3,True,False,6093.4,115.535,Hard,1,101.56,False
74,2020,24,France,Le Castellet,Europe,5.842,53,2020-02-19,Dry,False,PER,Sergio Perez,Red Bull Racing,Mexico,30,17,19,0,2,False,False,6099.8,114.735,Medium,-2,101.66,False
74,2020,24,France,Le Castellet,Europe,5.842,53,2020-02-19,Dry,False,VER,Max Verstappen,Red Bull Racing,Netherlands,22,4,4,12,2,False,False,6051.6,110.254,Medium,0,100.86,True
74,2020,24,France,Le Castellet,Europe,5.842,53,2020-02-19,Dry,False,BOT,Valtteri Bottas,Alfa Romeo,Finland,31,15,17,0,2,False,True,6024.6,113.677,Hard,-2,100.41,False
74,2020,24,France,Le Castellet,Europe,5.842,53,2020-02-19,Dry,False,SAR,Logan Sargeant,Williams,USA,20,5,5,10,2,False,False,6052.2,115.893,Medium,0,100.87,True
74,2020,24,France,Le Castellet,Europe,5.842,53,2020-02-19,Dry,False,MSC,Mick Schumacher,Haas,Germany,21,13,10,1,2,False,False,6075.3,112.999,Medium,3,101.26,True
75,2020,25,Portugal,Portimao,Europe,4.684,66,2020-03-12,Dry,True,TSU,Yuki Tsunoda,AlphaTauri,Japan,20,13,15,0,3,False,True,6024.6,90.501,Soft,-2,100.41,False
75,2020,25,Portugal,Portimao,Europe,4.684,66,2020-03-12,Dry,True,BOT,Valtteri Bottas,Alfa Romeo,Finland,31,16,13,0,2,False,False,6082.6,90.123,Soft,3,101.38,False
75,2020,25,Portugal,Portimao,Europe,4.684,66,2020-03-12,Dry,True,MAG,Kevin Magnussen,Haas,Denmark,28,17,12,0,1,False,False,6066.2,92.475,Hard,5,101.1,False
75,2020,25,Portugal,Portimao,Europe,4.684,66,2020-03-12,Dry,True,LEC,Charles Leclerc,Ferrari,Monaco,23,12,10,1,2,False,False,6053.4,95.361,Soft,2,100.89,True
75,2020,25,Portugal,Portimao,Europe,4.684,66,2020-03-12,Dry,True,HUL,Nico Hulkenberg,Haas,Germany,33,17,18,0,2,False,False,6072.1,91.734,Medium,-1,101.2,False
75,2020,25,Portugal,Portimao,Europe,4.684,66,2020-03-12,Dry,True,OCO,Esteban Ocon,Alpine,France,24,1,1,26,2,True,False,6019.4,89.932,Hard,0,100.32,True
75,2020,25,Portugal,Portimao,Europe,4.684,66,2020-03-12,Dry,True,STR,Lance Stroll,Aston Martin,Canada,22,16,20,0,1,True,False,6127.4,92.149,Soft,-4,102.12,False
75,2020,25,Portugal,Portimao,Europe,4.684,66,2020-03-12,Dry,True,MSC,Mick Schumacher,Haas,Germany,21,7,6,8,2,False,False,6062.2,89.62,Medium,1,101.04,True
75,2020,25,Portugal,Portimao,Europe,4.684,66,2020-03-12,Dry,True,PER,Sergio Perez,Red Bull Racing,Mexico,30,1,3,15,2,False,False,6062.4,87.804,Hard,-2,101.04,True
75,2020,25,Portugal,Portimao,Europe,4.684,66,2020-03-12,Dry,True,VER,Max Verstappen,Red Bull Racing,Netherlands,22,11,11,0,3,False,False,6058.5,89.521,Hard,0,100.98,False
75,2020,25,Portugal,Portimao,Europe,4.684,66,2020-03-12,Dry,True,SAI,Carlos Sainz,Ferrari,Spain,26,11,7,6,2,False,False,6053.3,92.52,Medium,4,100.89,True
75,2020,25,Portugal,Portimao,Europe,4.684,66,2020-03-12,Dry,True,DEV,Nyck de Vries,AlphaTauri,Netherlands,25,18,14,0,1,False,False,6100.0,90.063,Soft,4,101.67,False
75,2020,25,Portugal,Portimao,Europe,4.684,66,2020-03-12,Dry,True,RUS,George Russell,Mercedes,Great Britain,22,3,4,12,2,False,False,6017.3,93.172,Medium,-1,100.29,True
75,2020,25,Portugal,Portimao,Europe,4.684,66,2020-03-12,Dry,True,NOR,Lando Norris,McLaren,Great Britain,20,1,2,18,2,False,False,6039.5,90.967,Soft,-1,100.66,True
75,2020,25,Portugal,Portimao,Europe,4.684,66,2020-03-12,Dry,True,ALB,Alexander Albon,Williams,Thailand,24,10,5,10,2,False,False,6058.5,89.72,Medium,5,100.98,True
75,2020,25,Portugal,Portimao,Europe,4.684,66,2020-03-12,Dry,True,GAS,Pierre Gasly,Alpine,France,24,15,17,0,2,False,False,6082.3,91.691,Soft,-2,101.37,False
75,2020,25,Portugal,Portimao,Europe,4.684,66,2020-03-12,Dry,True,ALO,Fernando Alonso,Aston Martin,Spain,39,19,19,0,2,False,False,6088.7,91.105,Medium,0,101.48,False
75,2020,25,Portugal,Portimao,Europe,4.684,66,2020-03-12,Dry,True,SAR,Logan Sargeant,Williams,USA,20,3,8,5,3,True,False,6026.4,92.905,Soft,-5,100.44,True
75,2020,25,Portugal,Portimao,Europe,4.684,66,2020-03-12,Dry,True,ZHO,Guanyu Zhou,Alfa Romeo,China,21,19,16,0,2,False,False,6085.1,90.001,Soft,3,101.42,False
75,2020,25,Portugal,Portimao,Europe,4.684,66,2020-03-12,Dry,True,HAM,Lewis Hamilton,Mercedes,Great Britain,35,18,15,0,3,False,False,6097.3,93.302,Medium,3,101.62,False
76,2021,1,Bahrain,Sakhir,Middle East,5.412,57,2021-01-07,Dry,False,OCO,Esteban Ocon,Alpine,France,25,7,10,1,2,False,False,6030.6,106.732,Soft,-3,100.51,True
76,2021,1,Bahrain,Sakhir,Middle East,5.412,57,2021-01-07,Dry,False,MSC,Mick Schumacher,Haas,Germany,22,7,11,0,2,False,False,6051.9,105.031,Medium,-4,100.86,False
76,2021,1,Bahrain,Sakhir,Middle East,5.412,57,2021-01-07,Dry,False,HUL,Nico Hulkenberg,Haas,Germany,34,12,13,0,3,False,False,6043.4,102.531,Medium,-1,100.72,False
76,2021,1,Bahrain,Sakhir,Middle East,5.412,57,2021-01-07,Dry,False,TSU,Yuki Tsunoda,AlphaTauri,Japan,21,9,7,6,1,False,False,6040.9,106.346,Soft,2,100.68,True
76,2021,1,Bahrain,Sakhir,Middle East,5.412,57,2021-01-07,Dry,False,GAS,Pierre Gasly,Alpine,France,25,19,14,0,1,False,False,6064.7,107.332,Medium,5,101.08,False
76,2021,1,Bahrain,Sakhir,Middle East,5.412,57,2021-01-07,Dry,False,MAG,Kevin Magnussen,Haas,Denmark,29,15,19,0,3,False,False,6057.2,103.637,Soft,-4,100.95,False
76,2021,1,Bahrain,Sakhir,Middle East,5.412,57,2021-01-07,Dry,False,STR,Lance Stroll,Aston Martin,Canada,23,10,9,2,2,False,False,6066.5,104.377,Medium,1,101.11,True
76,2021,1,Bahrain,Sakhir,Middle East,5.412,57,2021-01-07,Dry,False,SAR,Logan Sargeant,Williams,USA,21,20,18,0,3,False,False,6089.1,105.861,Soft,2,101.48,False
76,2021,1,Bahrain,Sakhir,Middle East,5.412,57,2021-01-07,Dry,False,LEC,Charles Leclerc,Ferrari,Monaco,24,9,6,8,1,False,False,6051.9,106.125,Medium,3,100.86,True
76,2021,1,Bahrain,Sakhir,Middle East,5.412,57,2021-01-07,Dry,False,PER,Sergio Perez,Red Bull Racing,Mexico,31,20,17,0,2,False,False,6090.4,104.9,Soft,3,101.51,False
76,2021,1,Bahrain,Sakhir,Middle East,5.412,57,2021-01-07,Dry,False,ZHO,Guanyu Zhou,Alfa Romeo,China,22,3,5,10,2,False,False,6021.7,103.296,Soft,-2,100.36,True
76,2021,1,Bahrain,Sakhir,Middle East,5.412,57,2021-01-07,Dry,False,NOR,Lando Norris,McLaren,Great Britain,21,7,12,0,1,False,False,6053.6,107.398,Soft,-5,100.89,False
76,2021,1,Bahrain,Sakhir,Middle East,5.412,57,2021-01-07,Dry,False,RUS,George Russell,Mercedes,Great Britain,23,15,20,0,3,False,True,6024.6,107.7,Medium,-5,100.41,False
76,2021,1,Bahrain,Sakhir,Middle East,5.412,57,2021-01-07,Dry,False,VER,Max Verstappen,Red Bull Racing,Netherlands,23,4,3,15,2,False,False,5997.2,104.395,Medium,1,99.95,True
76,2021,1,Bahrain,Sakhir,Middle East,5.412,57,2021-01-07,Dry,False,DEV,Nyck de Vries,AlphaTauri,Netherlands,26,9,8,4,2,False,False,6032.8,102.619,Medium,1,100.55,True
76,2021,1,Bahrain,Sakhir,Middle East,5.412,57,2021-01-07,Dry,False,SAI,Carlos Sainz,Ferrari,Spain,27,1,1,26,2,True,False,6036.3,104.305,Hard,0,100.6,True
76,2021,1,Bahrain,Sakhir,Middle East,5.412,57,2021-01-07,Dry,False,ALB,Alexander Albon,Williams,Thailand,25,20,20,0,1,False,False,6071.1,104.788,Hard,0,101.18,False
76,2021,1,Bahrain,Sakhir,Middle East,5.412,57,2021-01-07,Dry,False,HAM,Lewis Hamilton,Mercedes,Great Britain,36,5,2,18,3,False,False,6026.9,103.955,Medium,3,100.45,True
76,2021,1,Bahrain,Sakhir,Middle East,5.412,57,2021-01-07,Dry,False,ALO,Fernando Alonso,Aston Martin,Spain,40,12,15,0,3,False,False,6045.0,106.033,Medium,-3,100.75,False
76,2021,1,Bahrain,Sakhir,Middle East,5.412,57,2021-01-07,Dry,False,BOT,Valtteri Bottas,Alfa Romeo,Finland,32,17,15,0,3,False,True,6024.6,106.517,Hard,2,100.41,False
77,2021,2,Saudi Arabia,Jeddah,Middle East,6.174,50,2021-02-23,Wet,True,LEC,Charles Leclerc,Ferrari,Monaco,24,3,8,4,1,False,False,6046.4,120.736,Soft,-5,100.77,True
77,2021,2,Saudi Arabia,Jeddah,Middle East,6.174,50,2021-02-23,Wet,True,GAS,Pierre Gasly,Alpine,France,25,16,12,0,2,False,False,6049.4,118.794,Hard,4,100.82,False
77,2021,2,Saudi Arabia,Jeddah,Middle East,6.174,50,2021-02-23,Wet,True,VER,Max Verstappen,Red Bull Racing,Netherlands,23,1,1,26,1,True,False,6030.4,117.709,Soft,0,100.51,True
77,2021,2,Saudi Arabia,Jeddah,Middle East,6.174,50,2021-02-23,Wet,True,PER,Sergio Perez,Red Bull Racing,Mexico,31,18,16,0,1,False,True,6024.6,120.924,Medium,2,100.41,False
77,2021,2,Saudi Arabia,Jeddah,Middle East,6.174,50,2021-02-23,Wet,True,ALB,Alexander Albon,Williams,Thailand,25,20,19,0,2,False,True,6024.6,104.285,Soft,1,100.41,False
77,2021,2,Saudi Arabia,Jeddah,Middle East,6.174,50,2021-02-23,Wet,True,ALO,Fernando Alonso,Aston Martin,Spain,40,9,6,8,2,False,False,6046.5,120.925,Medium,3,100.78,True
77,2021,2,Saudi Arabia,Jeddah,Middle East,6.174,50,2021-02-23,Wet,True,MSC,Mick Schumacher,Haas,Germany,22,2,3,15,3,False,False,6008.5,123.843,Medium,-1,100.14,True
77,2021,2,Saudi Arabia,Jeddah,Middle East,6.174,50,2021-02-23,Wet,True,STR,Lance Stroll,Aston Martin,Canada,23,14,16,0,1,False,False,6081.6,123.53,Hard,-2,101.36,False
77,2021,2,Saudi Arabia,Jeddah,Middle East,6.174,50,2021-02-23,Wet,True,SAI,Carlos Sainz,Ferrari,Spain,27,1,4,12,2,False,False,6053.2,104.285,Hard,-3,100.89,True
77,2021,2,Saudi Arabia,Jeddah,Middle East,6.174,50,2021-02-23,Wet,True,BOT,Valtteri Bottas,Alfa Romeo,Finland,32,12,14,0,2,False,False,6094.4,120.98,Medium,-2,101.57,False
77,2021,2,Saudi Arabia,Jeddah,Middle East,6.174,50,2021-02-23,Wet,True,HAM,Lewis Hamilton,Mercedes,Great Britain,36,14,17,0,2,False,False,6057.5,123.877,Hard,-3,100.96,False
77,2021,2,Saudi Arabia,Jeddah,Middle East,6.174,50,2021-02-23,Wet,True,ZHO,Guanyu Zhou,Alfa Romeo,China,22,7,11,0,1,False,False,6052.6,104.285,Medium,-4,100.88,False
77,2021,2,Saudi Arabia,Jeddah,Middle East,6.174,50,2021-02-23,Wet,True,NOR,Lando Norris,McLaren,Great Britain,21,14,15,0,2,False,False,6073.7,123.241,Hard,-1,101.23,False
77,2021,2,Saudi Arabia,Jeddah,Middle East,6.174,50,2021-02-23,Wet,True,TSU,Yuki Tsunoda,AlphaTauri,Japan,21,13,10,1,2,False,False,6060.5,121.539,Medium,3,101.01,True
77,2021,2,Saudi Arabia,Jeddah,Middle East,6.174,50,2021-02-23,Wet,True,SAR,Logan Sargeant,Williams,USA,21,20,18,0,2,False,False,6082.5,120.415,Medium,2,101.38,False
77,2021,2,Saudi Arabia,Jeddah,Middle East,6.174,50,2021-02-23,Wet,True,DEV,Nyck de Vries,AlphaTauri,Netherlands,26,20,20,0,2,False,False,6078.3,121.886,Medium,0,101.3,False
77,2021,2,Saudi Arabia,Jeddah,Middle East,6.174,50,2021-02-23,Wet,True,MAG,Kevin Magnussen,Haas,Denmark,29,12,13,0,2,False,False,6061.2,120.953,Medium,-1,101.02,False
77,2021,2,Saudi Arabia,Jeddah,Middle East,6.174,50,2021-02-23,Wet,True,HUL,Nico Hulkenberg,Haas,Germany,34,11,9,2,1,False,False,6049.3,123.984,Hard,2,100.82,True
77,2021,2,Saudi Arabia,Jeddah,Middle East,6.174,50,2021-02-23,Wet,True,RUS,George Russell,Mercedes,Great Britain,23,1,2,18,2,False,False,6010.0,119.665,Medium,-1,100.17,True
77,2021,2,Saudi Arabia,Jeddah,Middle East,6.174,50,2021-02-23,Wet,True,OCO,Esteban Ocon,Alpine,France,25,20,19,0,2,False,False,6082.3,104.285,Medium,1,101.37,False
78,2021,3,Australia,Melbourne,Asia Pacific,5.278,58,2021-03-24,Dry,True,DEV,Nyck de Vries,AlphaTauri,Netherlands,26,12,15,0,2,False,False,6025.6,105.027,Soft,-3,100.43,False
78,2021,3,Australia,Melbourne,Asia Pacific,5.278,58,2021-03-24,Dry,True,STR,Lance Stroll,Aston Martin,Canada,23,14,11,0,2,False,False,6000.4,102.269,Soft,3,100.01,False
78,2021,3,Australia,Melbourne,Asia Pacific,5.278,58,2021-03-24,Dry,True,SAI,Carlos Sainz,Ferrari,Spain,27,13,10,1,1,False,False,5980.9,102.015,Medium,3,99.68,True
78,2021,3,Australia,Melbourne,Asia Pacific,5.278,58,2021-03-24,Dry,True,BOT,Valtteri Bottas,Alfa Romeo,Finland,32,17,13,0,3,False,False,6008.8,102.67,Hard,4,100.15,False
78,2021,3,Australia,Melbourne,Asia Pacific,5.278,58,2021-03-24,Dry,True,OCO,Esteban Ocon,Alpine,France,25,16,12,0,2,False,False,6007.5,103.373,Medium,4,100.12,False
78,2021,3,Australia,Melbourne,Asia Pacific,5.278,58,2021-03-24,Dry,True,PER,Sergio Perez,Red Bull Racing,Mexico,31,1,3,15,2,False,False,5984.8,102.565,Hard,-2,99.75,True
78,2021,3,Australia,Melbourne,Asia Pacific,5.278,58,2021-03-24,Dry,True,GAS,Pierre Gasly,Alpine,France,25,20,16,0,2,False,False,6020.8,101.732,Medium,4,100.35,False
78,2021,3,Australia,Melbourne,Asia Pacific,5.278,58,2021-03-24,Dry,True,MSC,Mick Schumacher,Haas,Germany,22,19,19,0,1,False,True,6024.6,103.803,Medium,0,100.41,False
78,2021,3,Australia,Melbourne,Asia Pacific,5.278,58,2021-03-24,Dry,True,VER,Max Verstappen,Red Bull Racing,Netherlands,23,2,2,18,3,False,False,5975.4,104.961,Hard,0,99.59,True
78,2021,3,Australia,Melbourne,Asia Pacific,5.278,58,2021-03-24,Dry,True,ZHO,Guanyu Zhou,Alfa Romeo,China,22,3,6,8,2,False,False,6001.7,102.99,Hard,-3,100.03,True
78,2021,3,Australia,Melbourne,Asia Pacific,5.278,58,2021-03-24,Dry,True,SAR,Logan Sargeant,Williams,USA,21,1,1,26,3,True,False,5954.7,105.447,Medium,0,99.24,True
78,2021,3,Australia,Melbourne,Asia Pacific,5.278,58,2021-03-24,Dry,True,HUL,Nico Hulkenberg,Haas,Germany,34,19,19,0,3,False,False,6013.7,102.268,Medium,0,100.23,False
78,2021,3,Australia,Melbourne,Asia Pacific,5.278,58,2021-03-24,Dry,True,MAG,Kevin Magnussen,Haas,Denmark,29,6,4,12,1,False,False,6001.9,100.474,Medium,2,100.03,True
78,2021,3,Australia,Melbourne,Asia Pacific,5.278,58,2021-03-24,Dry,True,ALO,Fernando Alonso,Aston Martin,Spain,40,13,17,0,1,False,False,6028.8,102.341,Medium,-4,100.48,False
78,2021,3,Australia,Melbourne,Asia Pacific,5.278,58,2021-03-24,Dry,True,TSU,Yuki Tsunoda,AlphaTauri,Japan,21,15,20,0,2,False,False,6049.3,102.404,Soft,-5,100.82,False
78,2021,3,Australia,Melbourne,Asia Pacific,5.278,58,2021-03-24,Dry,True,LEC,Charles Leclerc,Ferrari,Monaco,24,16,18,0,1,False,False,6031.7,102.46,Medium,-2,100.53,False
78,2021,3,Australia,Melbourne,Asia Pacific,5.278,58,2021-03-24,Dry,True,HAM,Lewis Hamilton,Mercedes,Great Britain,36,11,9,3,2,True,False,5984.0,99.548,Soft,2,99.73,True
78,2021,3,Australia,Melbourne,Asia Pacific,5.278,58,2021-03-24,Dry,True,RUS,George Russell,Mercedes,Great Britain,23,9,5,10,3,False,False,6005.7,104.803,Soft,4,100.1,True
78,2021,3,Australia,Melbourne,Asia Pacific,5.278,58,2021-03-24,Dry,True,ALB,Alexander Albon,Williams,Thailand,25,10,14,0,2,False,False,6023.0,101.872,Medium,-4,100.38,False
78,2021,3,Australia,Melbourne,Asia Pacific,5.278,58,2021-03-24,Dry,True,NOR,Lando Norris,McLaren,Great Britain,21,2,7,6,3,False,False,5993.8,105.997,Medium,-5,99.9,True
79,2021,4,Azerbaijan,Baku,Europe,6.003,51,2021-04-09,Dry,False,TSU,Yuki Tsunoda,AlphaTauri,Japan,21,8,4,12,2,False,False,5991.7,116.207,Hard,4,99.86,True
79,2021,4,Azerbaijan,Baku,Europe,6.003,51,2021-04-09,Dry,False,ALO,Fernando Alonso,Aston Martin,Spain,40,7,7,6,3,False,False,5982.7,113.943,Hard,0,99.71,True
79,2021,4,Azerbaijan,Baku,Europe,6.003,51,2021-04-09,Dry,False,LEC,Charles Leclerc,Ferrari,Monaco,24,20,18,0,2,False,False,6009.0,115.392,Medium,2,100.15,False
79,2021,4,Azerbaijan,Baku,Europe,6.003,51,2021-04-09,Dry,False,SAR,Logan Sargeant,Williams,USA,21,7,5,10,2,False,False,5986.5,115.572,Hard,2,99.78,True
79,2021,4,Azerbaijan,Baku,Europe,6.003,51,2021-04-09,Dry,False,MSC,Mick Schumacher,Haas,Germany,22,6,8,4,1,False,False,5981.2,115.38,Medium,-2,99.69,True
79,2021,4,Azerbaijan,Baku,Europe,6.003,51,2021-04-09,Dry,False,STR,Lance Stroll,Aston Martin,Canada,23,9,11,0,2,False,False,5995.7,116.95,Medium,-2,99.93,False
79,2021,4,Azerbaijan,Baku,Europe,6.003,51,2021-04-09,Dry,False,SAI,Carlos Sainz,Ferrari,Spain,27,4,1,26,2,True,False,5967.2,114.956,Medium,3,99.45,True
79,2021,4,Azerbaijan,Baku,Europe,6.003,51,2021-04-09,Dry,False,VER,Max Verstappen,Red Bull Racing,Netherlands,23,13,15,0,2,False,False,6021.0,117.425,Soft,-2,100.35,False
79,2021,4,Azerbaijan,Baku,Europe,6.003,51,2021-04-09,Dry,False,ALB,Alexander Albon,Williams,Thailand,25,11,16,0,2,False,False,6022.0,115.395,Hard,-5,100.37,False
79,2021,4,Azerbaijan,Baku,Europe,6.003,51,2021-04-09,Dry,False,HAM,Lewis Hamilton,Mercedes,Great Britain,36,20,19,0,2,False,False,6057.3,115.013,Soft,1,100.96,False
79,2021,4,Azerbaijan,Baku,Europe,6.003,51,2021-04-09,Dry,False,BOT,Valtteri Bottas,Alfa Romeo,Finland,32,15,20,0,1,False,False,6027.4,115.644,Soft,-5,100.46,False
79,2021,4,Azerbaijan,Baku,Europe,6.003,51,2021-04-09,Dry,False,DEV,Nyck de Vries,AlphaTauri,Netherlands,26,16,13,0,2,False,False,6015.2,119.067,Medium,3,100.25,False
79,2021,4,Azerbaijan,Baku,Europe,6.003,51,2021-04-09,Dry,False,OCO,Esteban Ocon,Alpine,France,25,5,10,1,2,False,False,6004.7,115.752,Hard,-5,100.08,True
79,2021,4,Azerbaijan,Baku,Europe,6.003,51,2021-04-09,Dry,False,NOR,Lando Norris,McLaren,Great Britain,21,4,6,8,3,False,False,6024.6,118.092,Medium,-2,100.41,True
79,2021,4,Azerbaijan,Baku,Europe,6.003,51,2021-04-09,Dry,False,ZHO,Guanyu Zhou,Alfa Romeo,China,22,7,12,0,1,False,False,5998.6,115.601,Medium,-5,99.98,False
79,2021,4,Azerbaijan,Baku,Europe,6.003,51,2021-04-09,Dry,False,RUS,George Russell,Mercedes,Great Britain,23,1,2,18,1,False,False,5962.8,117.488,Hard,-1,99.38,True
79,2021,4,Azerbaijan,Baku,Europe,6.003,51,2021-04-09,Dry,False,HUL,Nico Hulkenberg,Haas,Germany,34,16,17,0,2,False,False,6037.4,117.014,Medium,-1,100.62,False
79,2021,4,Azerbaijan,Baku,Europe,6.003,51,2021-04-09,Dry,False,PER,Sergio Perez,Red Bull Racing,Mexico,31,17,14,0,3,False,False,6022.2,114.425,Medium,3,100.37,False
79,2021,4,Azerbaijan,Baku,Europe,6.003,51,2021-04-09,Dry,False,GAS,Pierre Gasly,Alpine,France,25,1,3,15,2,False,False,5967.4,115.775,Soft,-2,99.46,True
79,2021,4,Azerbaijan,Baku,Europe,6.003,51,2021-04-09,Dry,False,MAG,Kevin Magnussen,Haas,Denmark,29,6,9,2,2,False,False,6006.6,116.947,Soft,-3,100.11,True
80,2021,5,Miami,Miami,Americas,5.412,57,2021-05-23,Dry,False,RUS,George Russell,Mercedes,Great Britain,23,14,12,0,2,False,False,6073.4,105.637,Hard,2,101.22,False
80,2021,5,Miami,Miami,Americas,5.412,57,2021-05-23,Dry,False,HAM,Lewis Hamilton,Mercedes,Great Britain,36,11,6,9,2,True,False,6018.7,104.315,Medium,5,100.31,True
80,2021,5,Miami,Miami,Americas,5.412,57,2021-05-23,Dry,False,MAG,Kevin Magnussen,Haas,Denmark,29,2,4,12,2,False,False,6070.0,106.579,Medium,-2,101.17,True
80,2021,5,Miami,Miami,Americas,5.412,57,2021-05-23,Dry,False,SAI,Carlos Sainz,Ferrari,Spain,27,16,15,0,3,False,False,6050.4,107.499,Medium,1,100.84,False
80,2021,5,Miami,Miami,Americas,5.412,57,2021-05-23,Dry,False,DEV,Nyck de Vries,AlphaTauri,Netherlands,26,20,20,0,2,True,True,6024.6,104.395,Soft,0,100.41,False
80,2021,5,Miami,Miami,Americas,5.412,57,2021-05-23,Dry,False,ALB,Alexander Albon,Williams,Thailand,25,1,1,26,3,True,False,6033.0,107.25,Medium,0,100.55,True
80,2021,5,Miami,Miami,Americas,5.412,57,2021-05-23,Dry,False,NOR,Lando Norris,McLaren,Great Britain,21,6,2,18,3,False,False,6014.3,105.002,Medium,4,100.24,True
80,2021,5,Miami,Miami,Americas,5.412,57,2021-05-23,Dry,False,ZHO,Guanyu Zhou,Alfa Romeo,China,22,11,13,0,3,False,False,6069.0,104.925,Soft,-2,101.15,False
80,2021,5,Miami,Miami,Americas,5.412,57,2021-05-23,Dry,False,BOT,Valtteri Bottas,Alfa Romeo,Finland,32,11,11,0,2,False,False,6056.2,107.952,Soft,0,100.94,False
80,2021,5,Miami,Miami,Americas,5.412,57,2021-05-23,Dry,False,ALO,Fernando Alonso,Aston Martin,Spain,40,19,19,0,2,False,True,6024.6,104.642,Soft,0,100.41,False
80,2021,5,Miami,Miami,Americas,5.412,57,2021-05-23,Dry,False,LEC,Charles Leclerc,Ferrari,Monaco,24,20,18,0,2,False,False,6087.5,103.794,Medium,2,101.46,False
80,2021,5,Miami,Miami,Americas,5.412,57,2021-05-23,Dry,False,MSC,Mick Schumacher,Haas,Germany,22,14,9,2,3,False,False,6069.5,104.929,Medium,5,101.16,True
80,2021,5,Miami,Miami,Americas,5.412,57,2021-05-23,Dry,False,GAS,Pierre Gasly,Alpine,France,25,1,3,15,1,False,False,6024.6,107.433,Hard,-2,100.41,True
80,2021,5,Miami,Miami,Americas,5.412,57,2021-05-23,Dry,False,PER,Sergio Perez,Red Bull Racing,Mexico,31,12,17,0,2,False,False,6063.7,105.272,Medium,-5,101.06,False
80,2021,5,Miami,Miami,Americas,5.412,57,2021-05-23,Dry,False,OCO,Esteban Ocon,Alpine,France,25,8,8,4,2,False,False,6049.1,105.634,Medium,0,100.82,True
80,2021,5,Miami,Miami,Americas,5.412,57,2021-05-23,Dry,False,VER,Max Verstappen,Red Bull Racing,Netherlands,23,13,10,1,2,False,False,6051.9,103.37,Medium,3,100.86,True
80,2021,5,Miami,Miami,Americas,5.412,57,2021-05-23,Dry,False,SAR,Logan Sargeant,Williams,USA,21,2,5,10,1,False,False,6010.1,107.89,Hard,-3,100.17,True
80,2021,5,Miami,Miami,Americas,5.412,57,2021-05-23,Dry,False,TSU,Yuki Tsunoda,AlphaTauri,Japan,21,15,20,0,3,False,True,6024.6,104.217,Soft,-5,100.41,False
80,2021,5,Miami,Miami,Americas,5.412,57,2021-05-23,Dry,False,HUL,Nico Hulkenberg,Haas,Germany,34,17,19,0,1,False,False,6070.8,105.78,Hard,-2,101.18,False
80,2021,5,Miami,Miami,Americas,5.412,57,2021-05-23,Dry,False,STR,Lance Stroll,Aston Martin,Canada,23,12,7,6,2,False,False,6039.2,101.743,Medium,5,100.65,True
81,2021,6,Monaco,Monte Carlo,Europe,3.337,78,2021-06-08,Wet,False,TSU,Yuki Tsunoda,AlphaTauri,Japan,21,20,17,0,2,False,False,5112.2,65.739,Soft,3,85.2,False
81,2021,6,Monaco,Monte Carlo,Europe,3.337,78,2021-06-08,Wet,False,ALO,Fernando Alonso,Aston Martin,Spain,40,1,4,12,2,False,False,5065.6,61.871,Medium,-3,84.43,True
81,2021,6,Monaco,Monte Carlo,Europe,3.337,78,2021-06-08,Wet,False,NOR,Lando Norris,McLaren,Great Britain,21,7,8,4,2,False,False,5127.0,63.306,Medium,-1,85.45,True
81,2021,6,Monaco,Monte Carlo,Europe,3.337,78,2021-06-08,Wet,False,SAI,Carlos Sainz,Ferrari,Spain,27,13,16,0,1,False,False,5124.7,68.193,Medium,-3,85.41,False
81,2021,6,Monaco,Monte Carlo,Europe,3.337,78,2021-06-08,Wet,False,HAM,Lewis Hamilton,Mercedes,Great Britain,36,9,9,2,3,False,False,5112.0,65.808,Medium,0,85.2,True
81,2021,6,Monaco,Monte Carlo,Europe,3.337,78,2021-06-08,Wet,False,ALB,Alexander Albon,Williams,Thailand,25,16,18,0,2,True,False,5132.4,66.077,Medium,-2,85.54,False
81,2021,6,Monaco,Monte Carlo,Europe,3.337,78,2021-06-08,Wet,False,SAR,Logan Sargeant,Williams,USA,21,11,14,0,2,False,False,5113.0,64.539,Soft,-3,85.22,False
81,2021,6,Monaco,Monte Carlo,Europe,3.337,78,2021-06-08,Wet,False,PER,Sergio Perez,Red Bull Racing,Mexico,31,14,15,0,2,False,True,6024.6,104.285,Hard,-1,100.41,False
81,2021,6,Monaco,Monte Carlo,Europe,3.337,78,2021-06-08,Wet,False,GAS,Pierre Gasly,Alpine,France,25,13,11,0,3,False,False,5086.4,63.039,Medium,2,84.77,False
81,2021,6,Monaco,Monte Carlo,Europe,3.337,78,2021-06-08,Wet,False,MAG,Kevin Magnussen,Haas,Denmark,29,1,3,15,2,False,False,5095.4,65.544,Medium,-2,84.92,True
81,2021,6,Monaco,Monte Carlo,Europe,3.337,78,2021-06-08,Wet,False,STR,Lance Stroll,Aston Martin,Canada,23,1,1,26,2,True,False,5086.6,63.402,Soft,0,84.78,True
81,2021,6,Monaco,Monte Carlo,Europe,3.337,78,2021-06-08,Wet,False,RUS,George Russell,Mercedes,Great Britain,23,19,19,0,2,False,True,6024.6,62.414,Soft,0,100.41,False
81,2021,6,Monaco,Monte Carlo,Europe,3.337,78,2021-06-08,Wet,False,HUL,Nico Hulkenberg,Haas,Germany,34,17,15,0,2,False,False,5150.1,63.323,Soft,2,85.84,False
81,2021,6,Monaco,Monte Carlo,Europe,3.337,78,2021-06-08,Wet,False,VER,Max Verstappen,Red Bull Racing,Netherlands,23,8,13,0,2,False,False,5117.9,62.857,Medium,-5,85.3,False
81,2021,6,Monaco,Monte Carlo,Europe,3.337,78,2021-06-08,Wet,False,OCO,Esteban Ocon,Alpine,France,25,8,10,1,2,False,False,5127.3,63.514,Hard,-2,85.46,True
81,2021,6,Monaco,Monte Carlo,Europe,3.337,78,2021-06-08,Wet,False,DEV,Nyck de Vries,AlphaTauri,Netherlands,26,9,12,0,1,False,False,5142.5,65.725,Soft,-3,85.71,False
81,2021,6,Monaco,Monte Carlo,Europe,3.337,78,2021-06-08,Wet,False,MSC,Mick Schumacher,Haas,Germany,22,20,20,0,3,True,False,5152.5,65.021,Soft,0,85.88,False
81,2021,6,Monaco,Monte Carlo,Europe,3.337,78,2021-06-08,Wet,False,LEC,Charles Leclerc,Ferrari,Monaco,24,16,19,0,3,False,False,5149.7,66.063,Medium,-3,85.83,False
81,2021,6,Monaco,Monte Carlo,Europe,3.337,78,2021-06-08,Wet,False,BOT,Valtteri Bottas,Alfa Romeo,Finland,32,1,5,10,2,False,False,5116.7,63.536,Medium,-4,85.28,True
81,2021,6,Monaco,Monte Carlo,Europe,3.337,78,2021-06-08,Wet,False,ZHO,Guanyu Zhou,Alfa Romeo,China,22,17,20,0,2,False,True,6024.6,64.888,Hard,-3,100.41,False
82,2021,7,Spain,Barcelona,Europe,4.657,66,2021-07-15,Dry,False,DEV,Nyck de Vries,AlphaTauri,Netherlands,26,11,8,4,2,False,False,6029.0,91.557,Soft,3,100.48,True
82,2021,7,Spain,Barcelona,Europe,4.657,66,2021-07-15,Dry,False,HAM,Lewis Hamilton,Mercedes,Great Britain,36,15,13,0,2,False,False,6024.6,89.124,Medium,2,100.41,False
82,2021,7,Spain,Barcelona,Europe,4.657,66,2021-07-15,Dry,False,VER,Max Verstappen,Red Bull Racing,Netherlands,23,1,2,18,2,False,False,6004.8,90.76,Medium,-1,100.08,True
82,2021,7,Spain,Barcelona,Europe,4.657,66,2021-07-15,Dry,False,MAG,Kevin Magnussen,Haas,Denmark,29,9,10,1,2,False,False,6044.1,92.503,Hard,-1,100.74,True
82,2021,7,Spain,Barcelona,Europe,4.657,66,2021-07-15,Dry,False,SAI,Carlos Sainz,Ferrari,Spain,27,9,9,2,2,False,False,6027.8,90.67,Medium,0,100.46,True
82,2021,7,Spain,Barcelona,Europe,4.657,66,2021-07-15,Dry,False,ZHO,Guanyu Zhou,Alfa Romeo,China,22,20,20,0,1,False,False,6067.0,90.281,Medium,0,101.12,False
82,2021,7,Spain,Barcelona,Europe,4.657,66,2021-07-15,Dry,False,ALB,Alexander Albon,Williams,Thailand,25,3,5,10,2,False,False,6025.3,90.556,Medium,-2,100.42,True
82,2021,7,Spain,Barcelona,Europe,4.657,66,2021-07-15,Dry,False,HUL,Nico Hulkenberg,Haas,Germany,34,10,6,8,1,False,False,6006.6,91.992,Hard,4,100.11,True
82,2021,7,Spain,Barcelona,Europe,4.657,66,2021-07-15,Dry,False,LEC,Charles Leclerc,Ferrari,Monaco,24,20,16,0,3,False,False,6059.7,89.522,Medium,4,100.99,False
82,2021,7,Spain,Barcelona,Europe,4.657,66,2021-07-15,Dry,False,SAR,Logan Sargeant,Williams,USA,21,20,18,0,2,False,False,6052.2,104.285,Medium,2,100.87,False
82,2021,7,Spain,Barcelona,Europe,4.657,66,2021-07-15,Dry,False,BOT,Valtteri Bottas,Alfa Romeo,Finland,32,2,1,26,1,True,False,6009.5,89.521,Medium,1,100.16,True
82,2021,7,Spain,Barcelona,Europe,4.657,66,2021-07-15,Dry,False,MSC,Mick Schumacher,Haas,Germany,22,13,12,0,2,False,False,6065.0,89.924,Medium,1,101.08,False
82,2021,7,Spain,Barcelona,Europe,4.657,66,2021-07-15,Dry,False,OCO,Esteban Ocon,Alpine,France,25,10,15,0,1,False,False,6026.2,89.867,Soft,-5,100.44,False
82,2021,7,Spain,Barcelona,Europe,4.657,66,2021-07-15,Dry,False,TSU,Yuki Tsunoda,AlphaTauri,Japan,21,15,19,0,1,False,False,6060.2,93.645,Medium,-4,101.0,False
82,2021,7,Spain,Barcelona,Europe,4.657,66,2021-07-15,Dry,False,STR,Lance Stroll,Aston Martin,Canada,23,6,3,15,1,False,False,6010.1,89.411,Medium,3,100.17,True
82,2021,7,Spain,Barcelona,Europe,4.657,66,2021-07-15,Dry,False,RUS,George Russell,Mercedes,Great Britain,23,12,14,0,2,False,False,6024.6,89.634,Medium,-2,100.41,False
82,2021,7,Spain,Barcelona,Europe,4.657,66,2021-07-15,Dry,False,ALO,Fernando Alonso,Aston Martin,Spain,40,12,11,0,3,False,False,6026.1,90.653,Hard,1,100.44,False
82,2021,7,Spain,Barcelona,Europe,4.657,66,2021-07-15,Dry,False,GAS,Pierre Gasly,Alpine,France,25,9,4,12,2,False,False,6021.6,90.488,Medium,5,100.36,True
82,2021,7,Spain,Barcelona,Europe,4.657,66,2021-07-15,Dry,False,NOR,Lando Norris,McLaren,Great Britain,21,17,17,0,3,False,False,6077.5,90.211,Hard,0,101.29,False
82,2021,7,Spain,Barcelona,Europe,4.657,66,2021-07-15,Dry,False,PER,Sergio Perez,Red Bull Racing,Mexico,31,4,7,6,2,False,False,5985.4,89.727,Medium,-3,99.76,True
83,2021,8,Canada,Montreal,Americas,4.361,70,2021-08-04,Dry,True,HUL,Nico Hulkenberg,Haas,Germany,34,1,2,18,1,False,False,5975.0,84.253,Soft,-1,99.58,True
83,2021,8,Canada,Montreal,Americas,4.361,70,2021-08-04,Dry,True,BOT,Valtteri Bottas,Alfa Romeo,Finland,32,11,8,4,2,False,False,5990.9,85.24,Hard,3,99.85,True
83,2021,8,Canada,Montreal,Americas,4.361,70,2021-08-04,Dry,True,ZHO,Guanyu Zhou,Alfa Romeo,China,22,1,1,26,2,True,False,5962.8,84.708,Hard,0,99.38,True
83,2021,8,Canada,Montreal,Americas,4.361,70,2021-08-04,Dry,True,TSU,Yuki Tsunoda,AlphaTauri,Japan,21,13,15,0,2,False,False,5994.4,85.384,Medium,-2,99.91,False
83,2021,8,Canada,Montreal,Americas,4.361,70,2021-08-04,Dry,True,SAI,Carlos Sainz,Ferrari,Spain,27,18,16,0,2,False,True,6024.6,84.004,Medium,2,100.41,False
83,2021,8,Canada,Montreal,Americas,4.361,70,2021-08-04,Dry,True,OCO,Esteban Ocon,Alpine,France,25,13,12,0,2,False,False,6014.9,84.63,Medium,1,100.25,False
83,2021,8,Canada,Montreal,Americas,4.361,70,2021-08-04,Dry,True,VER,Max Verstappen,Red Bull Racing,Netherlands,23,14,13,0,1,False,False,5988.0,85.144,Hard,1,99.8,False
83,2021,8,Canada,Montreal,Americas,4.361,70,2021-08-04,Dry,True,STR,Lance Stroll,Aston Martin,Canada,23,4,7,6,1,False,False,5983.9,88.03,Medium,-3,99.73,True
83,2021,8,Canada,Montreal,Americas,4.361,70,2021-08-04,Dry,True,ALO,Fernando Alonso,Aston Martin,Spain,40,8,5,10,2,False,False,5949.9,84.989,Medium,3,99.16,True
83,2021,8,Canada,Montreal,Americas,4.361,70,2021-08-04,Dry,True,LEC,Charles Leclerc,Ferrari,Monaco,24,16,18,0,2,False,False,6041.5,84.36,Soft,-2,100.69,False
83,2021,8,Canada,Montreal,Americas,4.361,70,2021-08-04,Dry,True,GAS,Pierre Gasly,Alpine,France,25,4,3,15,2,False,False,5978.6,84.337,Soft,1,99.64,True
83,2021,8,Canada,Montreal,Americas,4.361,70,2021-08-04,Dry,True,RUS,George Russell,Mercedes,Great Britain,23,19,20,0,2,False,False,6005.3,85.056,Medium,-1,100.09,False
83,2021,8,Canada,Montreal,Americas,4.361,70,2021-08-04,Dry,True,PER,Sergio Perez,Red Bull Racing,Mexico,31,9,6,8,1,False,False,5992.6,87.53,Soft,3,99.88,True
83,2021,8,Canada,Montreal,Americas,4.361,70,2021-08-04,Dry,True,MSC,Mick Schumacher,Haas,Germany,22,13,10,1,3,False,False,5971.4,83.116,Medium,3,99.52,True
83,2021,8,Canada,Montreal,Americas,4.361,70,2021-08-04,Dry,True,ALB,Alexander Albon,Williams,Thailand,25,15,16,0,2,False,True,6024.6,85.132,Soft,-1,100.41,False
83,2021,8,Canada,Montreal,Americas,4.361,70,2021-08-04,Dry,True,MAG,Kevin Magnussen,Haas,Denmark,29,15,16,0,2,False,False,6009.3,84.623,Medium,-1,100.16,False
83,2021,8,Canada,Montreal,Americas,4.361,70,2021-08-04,Dry,True,SAR,Logan Sargeant,Williams,USA,21,13,17,0,1,False,False,6006.4,84.65,Soft,-4,100.11,False
83,2021,8,Canada,Montreal,Americas,4.361,70,2021-08-04,Dry,True,DEV,Nyck de Vries,AlphaTauri,Netherlands,26,12,11,0,2,False,False,6014.1,83.884,Medium,1,100.24,False
83,2021,8,Canada,Montreal,Americas,4.361,70,2021-08-04,Dry,True,NOR,Lando Norris,McLaren,Great Britain,21,20,15,0,3,False,True,6024.6,86.498,Medium,5,100.41,False
83,2021,8,Canada,Montreal,Americas,4.361,70,2021-08-04,Dry,True,HAM,Lewis Hamilton,Mercedes,Great Britain,36,14,19,0,1,False,False,6024.8,84.521,Soft,-5,100.41,False
84,2021,9,Great Britain,Silverstone,Europe,5.891,52,2021-09-08,Mixed,False,HAM,Lewis Hamilton,Mercedes,Great Britain,36,3,1,26,2,True,False,6007.4,112.408,Soft,2,100.12,True
84,2021,9,Great Britain,Silverstone,Europe,5.891,52,2021-09-08,Mixed,False,HUL,Nico Hulkenberg,Haas,Germany,34,8,12,0,2,False,False,6017.3,114.51,Medium,-4,100.29,False
84,2021,9,Great Britain,Silverstone,Europe,5.891,52,2021-09-08,Mixed,False,ALO,Fernando Alonso,Aston Martin,Spain,40,6,8,4,2,False,False,6014.5,113.152,Medium,-2,100.24,True
84,2021,9,Great Britain,Silverstone,Europe,5.891,52,2021-09-08,Mixed,False,ALB,Alexander Albon,Williams,Thailand,25,15,10,1,1,False,False,5979.9,113.67,Soft,5,99.66,True
84,2021,9,Great Britain,Silverstone,Europe,5.891,52,2021-09-08,Mixed,False,SAR,Logan Sargeant,Williams,USA,21,10,15,0,2,False,False,6025.6,113.985,Soft,-5,100.43,False
84,2021,9,Great Britain,Silverstone,Europe,5.891,52,2021-09-08,Mixed,False,VER,Max Verstappen,Red Bull Racing,Netherlands,23,13,11,0,1,False,False,6008.5,116.503,Hard,2,100.14,False
84,2021,9,Great Britain,Silverstone,Europe,5.891,52,2021-09-08,Mixed,False,PER,Sergio Perez,Red Bull Racing,Mexico,31,6,4,12,3,False,False,6030.0,113.71,Hard,2,100.5,True
84,2021,9,Great Britain,Silverstone,Europe,5.891,52,2021-09-08,Mixed,False,OCO,Esteban Ocon,Alpine,France,25,17,16,0,1,False,False,6019.5,114.161,Medium,1,100.32,False
84,2021,9,Great Britain,Silverstone,Europe,5.891,52,2021-09-08,Mixed,False,DEV,Nyck de Vries,AlphaTauri,Netherlands,26,1,3,15,2,False,False,5985.8,117.669,Medium,-2,99.76,True
84,2021,9,Great Britain,Silverstone,Europe,5.891,52,2021-09-08,Mixed,False,MAG,Kevin Magnussen,Haas,Denmark,29,16,20,0,2,False,False,6017.9,116.071,Medium,-4,100.3,False
84,2021,9,Great Britain,Silverstone,Europe,5.891,52,2021-09-08,Mixed,False,TSU,Yuki Tsunoda,AlphaTauri,Japan,21,7,6,8,2,False,False,5980.7,113.04,Medium,1,99.68,True
84,2021,9,Great Britain,Silverstone,Europe,5.891,52,2021-09-08,Mixed,False,LEC,Charles Leclerc,Ferrari,Monaco,24,2,7,6,1,False,False,5968.1,115.084,Medium,-5,99.47,True
84,2021,9,Great Britain,Silverstone,Europe,5.891,52,2021-09-08,Mixed,False,NOR,Lando Norris,McLaren,Great Britain,21,16,17,0,2,False,False,6044.7,116.004,Medium,-1,100.74,False
84,2021,9,Great Britain,Silverstone,Europe,5.891,52,2021-09-08,Mixed,False,RUS,George Russell,Mercedes,Great Britain,23,19,18,0,2,False,False,6063.4,113.226,Hard,1,101.06,False
84,2021,9,Great Britain,Silverstone,Europe,5.891,52,2021-09-08,Mixed,False,ZHO,Guanyu Zhou,Alfa Romeo,China,22,16,19,0,2,False,False,6033.5,114.897,Medium,-3,100.56,False
84,2021,9,Great Britain,Silverstone,Europe,5.891,52,2021-09-08,Mixed,False,MSC,Mick Schumacher,Haas,Germany,22,14,14,0,2,False,False,6024.1,113.197,Hard,0,100.4,False
84,2021,9,Great Britain,Silverstone,Europe,5.891,52,2021-09-08,Mixed,False,STR,Lance Stroll,Aston Martin,Canada,23,1,5,10,1,False,False,5987.3,115.331,Soft,-4,99.79,True
84,2021,9,Great Britain,Silverstone,Europe,5.891,52,2021-09-08,Mixed,False,BOT,Valtteri Bottas,Alfa Romeo,Finland,32,17,13,0,2,False,False,6008.8,115.729,Medium,4,100.15,False
84,2021,9,Great Britain,Silverstone,Europe,5.891,52,2021-09-08,Mixed,False,GAS,Pierre Gasly,Alpine,France,25,20,18,0,3,False,True,6024.6,115.717,Medium,2,100.41,False
84,2021,9,Great Britain,Silverstone,Europe,5.891,52,2021-09-08,Mixed,False,SAI,Carlos Sainz,Ferrari,Spain,27,1,2,18,3,False,False,5975.3,116.511,Medium,-1,99.59,True
85,2021,10,Hungary,Budapest,Europe,4.381,70,2021-10-18,Mixed,True,DEV,Nyck de Vries,AlphaTauri,Netherlands,26,1,4,12,1,False,False,5978.0,86.843,Hard,-3,99.63,True
85,2021,10,Hungary,Budapest,Europe,4.381,70,2021-10-18,Mixed,True,GAS,Pierre Gasly,Alpine,France,25,1,3,15,1,False,False,6020.0,86.119,Soft,-2,100.33,True
85,2021,10,Hungary,Budapest,Europe,4.381,70,2021-10-18,Mixed,True,MAG,Kevin Magnussen,Haas,Denmark,29,17,12,0,2,False,False,6010.1,82.614,Medium,5,100.17,False
85,2021,10,Hungary,Budapest,Europe,4.381,70,2021-10-18,Mixed,True,PER,Sergio Perez,Red Bull Racing,Mexico,31,8,6,8,1,False,False,6024.6,88.695,Medium,2,100.41,True
85,2021,10,Hungary,Budapest,Europe,4.381,70,2021-10-18,Mixed,True,ALO,Fernando Alonso,Aston Martin,Spain,40,20,17,0,2,False,False,6061.6,81.861,Medium,3,101.03,False
85,2021,10,Hungary,Budapest,Europe,4.381,70,2021-10-18,Mixed,True,SAR,Logan Sargeant,Williams,USA,21,6,9,2,1,False,False,5994.0,86.815,Medium,-3,99.9,True
85,2021,10,Hungary,Budapest,Europe,4.381,70,2021-10-18,Mixed,True,HAM,Lewis Hamilton,Mercedes,Great Britain,36,8,5,10,1,False,False,5997.1,85.98,Medium,3,99.95,True
85,2021,10,Hungary,Budapest,Europe,4.381,70,2021-10-18,Mixed,True,LEC,Charles Leclerc,Ferrari,Monaco,24,15,17,0,2,False,True,6024.6,87.318,Hard,-2,100.41,False
85,2021,10,Hungary,Budapest,Europe,4.381,70,2021-10-18,Mixed,True,MSC,Mick Schumacher,Haas,Germany,22,19,15,0,2,False,False,6047.4,85.741,Medium,4,100.79,False
85,2021,10,Hungary,Budapest,Europe,4.381,70,2021-10-18,Mixed,True,NOR,Lando Norris,McLaren,Great Britain,21,20,16,0,2,False,False,6041.6,82.569,Medium,4,100.69,False
85,2021,10,Hungary,Budapest,Europe,4.381,70,2021-10-18,Mixed,True,HUL,Nico Hulkenberg,Haas,Germany,34,20,19,0,1,False,False,6043.4,86.605,Soft,1,100.72,False
85,2021,10,Hungary,Budapest,Europe,4.381,70,2021-10-18,Mixed,True,ZHO,Guanyu Zhou,Alfa Romeo,China,22,1,1,26,2,True,False,5972.3,85.582,Hard,0,99.54,True
85,2021,10,Hungary,Budapest,Europe,4.381,70,2021-10-18,Mixed,True,VER,Max Verstappen,Red Bull Racing,Netherlands,23,20,20,0,2,False,False,6024.8,85.283,Hard,0,100.41,False
85,2021,10,Hungary,Budapest,Europe,4.381,70,2021-10-18,Mixed,True,SAI,Carlos Sainz,Ferrari,Spain,27,13,14,0,1,False,False,6016.7,86.947,Soft,-1,100.28,False
85,2021,10,Hungary,Budapest,Europe,4.381,70,2021-10-18,Mixed,True,ALB,Alexander Albon,Williams,Thailand,25,17,18,0,2,False,False,6038.8,83.944,Hard,-1,100.65,False
85,2021,10,Hungary,Budapest,Europe,4.381,70,2021-10-18,Mixed,True,RUS,George Russell,Mercedes,Great Britain,23,7,2,18,2,False,False,5978.6,88.368,Hard,5,99.64,True
85,2021,10,Hungary,Budapest,Europe,4.381,70,2021-10-18,Mixed,True,STR,Lance Stroll,Aston Martin,Canada,23,11,10,1,3,False,False,6039.5,86.092,Medium,1,100.66,True
85,2021,10,Hungary,Budapest,Europe,4.381,70,2021-10-18,Mixed,True,TSU,Yuki Tsunoda,AlphaTauri,Japan,21,13,8,4,2,False,False,6017.5,86.335,Medium,5,100.29,True
85,2021,10,Hungary,Budapest,Europe,4.381,70,2021-10-18,Mixed,True,OCO,Esteban Ocon,Alpine,France,25,10,11,0,3,False,False,6038.9,83.977,Medium,-1,100.65,False
85,2021,10,Hungary,Budapest,Europe,4.381,70,2021-10-18,Mixed,True,BOT,Valtteri Bottas,Alfa Romeo,Finland,32,17,13,0,2,False,False,6030.0,87.141,Medium,4,100.5,False
86,2021,11,Belgium,Spa,Europe,7.004,44,2021-11-12,Mixed,False,HAM,Lewis Hamilton,Mercedes,Great Britain,36,16,18,0,2,False,True,6024.6,137.888,Hard,-2,100.41,False
86,2021,11,Belgium,Spa,Europe,7.004,44,2021-11-12,Mixed,False,TSU,Yuki Tsunoda,AlphaTauri,Japan,21,13,18,0,2,False,False,6069.2,137.225,Medium,-5,101.15,False
86,2021,11,Belgium,Spa,Europe,7.004,44,2021-11-12,Mixed,False,RUS,George Russell,Mercedes,Great Britain,23,13,11,0,2,False,False,6073.9,136.721,Soft,2,101.23,False
86,2021,11,Belgium,Spa,Europe,7.004,44,2021-11-12,Mixed,False,GAS,Pierre Gasly,Alpine,France,25,11,6,8,2,False,False,6031.1,136.097,Soft,5,100.52,True
86,2021,11,Belgium,Spa,Europe,7.004,44,2021-11-12,Mixed,False,SAI,Carlos Sainz,Ferrari,Spain,27,16,16,0,2,False,False,6067.2,140.92,Hard,0,101.12,False
86,2021,11,Belgium,Spa,Europe,7.004,44,2021-11-12,Mixed,False,ALB,Alexander Albon,Williams,Thailand,25,19,19,0,1,False,False,6096.5,134.998,Hard,0,101.61,False
86,2021,11,Belgium,Spa,Europe,7.004,44,2021-11-12,Mixed,False,STR,Lance Stroll,Aston Martin,Canada,23,8,5,10,2,False,False,6039.5,136.613,Medium,3,100.66,True
86,2021,11,Belgium,Spa,Europe,7.004,44,2021-11-12,Mixed,False,MAG,Kevin Magnussen,Haas,Denmark,29,14,14,0,3,False,False,6085.3,135.368,Medium,0,101.42,False
86,2021,11,Belgium,Spa,Europe,7.004,44,2021-11-12,Mixed,False,DEV,Nyck de Vries,AlphaTauri,Netherlands,26,5,2,18,2,False,False,5979.7,136.683,Soft,3,99.66,True
86,2021,11,Belgium,Spa,Europe,7.004,44,2021-11-12,Mixed,False,OCO,Esteban Ocon,Alpine,France,25,18,17,0,2,False,False,6069.0,138.279,Medium,1,101.15,False
86,2021,11,Belgium,Spa,Europe,7.004,44,2021-11-12,Mixed,False,BOT,Valtteri Bottas,Alfa Romeo,Finland,32,1,1,26,1,True,False,6006.3,135.809,Medium,0,100.1,True
86,2021,11,Belgium,Spa,Europe,7.004,44,2021-11-12,Mixed,False,NOR,Lando Norris,McLaren,Great Britain,21,6,8,4,2,False,False,6024.1,135.945,Medium,-2,100.4,True
86,2021,11,Belgium,Spa,Europe,7.004,44,2021-11-12,Mixed,False,ZHO,Guanyu Zhou,Alfa Romeo,China,22,8,13,0,2,False,False,6051.5,138.715,Medium,-5,100.86,False
86,2021,11,Belgium,Spa,Europe,7.004,44,2021-11-12,Mixed,False,LEC,Charles Leclerc,Ferrari,Monaco,24,13,9,2,2,False,False,6044.3,134.502,Soft,4,100.74,True
86,2021,11,Belgium,Spa,Europe,7.004,44,2021-11-12,Mixed,False,MSC,Mick Schumacher,Haas,Germany,22,18,20,0,2,False,False,6024.6,134.901,Medium,-2,100.41,False
86,2021,11,Belgium,Spa,Europe,7.004,44,2021-11-12,Mixed,False,VER,Max Verstappen,Red Bull Racing,Netherlands,23,1,4,12,2,False,False,6048.1,137.056,Soft,-3,100.8,True
86,2021,11,Belgium,Spa,Europe,7.004,44,2021-11-12,Mixed,False,PER,Sergio Perez,Red Bull Racing,Mexico,31,4,3,15,3,False,False,6018.5,138.228,Hard,1,100.31,True
86,2021,11,Belgium,Spa,Europe,7.004,44,2021-11-12,Mixed,False,HUL,Nico Hulkenberg,Haas,Germany,34,10,12,0,1,False,False,6073.2,135.16,Hard,-2,101.22,False
86,2021,11,Belgium,Spa,Europe,7.004,44,2021-11-12,Mixed,False,ALO,Fernando Alonso,Aston Martin,Spain,40,12,7,6,2,False,False,6014.3,138.127,Soft,5,100.24,True
86,2021,11,Belgium,Spa,Europe,7.004,44,2021-11-12,Mixed,False,SAR,Logan Sargeant,Williams,USA,21,10,15,0,3,False,False,6073.0,136.865,Hard,-5,101.22,False
87,2021,12,Netherlands,Zandvoort,Europe,4.259,72,2021-01-19,Dry,True,ZHO,Guanyu Zhou,Alfa Romeo,China,22,10,9,2,3,False,False,6016.1,81.543,Soft,1,100.27,True
87,2021,12,Netherlands,Zandvoort,Europe,4.259,72,2021-01-19,Dry,True,MAG,Kevin Magnussen,Haas,Denmark,29,15,12,0,3,False,False,6013.1,81.816,Medium,3,100.22,False
87,2021,12,Netherlands,Zandvoort,Europe,4.259,72,2021-01-19,Dry,True,BOT,Valtteri Bottas,Alfa Romeo,Finland,32,20,20,0,1,False,False,6045.5,81.681,Medium,0,100.76,False
87,2021,12,Netherlands,Zandvoort,Europe,4.259,72,2021-01-19,Dry,True,ALO,Fernando Alonso,Aston Martin,Spain,40,14,15,0,2,False,False,6051.5,85.982,Medium,-1,100.86,False
87,2021,12,Netherlands,Zandvoort,Europe,4.259,72,2021-01-19,Dry,True,MSC,Mick Schumacher,Haas,Germany,22,18,17,0,2,False,True,6024.6,80.156,Medium,1,100.41,False
87,2021,12,Netherlands,Zandvoort,Europe,4.259,72,2021-01-19,Dry,True,SAR,Logan Sargeant,Williams,USA,21,6,5,10,1,False,False,5990.7,83.645,Medium,1,99.84,True
87,2021,12,Netherlands,Zandvoort,Europe,4.259,72,2021-01-19,Dry,True,DEV,Nyck de Vries,AlphaTauri,Netherlands,26,20,20,0,2,False,True,6024.6,83.686,Medium,0,100.41,False
87,2021,12,Netherlands,Zandvoort,Europe,4.259,72,2021-01-19,Dry,True,RUS,George Russell,Mercedes,Great Britain,23,1,6,8,1,False,False,6029.9,85.135,Medium,-5,100.5,True
87,2021,12,Netherlands,Zandvoort,Europe,4.259,72,2021-01-19,Dry,True,GAS,Pierre Gasly,Alpine,France,25,7,10,1,2,False,False,6027.7,84.55,Medium,-3,100.46,True
87,2021,12,Netherlands,Zandvoort,Europe,4.259,72,2021-01-19,Dry,True,NOR,Lando Norris,McLaren,Great Britain,21,1,1,26,3,True,False,5969.3,81.636,Hard,0,99.49,True
87,2021,12,Netherlands,Zandvoort,Europe,4.259,72,2021-01-19,Dry,True,TSU,Yuki Tsunoda,AlphaTauri,Japan,21,15,16,0,1,True,True,6024.6,83.41,Medium,-1,100.41,False
87,2021,12,Netherlands,Zandvoort,Europe,4.259,72,2021-01-19,Dry,True,VER,Max Verstappen,Red Bull Racing,Netherlands,23,6,7,6,2,False,False,5981.9,83.081,Medium,-1,99.7,True
87,2021,12,Netherlands,Zandvoort,Europe,4.259,72,2021-01-19,Dry,True,HAM,Lewis Hamilton,Mercedes,Great Britain,36,16,19,0,2,False,False,6007.8,84.962,Soft,-3,100.13,False
87,2021,12,Netherlands,Zandvoort,Europe,4.259,72,2021-01-19,Dry,True,PER,Sergio Perez,Red Bull Racing,Mexico,31,13,11,0,2,False,False,5998.4,83.581,Hard,2,99.97,False
87,2021,12,Netherlands,Zandvoort,Europe,4.259,72,2021-01-19,Dry,True,STR,Lance Stroll,Aston Martin,Canada,23,20,18,0,2,False,False,6036.6,82.716,Soft,2,100.61,False
87,2021,12,Netherlands,Zandvoort,Europe,4.259,72,2021-01-19,Dry,True,SAI,Carlos Sainz,Ferrari,Spain,27,1,2,18,1,False,False,6009.8,83.167,Soft,-1,100.16,True
87,2021,12,Netherlands,Zandvoort,Europe,4.259,72,2021-01-19,Dry,True,ALB,Alexander Albon,Williams,Thailand,25,11,8,4,1,False,False,6008.3,83.623,Medium,3,100.14,True
87,2021,12,Netherlands,Zandvoort,Europe,4.259,72,2021-01-19,Dry,True,LEC,Charles Leclerc,Ferrari,Monaco,24,9,4,12,2,False,False,5972.5,83.356,Soft,5,99.54,True
87,2021,12,Netherlands,Zandvoort,Europe,4.259,72,2021-01-19,Dry,True,OCO,Esteban Ocon,Alpine,France,25,1,3,15,1,False,False,5970.7,83.331,Soft,-2,99.51,True
87,2021,12,Netherlands,Zandvoort,Europe,4.259,72,2021-01-19,Dry,True,HUL,Nico Hulkenberg,Haas,Germany,34,18,14,0,3,False,False,6054.3,86.87,Hard,4,100.9,False
88,2021,13,Italy,Monza,Europe,5.793,53,2021-02-12,Mixed,False,SAR,Logan Sargeant,Williams,USA,21,17,12,0,2,False,False,6030.3,110.849,Medium,5,100.51,False
88,2021,13,Italy,Monza,Europe,5.793,53,2021-02-12,Mixed,False,OCO,Esteban Ocon,Alpine,France,25,13,14,0,1,False,False,6046.6,113.122,Medium,-1,100.78,False
88,2021,13,Italy,Monza,Europe,5.793,53,2021-02-12,Mixed,False,VER,Max Verstappen,Red Bull Racing,Netherlands,23,5,8,4,1,False,False,6029.3,110.858,Medium,-3,100.49,True
88,2021,13,Italy,Monza,Europe,5.793,53,2021-02-12,Mixed,False,RUS,George Russell,Mercedes,Great Britain,23,14,19,0,3,False,False,6051.8,113.739,Medium,-5,100.86,False
88,2021,13,Italy,Monza,Europe,5.793,53,2021-02-12,Mixed,False,ALO,Fernando Alonso,Aston Martin,Spain,40,15,10,1,3,False,False,6042.4,111.024,Medium,5,100.71,True
88,2021,13,Italy,Monza,Europe,5.793,53,2021-02-12,Mixed,False,HAM,Lewis Hamilton,Mercedes,Great Britain,36,7,4,12,2,False,False,6002.3,111.672,Hard,3,100.04,True
88,2021,13,Italy,Monza,Europe,5.793,53,2021-02-12,Mixed,False,STR,Lance Stroll,Aston Martin,Canada,23,16,18,0,2,False,False,6043.1,114.49,Medium,-2,100.72,False
88,2021,13,Italy,Monza,Europe,5.793,53,2021-02-12,Mixed,False,HUL,Nico Hulkenberg,Haas,Germany,34,8,9,2,2,False,False,6011.6,114.498,Medium,-1,100.19,True
88,2021,13,Italy,Monza,Europe,5.793,53,2021-02-12,Mixed,False,NOR,Lando Norris,McLaren,Great Britain,21,14,19,0,3,False,True,6024.6,113.226,Medium,-5,100.41,False
88,2021,13,Italy,Monza,Europe,5.793,53,2021-02-12,Mixed,False,SAI,Carlos Sainz,Ferrari,Spain,27,3,1,26,1,True,False,5985.5,113.484,Medium,2,99.76,True
88,2021,13,Italy,Monza,Europe,5.793,53,2021-02-12,Mixed,False,ALB,Alexander Albon,Williams,Thailand,25,6,11,0,2,False,False,6022.8,116.07,Medium,-5,100.38,False
88,2021,13,Italy,Monza,Europe,5.793,53,2021-02-12,Mixed,False,GAS,Pierre Gasly,Alpine,France,25,14,15,0,3,False,True,6024.6,111.397,Medium,-1,100.41,False
88,2021,13,Italy,Monza,Europe,5.793,53,2021-02-12,Mixed,False,DEV,Nyck de Vries,AlphaTauri,Netherlands,26,3,2,19,3,True,False,6022.5,113.323,Medium,1,100.38,True
88,2021,13,Italy,Monza,Europe,5.793,53,2021-02-12,Mixed,False,MSC,Mick Schumacher,Haas,Germany,22,4,3,15,1,False,False,5987.0,110.707,Soft,1,99.78,True
88,2021,13,Italy,Monza,Europe,5.793,53,2021-02-12,Mixed,False,LEC,Charles Leclerc,Ferrari,Monaco,24,17,13,0,2,False,False,6036.4,113.068,Hard,4,100.61,False
88,2021,13,Italy,Monza,Europe,5.793,53,2021-02-12,Mixed,False,ZHO,Guanyu Zhou,Alfa Romeo,China,22,18,17,0,2,False,False,6037.5,114.981,Soft,1,100.62,False
88,2021,13,Italy,Monza,Europe,5.793,53,2021-02-12,Mixed,False,MAG,Kevin Magnussen,Haas,Denmark,29,1,5,10,1,False,False,6021.2,112.739,Medium,-4,100.35,True
88,2021,13,Italy,Monza,Europe,5.793,53,2021-02-12,Mixed,False,TSU,Yuki Tsunoda,AlphaTauri,Japan,21,12,16,0,2,False,False,6035.4,114.134,Hard,-4,100.59,False
88,2021,13,Italy,Monza,Europe,5.793,53,2021-02-12,Mixed,False,BOT,Valtteri Bottas,Alfa Romeo,Finland,32,20,15,0,2,True,False,6024.6,113.287,Hard,5,100.41,False
88,2021,13,Italy,Monza,Europe,5.793,53,2021-02-12,Mixed,False,PER,Sergio Perez,Red Bull Racing,Mexico,31,1,6,8,1,False,False,6020.3,113.769,Hard,-5,100.34,True
89,2021,14,Singapore,Marina Bay,Asia Pacific,5.063,61,2021-03-21,Dry,False,ALO,Fernando Alonso,Aston Martin,Spain,40,9,13,0,1,False,False,6051.1,100.496,Soft,-4,100.85,False
89,2021,14,Singapore,Marina Bay,Asia Pacific,5.063,61,2021-03-21,Dry,False,SAI,Carlos Sainz,Ferrari,Spain,27,20,20,0,3,False,True,6024.6,99.065,Soft,0,100.41,False
89,2021,14,Singapore,Marina Bay,Asia Pacific,5.063,61,2021-03-21,Dry,False,BOT,Valtteri Bottas,Alfa Romeo,Finland,32,20,18,0,2,False,False,6100.3,98.291,Medium,2,101.67,False
89,2021,14,Singapore,Marina Bay,Asia Pacific,5.063,61,2021-03-21,Dry,False,ALB,Alexander Albon,Williams,Thailand,25,16,16,0,2,False,True,6024.6,99.785,Hard,0,100.41,False
89,2021,14,Singapore,Marina Bay,Asia Pacific,5.063,61,2021-03-21,Dry,False,NOR,Lando Norris,McLaren,Great Britain,21,20,20,0,1,False,False,6088.4,102.867,Soft,0,101.47,False
89,2021,14,Singapore,Marina Bay,Asia Pacific,5.063,61,2021-03-21,Dry,False,HUL,Nico Hulkenberg,Haas,Germany,34,5,4,12,1,False,False,6065.3,99.499,Medium,1,101.09,True
89,2021,14,Singapore,Marina Bay,Asia Pacific,5.063,61,2021-03-21,Dry,False,TSU,Yuki Tsunoda,AlphaTauri,Japan,21,20,19,0,3,False,False,6065.2,100.697,Medium,1,101.09,False
89,2021,14,Singapore,Marina Bay,Asia Pacific,5.063,61,2021-03-21,Dry,False,MAG,Kevin Magnussen,Haas,Denmark,29,20,16,0,1,False,False,6066.8,98.752,Medium,4,101.11,False
89,2021,14,Singapore,Marina Bay,Asia Pacific,5.063,61,2021-03-21,Dry,False,HAM,Lewis Hamilton,Mercedes,Great Britain,36,16,14,0,2,False,False,6071.1,97.4,Hard,2,101.18,False
89,2021,14,Singapore,Marina Bay,Asia Pacific,5.063,61,2021-03-21,Dry,False,VER,Max Verstappen,Red Bull Racing,Netherlands,23,4,3,15,2,False,False,6016.6,100.676,Medium,1,100.28,True
89,2021,14,Singapore,Marina Bay,Asia Pacific,5.063,61,2021-03-21,Dry,False,DEV,Nyck de Vries,AlphaTauri,Netherlands,26,15,12,0,2,False,False,6050.2,97.815,Soft,3,100.84,False
89,2021,14,Singapore,Marina Bay,Asia Pacific,5.063,61,2021-03-21,Dry,False,PER,Sergio Perez,Red Bull Racing,Mexico,31,9,8,4,2,False,False,6053.7,100.138,Medium,1,100.9,True
89,2021,14,Singapore,Marina Bay,Asia Pacific,5.063,61,2021-03-21,Dry,False,GAS,Pierre Gasly,Alpine,France,25,10,5,10,2,False,False,6026.6,97.846,Medium,5,100.44,True
89,2021,14,Singapore,Marina Bay,Asia Pacific,5.063,61,2021-03-21,Dry,False,RUS,George Russell,Mercedes,Great Britain,23,13,10,1,3,False,False,6061.1,95.983,Hard,3,101.02,True
89,2021,14,Singapore,Marina Bay,Asia Pacific,5.063,61,2021-03-21,Dry,False,LEC,Charles Leclerc,Ferrari,Monaco,24,1,1,26,2,True,False,6020.0,100.236,Medium,0,100.33,True
89,2021,14,Singapore,Marina Bay,Asia Pacific,5.063,61,2021-03-21,Dry,False,SAR,Logan Sargeant,Williams,USA,21,16,17,0,1,False,False,6126.1,101.072,Soft,-1,102.1,False
89,2021,14,Singapore,Marina Bay,Asia Pacific,5.063,61,2021-03-21,Dry,False,STR,Lance Stroll,Aston Martin,Canada,23,11,7,6,2,False,False,6041.0,98.018,Medium,4,100.68,True
89,2021,14,Singapore,Marina Bay,Asia Pacific,5.063,61,2021-03-21,Dry,False,OCO,Esteban Ocon,Alpine,France,25,9,6,8,2,False,False,6042.1,98.422,Medium,3,100.7,True
89,2021,14,Singapore,Marina Bay,Asia Pacific,5.063,61,2021-03-21,Dry,False,ZHO,Guanyu Zhou,Alfa Romeo,China,22,6,11,0,1,False,False,6072.9,97.514,Medium,-5,101.21,False
89,2021,14,Singapore,Marina Bay,Asia Pacific,5.063,61,2021-03-21,Dry,False,MSC,Mick Schumacher,Haas,Germany,22,14,15,0,2,False,False,6097.9,98.48,Medium,-1,101.63,False
90,2021,15,Japan,Suzuka,Asia Pacific,5.807,53,2021-04-02,Wet,True,MSC,Mick Schumacher,Haas,Germany,22,6,3,15,1,False,False,6008.4,111.885,Soft,3,100.14,True
90,2021,15,Japan,Suzuka,Asia Pacific,5.807,53,2021-04-02,Wet,True,BOT,Valtteri Bottas,Alfa Romeo,Finland,32,20,20,0,1,False,False,6100.2,111.383,Soft,0,101.67,False
90,2021,15,Japan,Suzuka,Asia Pacific,5.807,53,2021-04-02,Wet,True,VER,Max Verstappen,Red Bull Racing,Netherlands,23,17,15,0,2,False,False,6052.9,113.577,Medium,2,100.88,False
90,2021,15,Japan,Suzuka,Asia Pacific,5.807,53,2021-04-02,Wet,True,ALB,Alexander Albon,Williams,Thailand,25,10,7,6,2,False,False,6012.4,113.75,Soft,3,100.21,True
90,2021,15,Japan,Suzuka,Asia Pacific,5.807,53,2021-04-02,Wet,True,HAM,Lewis Hamilton,Mercedes,Great Britain,36,8,4,12,2,False,False,6010.3,114.556,Medium,4,100.17,True
90,2021,15,Japan,Suzuka,Asia Pacific,5.807,53,2021-04-02,Wet,True,MAG,Kevin Magnussen,Haas,Denmark,29,14,16,0,3,False,False,6061.2,110.608,Medium,-2,101.02,False
90,2021,15,Japan,Suzuka,Asia Pacific,5.807,53,2021-04-02,Wet,True,SAR,Logan Sargeant,Williams,USA,21,13,13,0,2,False,False,6024.6,114.956,Hard,0,100.41,False
90,2021,15,Japan,Suzuka,Asia Pacific,5.807,53,2021-04-02,Wet,True,HUL,Nico Hulkenberg,Haas,Germany,34,20,17,0,1,False,False,6086.5,111.912,Medium,3,101.44,False
90,2021,15,Japan,Suzuka,Asia Pacific,5.807,53,2021-04-02,Wet,True,SAI,Carlos Sainz,Ferrari,Spain,27,8,5,10,2,False,False,6028.1,111.59,Hard,3,100.47,True
90,2021,15,Japan,Suzuka,Asia Pacific,5.807,53,2021-04-02,Wet,True,ALO,Fernando Alonso,Aston Martin,Spain,40,3,1,26,1,True,False,6000.1,112.661,Hard,2,100.0,True
90,2021,15,Japan,Suzuka,Asia Pacific,5.807,53,2021-04-02,Wet,True,DEV,Nyck de Vries,AlphaTauri,Netherlands,26,1,6,8,1,False,False,6013.9,112.377,Medium,-5,100.23,True
90,2021,15,Japan,Suzuka,Asia Pacific,5.807,53,2021-04-02,Wet,True,RUS,George Russell,Mercedes,Great Britain,23,16,18,0,2,False,False,6024.6,112.265,Medium,-2,100.41,False
90,2021,15,Japan,Suzuka,Asia Pacific,5.807,53,2021-04-02,Wet,True,ZHO,Guanyu Zhou,Alfa Romeo,China,22,13,10,1,2,False,False,6021.4,113.757,Soft,3,100.36,True
90,2021,15,Japan,Suzuka,Asia Pacific,5.807,53,2021-04-02,Wet,True,GAS,Pierre Gasly,Alpine,France,25,1,2,18,2,False,False,6022.6,112.362,Medium,-1,100.38,True
90,2021,15,Japan,Suzuka,Asia Pacific,5.807,53,2021-04-02,Wet,True,PER,Sergio Perez,Red Bull Racing,Mexico,31,11,11,0,1,False,False,6027.0,116.768,Soft,0,100.45,False
90,2021,15,Japan,Suzuka,Asia Pacific,5.807,53,2021-04-02,Wet,True,STR,Lance Stroll,Aston Martin,Canada,23,14,12,0,1,False,False,6073.1,113.73,Soft,2,101.22,False
90,2021,15,Japan,Suzuka,Asia Pacific,5.807,53,2021-04-02,Wet,True,LEC,Charles Leclerc,Ferrari,Monaco,24,16,16,0,2,False,True,6024.6,112.823,Hard,0,100.41,False
90,2021,15,Japan,Suzuka,Asia Pacific,5.807,53,2021-04-02,Wet,True,NOR,Lando Norris,McLaren,Great Britain,21,16,18,0,3,False,True,6024.6,113.092,Soft,-2,100.41,False
90,2021,15,Japan,Suzuka,Asia Pacific,5.807,53,2021-04-02,Wet,True,OCO,Esteban Ocon,Alpine,France,25,18,15,0,2,False,True,6024.6,112.198,Medium,3,100.41,False
90,2021,15,Japan,Suzuka,Asia Pacific,5.807,53,2021-04-02,Wet,True,TSU,Yuki Tsunoda,AlphaTauri,Japan,21,20,18,0,2,False,True,6024.6,112.58,Soft,2,100.41,False
91,2021,16,United States,Austin,Americas,5.513,56,2021-05-14,Mixed,False,STR,Lance Stroll,Aston Martin,Canada,23,4,5,10,3,False,False,6053.3,109.366,Medium,-1,100.89,True
91,2021,16,United States,Austin,Americas,5.513,56,2021-05-14,Mixed,False,PER,Sergio Perez,Red Bull Racing,Mexico,31,9,7,6,1,False,False,6024.5,106.458,Medium,2,100.41,True
91,2021,16,United States,Austin,Americas,5.513,56,2021-05-14,Mixed,False,BOT,Valtteri Bottas,Alfa Romeo,Finland,32,6,10,1,2,False,False,6050.1,107.16,Soft,-4,100.84,True
91,2021,16,United States,Austin,Americas,5.513,56,2021-05-14,Mixed,False,RUS,George Russell,Mercedes,Great Britain,23,6,2,18,2,False,False,6009.2,109.93,Soft,4,100.15,True
91,2021,16,United States,Austin,Americas,5.513,56,2021-05-14,Mixed,False,TSU,Yuki Tsunoda,AlphaTauri,Japan,21,4,1,26,2,True,False,6039.1,107.701,Soft,3,100.65,True
91,2021,16,United States,Austin,Americas,5.513,56,2021-05-14,Mixed,False,LEC,Charles Leclerc,Ferrari,Monaco,24,1,6,8,3,False,False,6024.6,106.659,Soft,-5,100.41,True
91,2021,16,United States,Austin,Americas,5.513,56,2021-05-14,Mixed,False,GAS,Pierre Gasly,Alpine,France,25,20,17,0,2,False,False,6112.5,105.198,Medium,3,101.88,False
91,2021,16,United States,Austin,Americas,5.513,56,2021-05-14,Mixed,False,VER,Max Verstappen,Red Bull Racing,Netherlands,23,7,12,0,2,False,False,6070.7,109.878,Medium,-5,101.18,False
91,2021,16,United States,Austin,Americas,5.513,56,2021-05-14,Mixed,False,MSC,Mick Schumacher,Haas,Germany,22,18,16,0,1,False,True,6024.6,107.98,Medium,2,100.41,False
91,2021,16,United States,Austin,Americas,5.513,56,2021-05-14,Mixed,False,ALO,Fernando Alonso,Aston Martin,Spain,40,14,13,0,2,False,False,6067.9,104.285,Soft,1,101.13,False
91,2021,16,United States,Austin,Americas,5.513,56,2021-05-14,Mixed,False,NOR,Lando Norris,McLaren,Great Britain,21,16,19,0,2,False,False,6083.9,107.807,Medium,-3,101.4,False
91,2021,16,United States,Austin,Americas,5.513,56,2021-05-14,Mixed,False,OCO,Esteban Ocon,Alpine,France,25,14,15,0,3,False,False,6086.7,107.488,Medium,-1,101.44,False
91,2021,16,United States,Austin,Americas,5.513,56,2021-05-14,Mixed,False,HUL,Nico Hulkenberg,Haas,Germany,34,10,15,0,2,True,True,6024.6,105.038,Medium,-5,100.41,False
91,2021,16,United States,Austin,Americas,5.513,56,2021-05-14,Mixed,False,MAG,Kevin Magnussen,Haas,Denmark,29,10,14,0,2,False,False,6113.2,107.037,Soft,-4,101.89,False
91,2021,16,United States,Austin,Americas,5.513,56,2021-05-14,Mixed,False,SAR,Logan Sargeant,Williams,USA,21,20,20,0,1,False,False,6107.7,107.296,Medium,0,101.8,False
91,2021,16,United States,Austin,Americas,5.513,56,2021-05-14,Mixed,False,HAM,Lewis Hamilton,Mercedes,Great Britain,36,8,3,15,1,False,False,6030.8,106.59,Hard,5,100.51,True
91,2021,16,United States,Austin,Americas,5.513,56,2021-05-14,Mixed,False,ZHO,Guanyu Zhou,Alfa Romeo,China,22,6,8,4,2,False,False,6021.6,106.278,Soft,-2,100.36,True
91,2021,16,United States,Austin,Americas,5.513,56,2021-05-14,Mixed,False,SAI,Carlos Sainz,Ferrari,Spain,27,7,11,0,1,False,False,6059.2,104.52,Medium,-4,100.99,False
91,2021,16,United States,Austin,Americas,5.513,56,2021-05-14,Mixed,False,DEV,Nyck de Vries,AlphaTauri,Netherlands,26,3,4,12,1,False,False,6034.5,108.632,Medium,-1,100.58,True
91,2021,16,United States,Austin,Americas,5.513,56,2021-05-14,Mixed,False,ALB,Alexander Albon,Williams,Thailand,25,20,16,0,1,False,False,6100.2,106.771,Medium,4,101.67,False
92,2021,17,Mexico,Mexico City,Americas,4.304,71,2021-06-18,Dry,True,STR,Lance Stroll,Aston Martin,Canada,23,5,10,1,2,False,False,5992.9,83.881,Hard,-5,99.88,True
92,2021,17,Mexico,Mexico City,Americas,4.304,71,2021-06-18,Dry,True,RUS,George Russell,Mercedes,Great Britain,23,11,12,0,2,False,False,5971.0,85.575,Medium,-1,99.52,False
92,2021,17,Mexico,Mexico City,Americas,4.304,71,2021-06-18,Dry,True,ZHO,Guanyu Zhou,Alfa Romeo,China,22,19,20,0,2,False,False,6019.3,83.284,Hard,-1,100.32,False
92,2021,17,Mexico,Mexico City,Americas,4.304,71,2021-06-18,Dry,True,LEC,Charles Leclerc,Ferrari,Monaco,24,11,11,0,2,False,False,5985.7,83.427,Soft,0,99.76,False
92,2021,17,Mexico,Mexico City,Americas,4.304,71,2021-06-18,Dry,True,GAS,Pierre Gasly,Alpine,France,25,13,14,0,2,False,False,6014.4,84.264,Medium,-1,100.24,False
92,2021,17,Mexico,Mexico City,Americas,4.304,71,2021-06-18,Dry,True,TSU,Yuki Tsunoda,AlphaTauri,Japan,21,6,2,18,2,False,False,5949.3,82.593,Hard,4,99.16,True
92,2021,17,Mexico,Mexico City,Americas,4.304,71,2021-06-18,Dry,True,ALO,Fernando Alonso,Aston Martin,Spain,40,18,18,0,3,False,False,6023.5,86.787,Medium,0,100.39,False
92,2021,17,Mexico,Mexico City,Americas,4.304,71,2021-06-18,Dry,True,OCO,Esteban Ocon,Alpine,France,25,9,9,2,1,False,False,6004.9,83.315,Hard,0,100.08,True
92,2021,17,Mexico,Mexico City,Americas,4.304,71,2021-06-18,Dry,True,SAI,Carlos Sainz,Ferrari,Spain,27,11,15,0,2,False,False,5998.8,85.633,Hard,-4,99.98,False
92,2021,17,Mexico,Mexico City,Americas,4.304,71,2021-06-18,Dry,True,DEV,Nyck de Vries,AlphaTauri,Netherlands,26,14,17,0,3,False,False,6047.8,85.458,Soft,-3,100.8,False
92,2021,17,Mexico,Mexico City,Americas,4.304,71,2021-06-18,Dry,True,MSC,Mick Schumacher,Haas,Germany,22,20,16,0,3,False,False,6014.5,83.203,Medium,4,100.24,False
92,2021,17,Mexico,Mexico City,Americas,4.304,71,2021-06-18,Dry,True,NOR,Lando Norris,McLaren,Great Britain,21,14,19,0,2,False,False,6023.5,83.218,Medium,-5,100.39,False
92,2021,17,Mexico,Mexico City,Americas,4.304,71,2021-06-18,Dry,True,HAM,Lewis Hamilton,Mercedes,Great Britain,36,1,3,15,1,False,False,5967.8,86.822,Medium,-2,99.46,True
92,2021,17,Mexico,Mexico City,Americas,4.304,71,2021-06-18,Dry,True,SAR,Logan Sargeant,Williams,USA,21,14,13,0,2,False,False,6024.6,82.425,Medium,1,100.41,False
92,2021,17,Mexico,Mexico City,Americas,4.304,71,2021-06-18,Dry,True,BOT,Valtteri Bottas,Alfa Romeo,Finland,32,1,5,10,3,False,False,5983.5,84.445,Medium,-4,99.72,True
92,2021,17,Mexico,Mexico City,Americas,4.304,71,2021-06-18,Dry,True,VER,Max Verstappen,Red Bull Racing,Netherlands,23,6,8,4,3,False,False,5966.4,85.967,Hard,-2,99.44,True
92,2021,17,Mexico,Mexico City,Americas,4.304,71,2021-06-18,Dry,True,PER,Sergio Perez,Red Bull Racing,Mexico,31,5,6,8,3,False,False,5996.5,83.041,Medium,-1,99.94,True
92,2021,17,Mexico,Mexico City,Americas,4.304,71,2021-06-18,Dry,True,ALB,Alexander Albon,Williams,Thailand,25,5,1,26,1,True,False,5959.5,83.844,Medium,4,99.32,True
92,2021,17,Mexico,Mexico City,Americas,4.304,71,2021-06-18,Dry,True,MAG,Kevin Magnussen,Haas,Denmark,29,1,4,12,3,False,False,5987.0,86.987,Soft,-3,99.78,True
92,2021,17,Mexico,Mexico City,Americas,4.304,71,2021-06-18,Dry,True,HUL,Nico Hulkenberg,Haas,Germany,34,12,7,6,3,False,False,5984.5,84.663,Medium,5,99.74,True
93,2021,18,Brazil,Sao Paulo,Americas,4.309,71,2021-07-11,Mixed,False,PER,Sergio Perez,Red Bull Racing,Mexico,31,8,10,1,1,False,False,6027.6,84.832,Hard,-2,100.46,True
93,2021,18,Brazil,Sao Paulo,Americas,4.309,71,2021-07-11,Mixed,False,MAG,Kevin Magnussen,Haas,Denmark,29,4,9,2,2,False,False,6004.9,83.75,Soft,-5,100.08,True
93,2021,18,Brazil,Sao Paulo,Americas,4.309,71,2021-07-11,Mixed,False,SAR,Logan Sargeant,Williams,USA,21,1,4,12,2,False,False,5983.4,83.782,Hard,-3,99.72,True
93,2021,18,Brazil,Sao Paulo,Americas,4.309,71,2021-07-11,Mixed,False,GAS,Pierre Gasly,Alpine,France,25,20,20,0,3,False,True,6024.6,86.433,Medium,0,100.41,False
93,2021,18,Brazil,Sao Paulo,Americas,4.309,71,2021-07-11,Mixed,False,LEC,Charles Leclerc,Ferrari,Monaco,24,1,2,18,3,False,False,5958.7,86.933,Medium,-1,99.31,True
93,2021,18,Brazil,Sao Paulo,Americas,4.309,71,2021-07-11,Mixed,False,STR,Lance Stroll,Aston Martin,Canada,23,18,15,0,1,False,False,6024.6,83.624,Medium,3,100.41,False
93,2021,18,Brazil,Sao Paulo,Americas,4.309,71,2021-07-11,Mixed,False,NOR,Lando Norris,McLaren,Great Britain,21,3,6,8,2,False,False,6013.0,86.998,Soft,-3,100.22,True
93,2021,18,Brazil,Sao Paulo,Americas,4.309,71,2021-07-11,Mixed,False,ALO,Fernando Alonso,Aston Martin,Spain,40,20,18,0,2,False,False,6023.5,86.205,Medium,2,100.39,False
93,2021,18,Brazil,Sao Paulo,Americas,4.309,71,2021-07-11,Mixed,False,MSC,Mick Schumacher,Haas,Germany,22,4,5,10,3,False,False,6002.2,83.891,Medium,-1,100.04,True
93,2021,18,Brazil,Sao Paulo,Americas,4.309,71,2021-07-11,Mixed,False,ZHO,Guanyu Zhou,Alfa Romeo,China,22,9,11,0,2,False,False,6037.2,104.285,Soft,-2,100.62,False
93,2021,18,Brazil,Sao Paulo,Americas,4.309,71,2021-07-11,Mixed,False,RUS,George Russell,Mercedes,Great Britain,23,1,1,26,2,True,False,5972.8,84.482,Hard,0,99.55,True
93,2021,18,Brazil,Sao Paulo,Americas,4.309,71,2021-07-11,Mixed,False,HAM,Lewis Hamilton,Mercedes,Great Britain,36,20,17,0,2,True,False,6045.7,85.766,Medium,3,100.76,False
93,2021,18,Brazil,Sao Paulo,Americas,4.309,71,2021-07-11,Mixed,False,ALB,Alexander Albon,Williams,Thailand,25,13,8,4,2,False,False,5998.0,84.311,Medium,5,99.97,True
93,2021,18,Brazil,Sao Paulo,Americas,4.309,71,2021-07-11,Mixed,False,DEV,Nyck de Vries,AlphaTauri,Netherlands,26,20,19,0,3,False,True,6024.6,82.931,Soft,1,100.41,False
93,2021,18,Brazil,Sao Paulo,Americas,4.309,71,2021-07-11,Mixed,False,HUL,Nico Hulkenberg,Haas,Germany,34,20,20,0,3,False,False,6054.8,82.398,Medium,0,100.91,False
93,2021,18,Brazil,Sao Paulo,Americas,4.309,71,2021-07-11,Mixed,False,VER,Max Verstappen,Red Bull Racing,Netherlands,23,11,12,0,2,False,False,6013.1,82.682,Medium,-1,100.22,False
93,2021,18,Brazil,Sao Paulo,Americas,4.309,71,2021-07-11,Mixed,False,SAI,Carlos Sainz,Ferrari,Spain,27,11,7,6,2,False,False,5994.7,82.136,Hard,4,99.91,True
93,2021,18,Brazil,Sao Paulo,Americas,4.309,71,2021-07-11,Mixed,False,TSU,Yuki Tsunoda,AlphaTauri,Japan,21,20,16,0,2,False,False,6036.4,82.561,Medium,4,100.61,False
93,2021,18,Brazil,Sao Paulo,Americas,4.309,71,2021-07-11,Mixed,False,OCO,Esteban Ocon,Alpine,France,25,1,3,15,3,False,False,5986.0,85.707,Medium,-2,99.77,True
93,2021,18,Brazil,Sao Paulo,Americas,4.309,71,2021-07-11,Mixed,False,BOT,Valtteri Bottas,Alfa Romeo,Finland,32,8,13,0,2,False,False,6024.6,83.833,Medium,-5,100.41,False
94,2021,19,Abu Dhabi,Yas Marina,Middle East,5.281,55,2021-08-07,Wet,True,ALB,Alexander Albon,Williams,Thailand,25,4,9,2,3,False,False,5686.4,101.457,Soft,-5,94.77,True
94,2021,19,Abu Dhabi,Yas Marina,Middle East,5.281,55,2021-08-07,Wet,True,TSU,Yuki Tsunoda,AlphaTauri,Japan,21,16,18,0,2,False,False,5708.7,104.285,Soft,-2,95.14,False
94,2021,19,Abu Dhabi,Yas Marina,Middle East,5.281,55,2021-08-07,Wet,True,VER,Max Verstappen,Red Bull Racing,Netherlands,23,4,1,26,2,True,False,5663.5,102.441,Medium,3,94.39,True
94,2021,19,Abu Dhabi,Yas Marina,Middle East,5.281,55,2021-08-07,Wet,True,NOR,Lando Norris,McLaren,Great Britain,21,1,4,12,2,False,False,5668.7,101.889,Soft,-3,94.48,True
94,2021,19,Abu Dhabi,Yas Marina,Middle East,5.281,55,2021-08-07,Wet,True,ZHO,Guanyu Zhou,Alfa Romeo,China,22,20,17,0,3,False,False,5710.1,102.062,Soft,3,95.17,False
94,2021,19,Abu Dhabi,Yas Marina,Middle East,5.281,55,2021-08-07,Wet,True,DEV,Nyck de Vries,AlphaTauri,Netherlands,26,15,16,0,1,False,False,5722.2,103.47,Medium,-1,95.37,False
94,2021,19,Abu Dhabi,Yas Marina,Middle East,5.281,55,2021-08-07,Wet,True,HAM,Lewis Hamilton,Mercedes,Great Britain,36,7,7,6,2,False,False,5691.1,102.888,Soft,0,94.85,True
94,2021,19,Abu Dhabi,Yas Marina,Middle East,5.281,55,2021-08-07,Wet,True,MSC,Mick Schumacher,Haas,Germany,22,12,14,0,2,False,False,5738.7,100.981,Soft,-2,95.64,False
94,2021,19,Abu Dhabi,Yas Marina,Middle East,5.281,55,2021-08-07,Wet,True,ALO,Fernando Alonso,Aston Martin,Spain,40,5,3,15,2,False,False,5671.0,102.922,Medium,2,94.52,True
94,2021,19,Abu Dhabi,Yas Marina,Middle East,5.281,55,2021-08-07,Wet,True,BOT,Valtteri Bottas,Alfa Romeo,Finland,32,7,12,0,2,False,False,5717.6,102.718,Soft,-5,95.29,False
94,2021,19,Abu Dhabi,Yas Marina,Middle East,5.281,55,2021-08-07,Wet,True,SAI,Carlos Sainz,Ferrari,Spain,27,15,15,0,3,False,False,5705.4,104.924,Soft,0,95.09,False
94,2021,19,Abu Dhabi,Yas Marina,Middle East,5.281,55,2021-08-07,Wet,True,LEC,Charles Leclerc,Ferrari,Monaco,24,16,17,0,1,False,True,6024.6,103.8,Hard,-1,100.41,False
94,2021,19,Abu Dhabi,Yas Marina,Middle East,5.281,55,2021-08-07,Wet,True,RUS,George Russell,Mercedes,Great Britain,23,13,11,0,1,False,False,5679.8,102.367,Hard,2,94.66,False
94,2021,19,Abu Dhabi,Yas Marina,Middle East,5.281,55,2021-08-07,Wet,True,OCO,Esteban Ocon,Alpine,France,25,4,5,10,1,False,False,5700.9,101.22,Medium,-1,95.02,True
94,2021,19,Abu Dhabi,Yas Marina,Middle East,5.281,55,2021-08-07,Wet,True,PER,Sergio Perez,Red Bull Racing,Mexico,31,20,18,0,2,False,True,6024.6,102.709,Hard,2,100.41,False
94,2021,19,Abu Dhabi,Yas Marina,Middle East,5.281,55,2021-08-07,Wet,True,MAG,Kevin Magnussen,Haas,Denmark,29,14,10,1,1,False,False,5704.6,102.601,Medium,4,95.08,True
94,2021,19,Abu Dhabi,Yas Marina,Middle East,5.281,55,2021-08-07,Wet,True,HUL,Nico Hulkenberg,Haas,Germany,34,5,2,18,2,False,False,5692.7,103.481,Medium,3,94.88,True
94,2021,19,Abu Dhabi,Yas Marina,Middle East,5.281,55,2021-08-07,Wet,True,SAR,Logan Sargeant,Williams,USA,21,16,19,0,2,False,False,5740.1,102.978,Soft,-3,95.67,False
94,2021,19,Abu Dhabi,Yas Marina,Middle East,5.281,55,2021-08-07,Wet,True,STR,Lance Stroll,Aston Martin,Canada,23,8,6,8,2,False,False,5686.8,104.776,Medium,2,94.78,True
94,2021,19,Abu Dhabi,Yas Marina,Middle East,5.281,55,2021-08-07,Wet,True,GAS,Pierre Gasly,Alpine,France,25,14,13,0,3,False,False,5712.4,103.134,Soft,1,95.21,False
95,2021,20,China,Shanghai,Asia Pacific,5.451,56,2021-09-10,Mixed,True,STR,Lance Stroll,Aston Martin,Canada,23,1,1,26,1,True,False,5963.5,105.365,Medium,0,99.39,True
95,2021,20,China,Shanghai,Asia Pacific,5.451,56,2021-09-10,Mixed,True,ALO,Fernando Alonso,Aston Martin,Spain,40,17,19,0,2,False,True,6024.6,108.245,Medium,-2,100.41,False
95,2021,20,China,Shanghai,Asia Pacific,5.451,56,2021-09-10,Mixed,True,OCO,Esteban Ocon,Alpine,France,25,8,9,2,2,False,False,5985.3,106.72,Medium,-1,99.76,True
95,2021,20,China,Shanghai,Asia Pacific,5.451,56,2021-09-10,Mixed,True,TSU,Yuki Tsunoda,AlphaTauri,Japan,21,5,6,8,2,False,False,5977.4,106.13,Soft,-1,99.62,True
95,2021,20,China,Shanghai,Asia Pacific,5.451,56,2021-09-10,Mixed,True,MSC,Mick Schumacher,Haas,Germany,22,12,13,0,2,False,False,5992.9,107.269,Soft,-1,99.88,False
95,2021,20,China,Shanghai,Asia Pacific,5.451,56,2021-09-10,Mixed,True,HUL,Nico Hulkenberg,Haas,Germany,34,12,17,0,2,False,False,5985.8,104.285,Medium,-5,99.76,False
95,2021,20,China,Shanghai,Asia Pacific,5.451,56,2021-09-10,Mixed,True,MAG,Kevin Magnussen,Haas,Denmark,29,4,4,12,2,False,False,5944.3,106.069,Hard,0,99.07,True
95,2021,20,China,Shanghai,Asia Pacific,5.451,56,2021-09-10,Mixed,True,SAR,Logan Sargeant,Williams,USA,21,11,10,1,1,False,False,5992.5,105.414,Medium,1,99.88,True
95,2021,20,China,Shanghai,Asia Pacific,5.451,56,2021-09-10,Mixed,True,SAI,Carlos Sainz,Ferrari,Spain,27,19,15,0,2,False,False,6013.4,104.285,Medium,4,100.22,False
95,2021,20,China,Shanghai,Asia Pacific,5.451,56,2021-09-10,Mixed,True,NOR,Lando Norris,McLaren,Great Britain,21,17,16,0,1,False,False,6024.0,104.117,Medium,1,100.4,False
95,2021,20,China,Shanghai,Asia Pacific,5.451,56,2021-09-10,Mixed,True,PER,Sergio Perez,Red Bull Racing,Mexico,31,11,11,0,1,False,False,5997.5,108.09,Hard,0,99.96,False
95,2021,20,China,Shanghai,Asia Pacific,5.451,56,2021-09-10,Mixed,True,HAM,Lewis Hamilton,Mercedes,Great Britain,36,8,7,6,3,False,False,6024.6,106.977,Medium,1,100.41,True
95,2021,20,China,Shanghai,Asia Pacific,5.451,56,2021-09-10,Mixed,True,VER,Max Verstappen,Red Bull Racing,Netherlands,23,14,14,0,2,False,False,6007.8,106.065,Soft,0,100.13,False
95,2021,20,China,Shanghai,Asia Pacific,5.451,56,2021-09-10,Mixed,True,ALB,Alexander Albon,Williams,Thailand,25,12,12,0,3,True,False,5984.1,107.012,Hard,0,99.74,False
95,2021,20,China,Shanghai,Asia Pacific,5.451,56,2021-09-10,Mixed,True,GAS,Pierre Gasly,Alpine,France,25,19,18,0,1,False,False,6007.0,105.588,Soft,1,100.12,False
95,2021,20,China,Shanghai,Asia Pacific,5.451,56,2021-09-10,Mixed,True,LEC,Charles Leclerc,Ferrari,Monaco,24,3,8,4,2,False,False,5981.2,109.176,Soft,-5,99.69,True
95,2021,20,China,Shanghai,Asia Pacific,5.451,56,2021-09-10,Mixed,True,BOT,Valtteri Bottas,Alfa Romeo,Finland,32,18,20,0,3,False,False,6003.0,102.603,Medium,-2,100.05,False
95,2021,20,China,Shanghai,Asia Pacific,5.451,56,2021-09-10,Mixed,True,RUS,George Russell,Mercedes,Great Britain,23,8,5,10,1,False,False,5957.9,104.285,Soft,3,99.3,True
95,2021,20,China,Shanghai,Asia Pacific,5.451,56,2021-09-10,Mixed,True,DEV,Nyck de Vries,AlphaTauri,Netherlands,26,20,19,0,2,False,False,6008.4,105.333,Hard,1,100.14,False
95,2021,20,China,Shanghai,Asia Pacific,5.451,56,2021-09-10,Mixed,True,ZHO,Guanyu Zhou,Alfa Romeo,China,22,1,3,15,2,False,False,5941.6,106.461,Soft,-2,99.03,True
96,2021,21,Qatar,Lusail,Middle East,5.38,57,2021-10-16,Dry,True,SAI,Carlos Sainz,Ferrari,Spain,27,7,8,4,2,False,False,6026.1,104.875,Soft,-1,100.44,True
96,2021,21,Qatar,Lusail,Middle East,5.38,57,2021-10-16,Dry,True,HAM,Lewis Hamilton,Mercedes,Great Britain,36,12,9,2,2,False,False,6053.5,104.993,Soft,3,100.89,True
96,2021,21,Qatar,Lusail,Middle East,5.38,57,2021-10-16,Dry,True,MSC,Mick Schumacher,Haas,Germany,22,1,5,10,3,False,False,6024.6,104.011,Medium,-4,100.41,True
96,2021,21,Qatar,Lusail,Middle East,5.38,57,2021-10-16,Dry,True,OCO,Esteban Ocon,Alpine,France,25,13,18,0,2,False,False,6050.8,105.343,Medium,-5,100.85,False
96,2021,21,Qatar,Lusail,Middle East,5.38,57,2021-10-16,Dry,True,MAG,Kevin Magnussen,Haas,Denmark,29,20,20,0,2,False,True,6024.6,103.012,Hard,0,100.41,False
96,2021,21,Qatar,Lusail,Middle East,5.38,57,2021-10-16,Dry,True,PER,Sergio Perez,Red Bull Racing,Mexico,31,17,12,0,3,False,False,6025.1,103.837,Hard,5,100.42,False
96,2021,21,Qatar,Lusail,Middle East,5.38,57,2021-10-16,Dry,True,NOR,Lando Norris,McLaren,Great Britain,21,4,7,6,2,False,False,6025.2,103.723,Medium,-3,100.42,True
96,2021,21,Qatar,Lusail,Middle East,5.38,57,2021-10-16,Dry,True,SAR,Logan Sargeant,Williams,USA,21,20,20,0,2,False,True,6024.6,106.795,Soft,0,100.41,False
96,2021,21,Qatar,Lusail,Middle East,5.38,57,2021-10-16,Dry,True,VER,Max Verstappen,Red Bull Racing,Netherlands,23,6,2,18,2,False,False,5970.0,105.278,Medium,4,99.5,True
96,2021,21,Qatar,Lusail,Middle East,5.38,57,2021-10-16,Dry,True,DEV,Nyck de Vries,AlphaTauri,Netherlands,26,8,11,0,2,False,False,6016.4,107.457,Hard,-3,100.27,False
96,2021,21,Qatar,Lusail,Middle East,5.38,57,2021-10-16,Dry,True,HUL,Nico Hulkenberg,Haas,Germany,34,6,1,26,2,True,False,5978.5,102.373,Medium,5,99.64,True
96,2021,21,Qatar,Lusail,Middle East,5.38,57,2021-10-16,Dry,True,STR,Lance Stroll,Aston Martin,Canada,23,6,6,8,2,False,False,6024.6,107.042,Medium,0,100.41,True
96,2021,21,Qatar,Lusail,Middle East,5.38,57,2021-10-16,Dry,True,RUS,George Russell,Mercedes,Great Britain,23,19,14,0,2,False,False,6050.3,104.95,Medium,5,100.84,False
96,2021,21,Qatar,Lusail,Middle East,5.38,57,2021-10-16,Dry,True,TSU,Yuki Tsunoda,AlphaTauri,Japan,21,1,4,12,2,False,False,5985.5,103.935,Medium,-3,99.76,True
96,2021,21,Qatar,Lusail,Middle East,5.38,57,2021-10-16,Dry,True,ALO,Fernando Alonso,Aston Martin,Spain,40,20,19,0,3,False,False,6047.9,105.016,Soft,1,100.8,False
96,2021,21,Qatar,Lusail,Middle East,5.38,57,2021-10-16,Dry,True,ALB,Alexander Albon,Williams,Thailand,25,17,13,0,3,False,False,6033.1,104.075,Medium,4,100.55,False
96,2021,21,Qatar,Lusail,Middle East,5.38,57,2021-10-16,Dry,True,BOT,Valtteri Bottas,Alfa Romeo,Finland,32,3,3,15,3,False,False,6024.6,104.222,Hard,0,100.41,True
96,2021,21,Qatar,Lusail,Middle East,5.38,57,2021-10-16,Dry,True,LEC,Charles Leclerc,Ferrari,Monaco,24,6,10,1,3,False,False,5995.2,105.083,Medium,-4,99.92,True
96,2021,21,Qatar,Lusail,Middle East,5.38,57,2021-10-16,Dry,True,ZHO,Guanyu Zhou,Alfa Romeo,China,22,11,15,0,1,False,False,6049.0,102.097,Hard,-4,100.82,False
96,2021,21,Qatar,Lusail,Middle East,5.38,57,2021-10-16,Dry,True,GAS,Pierre Gasly,Alpine,France,25,20,17,0,2,False,False,6038.0,105.62,Medium,3,100.63,False
97,2021,22,Las Vegas,Las Vegas,Americas,6.201,50,2021-11-14,Dry,False,RUS,George Russell,Mercedes,Great Britain,23,2,5,11,2,True,False,6024.6,120.559,Hard,-3,100.41,True
97,2021,22,Las Vegas,Las Vegas,Americas,6.201,50,2021-11-14,Dry,False,SAR,Logan Sargeant,Williams,USA,21,6,7,6,1,False,False,6048.8,121.122,Soft,-1,100.81,True
97,2021,22,Las Vegas,Las Vegas,Americas,6.201,50,2021-11-14,Dry,False,SAI,Carlos Sainz,Ferrari,Spain,27,20,19,0,1,False,False,6106.1,121.38,Hard,1,101.77,False
97,2021,22,Las Vegas,Las Vegas,Americas,6.201,50,2021-11-14,Dry,False,VER,Max Verstappen,Red Bull Racing,Netherlands,23,13,16,0,2,False,True,6024.6,119.927,Hard,-3,100.41,False
97,2021,22,Las Vegas,Las Vegas,Americas,6.201,50,2021-11-14,Dry,False,ALB,Alexander Albon,Williams,Thailand,25,15,13,0,2,False,False,6096.2,121.355,Hard,2,101.6,False
97,2021,22,Las Vegas,Las Vegas,Americas,6.201,50,2021-11-14,Dry,False,TSU,Yuki Tsunoda,AlphaTauri,Japan,21,9,6,8,2,False,False,6067.6,121.896,Medium,3,101.13,True
97,2021,22,Las Vegas,Las Vegas,Americas,6.201,50,2021-11-14,Dry,False,MSC,Mick Schumacher,Haas,Germany,22,4,2,18,2,False,False,6026.8,120.263,Hard,2,100.45,True
97,2021,22,Las Vegas,Las Vegas,Americas,6.201,50,2021-11-14,Dry,False,HAM,Lewis Hamilton,Mercedes,Great Britain,36,20,18,0,1,False,True,6024.6,123.656,Medium,2,100.41,False
97,2021,22,Las Vegas,Las Vegas,Americas,6.201,50,2021-11-14,Dry,False,PER,Sergio Perez,Red Bull Racing,Mexico,31,15,10,1,2,False,False,6064.7,120.394,Medium,5,101.08,True
97,2021,22,Las Vegas,Las Vegas,Americas,6.201,50,2021-11-14,Dry,False,GAS,Pierre Gasly,Alpine,France,25,7,3,15,2,False,False,6091.5,122.436,Hard,4,101.52,True
97,2021,22,Las Vegas,Las Vegas,Americas,6.201,50,2021-11-14,Dry,False,OCO,Esteban Ocon,Alpine,France,25,16,18,0,3,False,False,6100.1,122.585,Medium,-2,101.67,False
97,2021,22,Las Vegas,Las Vegas,Americas,6.201,50,2021-11-14,Dry,False,ALO,Fernando Alonso,Aston Martin,Spain,40,11,9,2,3,False,False,6068.5,120.631,Medium,2,101.14,True
97,2021,22,Las Vegas,Las Vegas,Americas,6.201,50,2021-11-14,Dry,False,ZHO,Guanyu Zhou,Alfa Romeo,China,22,10,12,0,3,False,False,6062.4,120.591,Medium,-2,101.04,False
97,2021,22,Las Vegas,Las Vegas,Americas,6.201,50,2021-11-14,Dry,False,MAG,Kevin Magnussen,Haas,Denmark,29,14,14,0,2,False,False,6086.3,120.897,Medium,0,101.44,False
97,2021,22,Las Vegas,Las Vegas,Americas,6.201,50,2021-11-14,Dry,False,NOR,Lando Norris,McLaren,Great Britain,21,18,16,0,2,False,False,6104.7,121.285,Soft,2,101.74,False
97,2021,22,Las Vegas,Las Vegas,Americas,6.201,50,2021-11-14,Dry,False,DEV,Nyck de Vries,AlphaTauri,Netherlands,26,2,4,12,2,False,False,6058.5,120.651,Medium,-2,100.98,True
97,2021,22,Las Vegas,Las Vegas,Americas,6.201,50,2021-11-14,Dry,False,BOT,Valtteri Bottas,Alfa Romeo,Finland,32,16,20,0,2,False,False,6109.8,117.463,Medium,-4,101.83,False
97,2021,22,Las Vegas,Las Vegas,Americas,6.201,50,2021-11-14,Dry,False,HUL,Nico Hulkenberg,Haas,Germany,34,4,1,26,1,True,False,6015.7,104.285,Hard,3,100.26,True
97,2021,22,Las Vegas,Las Vegas,Americas,6.201,50,2021-11-14,Dry,False,LEC,Charles Leclerc,Ferrari,Monaco,24,6,11,0,3,False,False,6092.9,122.803,Hard,-5,101.55,False
97,2021,22,Las Vegas,Las Vegas,Americas,6.201,50,2021-11-14,Dry,False,STR,Lance Stroll,Aston Martin,Canada,23,18,17,0,1,False,False,6099.8,124.435,Medium,1,101.66,False
98,2021,23,Austria,Spielberg,Europe,4.318,71,2021-01-10,Wet,False,VER,Max Verstappen,Red Bull Racing,Netherlands,23,5,10,1,2,False,False,6003.7,82.525,Medium,-5,100.06,True
98,2021,23,Austria,Spielberg,Europe,4.318,71,2021-01-10,Wet,False,TSU,Yuki Tsunoda,AlphaTauri,Japan,21,14,17,0,3,False,False,6021.9,81.143,Soft,-3,100.36,False
98,2021,23,Austria,Spielberg,Europe,4.318,71,2021-01-10,Wet,False,SAI,Carlos Sainz,Ferrari,Spain,27,6,8,4,2,False,False,6012.6,84.217,Medium,-2,100.21,True
98,2021,23,Austria,Spielberg,Europe,4.318,71,2021-01-10,Wet,False,NOR,Lando Norris,McLaren,Great Britain,21,15,20,0,2,False,True,6024.6,82.835,Medium,-5,100.41,False
98,2021,23,Austria,Spielberg,Europe,4.318,71,2021-01-10,Wet,False,DEV,Nyck de Vries,AlphaTauri,Netherlands,26,14,11,0,2,False,False,6022.9,84.722,Hard,3,100.38,False
98,2021,23,Austria,Spielberg,Europe,4.318,71,2021-01-10,Wet,False,OCO,Esteban Ocon,Alpine,France,25,4,5,10,2,False,False,5972.1,84.591,Medium,-1,99.54,True
98,2021,23,Austria,Spielberg,Europe,4.318,71,2021-01-10,Wet,False,ALB,Alexander Albon,Williams,Thailand,25,12,12,0,1,False,False,6006.6,85.253,Soft,0,100.11,False
98,2021,23,Austria,Spielberg,Europe,4.318,71,2021-01-10,Wet,False,HUL,Nico Hulkenberg,Haas,Germany,34,17,19,0,1,False,False,6024.8,85.569,Medium,-2,100.41,False
98,2021,23,Austria,Spielberg,Europe,4.318,71,2021-01-10,Wet,False,PER,Sergio Perez,Red Bull Racing,Mexico,31,13,18,0,3,False,True,6024.6,84.107,Medium,-5,100.41,False
98,2021,23,Austria,Spielberg,Europe,4.318,71,2021-01-10,Wet,False,STR,Lance Stroll,Aston Martin,Canada,23,1,3,15,3,False,False,5986.0,84.245,Soft,-2,99.77,True
98,2021,23,Austria,Spielberg,Europe,4.318,71,2021-01-10,Wet,False,MSC,Mick Schumacher,Haas,Germany,22,14,15,0,2,False,False,6042.1,84.966,Hard,-1,100.7,False
98,2021,23,Austria,Spielberg,Europe,4.318,71,2021-01-10,Wet,False,GAS,Pierre Gasly,Alpine,France,25,20,20,0,1,False,False,6038.9,87.367,Soft,0,100.65,False
98,2021,23,Austria,Spielberg,Europe,4.318,71,2021-01-10,Wet,False,ZHO,Guanyu Zhou,Alfa Romeo,China,22,1,1,26,1,True,False,5983.3,86.18,Hard,0,99.72,True
98,2021,23,Austria,Spielberg,Europe,4.318,71,2021-01-10,Wet,False,ALO,Fernando Alonso,Aston Martin,Spain,40,6,2,18,3,False,False,5978.9,85.351,Medium,4,99.65,True
98,2021,23,Austria,Spielberg,Europe,4.318,71,2021-01-10,Wet,False,HAM,Lewis Hamilton,Mercedes,Great Britain,36,10,13,0,2,False,False,6013.1,83.571,Soft,-3,100.22,False
98,2021,23,Austria,Spielberg,Europe,4.318,71,2021-01-10,Wet,False,MAG,Kevin Magnussen,Haas,Denmark,29,12,7,6,1,False,False,5992.2,83.823,Medium,5,99.87,True
98,2021,23,Austria,Spielberg,Europe,4.318,71,2021-01-10,Wet,False,RUS,George Russell,Mercedes,Great Britain,23,8,6,8,2,False,False,5996.5,83.058,Medium,2,99.94,True
98,2021,23,Austria,Spielberg,Europe,4.318,71,2021-01-10,Wet,False,LEC,Charles Leclerc,Ferrari,Monaco,24,16,18,0,2,False,False,6033.2,84.904,Hard,-2,100.55,False
98,2021,23,Austria,Spielberg,Europe,4.318,71,2021-01-10,Wet,False,SAR,Logan Sargeant,Williams,USA,21,9,14,0,2,False,False,6037.9,83.114,Medium,-5,100.63,False
98,2021,23,Austria,Spielberg,Europe,4.318,71,2021-01-10,Wet,False,BOT,Valtteri Bottas,Alfa Romeo,Finland,32,16,16,0,1,False,False,6031.4,84.07,Medium,0,100.52,False
99,2021,24,France,Le Castellet,Europe,5.842,53,2021-02-06,Mixed,True,VER,Max Verstappen,Red Bull Racing,Netherlands,23,7,11,0,2,False,False,6075.1,114.686,Medium,-4,101.25,False
99,2021,24,France,Le Castellet,Europe,5.842,53,2021-02-06,Mixed,True,GAS,Pierre Gasly,Alpine,France,25,5,1,26,3,True,False,6029.6,115.538,Medium,4,100.49,True
99,2021,24,France,Le Castellet,Europe,5.842,53,2021-02-06,Mixed,True,ZHO,Guanyu Zhou,Alfa Romeo,China,22,6,4,12,1,False,False,6057.9,113.643,Soft,2,100.96,True
99,2021,24,France,Le Castellet,Europe,5.842,53,2021-02-06,Mixed,True,STR,Lance Stroll,Aston Martin,Canada,23,17,13,0,2,False,False,6080.0,113.769,Soft,4,101.33,False
99,2021,24,France,Le Castellet,Europe,5.842,53,2021-02-06,Mixed,True,OCO,Esteban Ocon,Alpine,France,25,13,18,0,2,False,False,6094.0,113.145,Medium,-5,101.57,False
99,2021,24,France,Le Castellet,Europe,5.842,53,2021-02-06,Mixed,True,DEV,Nyck de Vries,AlphaTauri,Netherlands,26,20,20,0,3,False,False,6104.4,116.448,Medium,0,101.74,False
99,2021,24,France,Le Castellet,Europe,5.842,53,2021-02-06,Mixed,True,SAI,Carlos Sainz,Ferrari,Spain,27,16,16,0,1,False,False,6109.5,113.681,Hard,0,101.82,False
99,2021,24,France,Le Castellet,Europe,5.842,53,2021-02-06,Mixed,True,BOT,Valtteri Bottas,Alfa Romeo,Finland,32,8,12,0,1,False,False,6024.6,114.491,Soft,-4,100.41,False
99,2021,24,France,Le Castellet,Europe,5.842,53,2021-02-06,Mixed,True,PER,Sergio Perez,Red Bull Racing,Mexico,31,3,6,8,2,False,False,6078.9,116.644,Soft,-3,101.32,True
99,2021,24,France,Le Castellet,Europe,5.842,53,2021-02-06,Mixed,True,ALO,Fernando Alonso,Aston Martin,Spain,40,18,15,0,2,False,False,6081.2,114.447,Soft,3,101.35,False
99,2021,24,France,Le Castellet,Europe,5.842,53,2021-02-06,Mixed,True,HAM,Lewis Hamilton,Mercedes,Great Britain,36,20,19,0,2,False,False,6094.9,116.159,Hard,1,101.58,False
99,2021,24,France,Le Castellet,Europe,5.842,53,2021-02-06,Mixed,True,MAG,Kevin Magnussen,Haas,Denmark,29,13,8,4,2,False,False,6047.4,114.462,Soft,5,100.79,True
99,2021,24,France,Le Castellet,Europe,5.842,53,2021-02-06,Mixed,True,NOR,Lando Norris,McLaren,Great Britain,21,7,9,2,2,False,False,6050.5,114.793,Medium,-2,100.84,True
99,2021,24,France,Le Castellet,Europe,5.842,53,2021-02-06,Mixed,True,MSC,Mick Schumacher,Haas,Germany,22,12,14,0,1,False,False,6083.2,115.169,Hard,-2,101.39,False
99,2021,24,France,Le Castellet,Europe,5.842,53,2021-02-06,Mixed,True,SAR,Logan Sargeant,Williams,USA,21,7,2,18,3,False,False,6025.1,114.478,Soft,5,100.42,True
99,2021,24,France,Le Castellet,Europe,5.842,53,2021-02-06,Mixed,True,TSU,Yuki Tsunoda,AlphaTauri,Japan,21,1,3,15,1,False,False,6071.9,113.311,Medium,-2,101.2,True
99,2021,24,France,Le Castellet,Europe,5.842,53,2021-02-06,Mixed,True,ALB,Alexander Albon,Williams,Thailand,25,14,10,1,2,False,False,6081.9,111.942,Soft,4,101.36,True
99,2021,24,France,Le Castellet,Europe,5.842,53,2021-02-06,Mixed,True,RUS,George Russell,Mercedes,Great Britain,23,11,16,0,2,False,True,6024.6,111.801,Soft,-5,100.41,False
99,2021,24,France,Le Castellet,Europe,5.842,53,2021-02-06,Mixed,True,HUL,Nico Hulkenberg,Haas,Germany,34,20,17,0,2,False,False,6063.3,113.332,Soft,3,101.06,False
99,2021,24,France,Le Castellet,Europe,5.842,53,2021-02-06,Mixed,True,LEC,Charles Leclerc,Ferrari,Monaco,24,2,7,6,2,False,False,6037.8,114.863,Medium,-5,100.63,True
100,2021,25,Portugal,Portimao,Europe,4.684,66,2021-03-18,Dry,False,STR,Lance Stroll,Aston Martin,Canada,23,8,4,12,2,False,False,6032.0,94.291,Medium,4,100.53,True
100,2021,25,Portugal,Portimao,Europe,4.684,66,2021-03-18,Dry,False,HUL,Nico Hulkenberg,Haas,Germany,34,6,2,18,1,False,False,6054.5,92.696,Hard,4,100.91,True
100,2021,25,Portugal,Portimao,Europe,4.684,66,2021-03-18,Dry,False,BOT,Valtteri Bottas,Alfa Romeo,Finland,32,12,13,0,1,False,False,6086.5,93.467,Soft,-1,101.44,False
100,2021,25,Portugal,Portimao,Europe,4.684,66,2021-03-18,Dry,False,NOR,Lando Norris,McLaren,Great Britain,21,16,20,0,1,False,True,6024.6,89.573,Hard,-4,100.41,False
100,2021,25,Portugal,Portimao,Europe,4.684,66,2021-03-18,Dry,False,ALB,Alexander Albon,Williams,Thailand,25,8,8,4,3,False,False,6024.6,90.864,Soft,0,100.41,True
100,2021,25,Portugal,Portimao,Europe,4.684,66,2021-03-18,Dry,False,MAG,Kevin Magnussen,Haas,Denmark,29,18,17,0,2,False,False,6092.1,89.728,Medium,1,101.54,False
100,2021,25,Portugal,Portimao,Europe,4.684,66,2021-03-18,Dry,False,MSC,Mick Schumacher,Haas,Germany,22,17,18,0,3,False,False,6079.2,92.493,Medium,-1,101.32,False
100,2021,25,Portugal,Portimao,Europe,4.684,66,2021-03-18,Dry,False,SAR,Logan Sargeant,Williams,USA,21,20,19,0,1,False,False,6078.2,91.046,Medium,1,101.3,False
100,2021,25,Portugal,Portimao,Europe,4.684,66,2021-03-18,Dry,False,ZHO,Guanyu Zhou,Alfa Romeo,China,22,14,11,0,2,False,False,6095.6,91.944,Soft,3,101.59,False
100,2021,25,Portugal,Portimao,Europe,4.684,66,2021-03-18,Dry,False,VER,Max Verstappen,Red Bull Racing,Netherlands,23,12,9,2,2,False,False,6057.1,88.911,Soft,3,100.95,True
100,2021,25,Portugal,Portimao,Europe,4.684,66,2021-03-18,Dry,False,RUS,George Russell,Mercedes,Great Britain,23,6,10,1,3,False,False,6031.3,89.833,Soft,-4,100.52,True
100,2021,25,Portugal,Portimao,Europe,4.684,66,2021-03-18,Dry,False,PER,Sergio Perez,Red Bull Racing,Mexico,31,1,3,16,1,True,False,6038.0,91.034,Medium,-2,100.63,True
100,2021,25,Portugal,Portimao,Europe,4.684,66,2021-03-18,Dry,False,TSU,Yuki Tsunoda,AlphaTauri,Japan,21,1,1,26,3,True,False,6037.3,88.723,Hard,0,100.62,True
100,2021,25,Portugal,Portimao,Europe,4.684,66,2021-03-18,Dry,False,ALO,Fernando Alonso,Aston Martin,Spain,40,20,20,0,3,False,False,6111.0,92.589,Hard,0,101.85,False
100,2021,25,Portugal,Portimao,Europe,4.684,66,2021-03-18,Dry,False,HAM,Lewis Hamilton,Mercedes,Great Britain,36,15,15,0,1,False,False,6072.7,90.714,Medium,0,101.21,False
100,2021,25,Portugal,Portimao,Europe,4.684,66,2021-03-18,Dry,False,DEV,Nyck de Vries,AlphaTauri,Netherlands,26,17,14,0,2,False,False,6090.4,87.599,Medium,3,101.51,False
100,2021,25,Portugal,Portimao,Europe,4.684,66,2021-03-18,Dry,False,SAI,Carlos Sainz,Ferrari,Spain,27,4,6,8,1,False,False,6039.8,91.094,Soft,-2,100.66,True
100,2021,25,Portugal,Portimao,Europe,4.684,66,2021-03-18,Dry,False,GAS,Pierre Gasly,Alpine,France,25,12,12,0,3,False,False,6092.3,90.067,Medium,0,101.54,False
100,2021,25,Portugal,Portimao,Europe,4.684,66,2021-03-18,Dry,False,OCO,Esteban Ocon,Alpine,France,25,13,17,0,2,False,True,6024.6,90.903,Hard,-4,100.41,False
100,2021,25,Portugal,Portimao,Europe,4.684,66,2021-03-18,Dry,False,LEC,Charles Leclerc,Ferrari,Monaco,24,1,5,10,2,False,False,6052.4,90.107,Medium,-4,100.87,True
101,2022,1,Bahrain,Sakhir,Middle East,5.412,57,2022-01-09,Dry,False,SAI,Carlos Sainz,Ferrari,Spain,28,1,3,15,2,False,False,6027.0,106.653,Hard,-2,100.45,True
101,2022,1,Bahrain,Sakhir,Middle East,5.412,57,2022-01-09,Dry,False,SAR,Logan Sargeant,Williams,USA,22,1,1,26,2,True,False,5999.2,105.878,Hard,0,99.99,True
101,2022,1,Bahrain,Sakhir,Middle East,5.412,57,2022-01-09,Dry,False,GAS,Pierre Gasly,Alpine,France,26,18,20,0,1,False,False,6099.4,106.556,Hard,-2,101.66,False
101,2022,1,Bahrain,Sakhir,Middle East,5.412,57,2022-01-09,Dry,False,OCO,Esteban Ocon,Alpine,France,26,9,4,12,2,False,False,6036.6,105.311,Soft,5,100.61,True
101,2022,1,Bahrain,Sakhir,Middle East,5.412,57,2022-01-09,Dry,False,DEV,Nyck de Vries,AlphaTauri,Netherlands,27,10,11,0,1,False,False,6051.2,109.099,Medium,-1,100.85,False
101,2022,1,Bahrain,Sakhir,Middle East,5.412,57,2022-01-09,Dry,False,MSC,Mick Schumacher,Haas,Germany,23,20,19,0,2,False,False,6068.8,105.176,Soft,1,101.15,False
101,2022,1,Bahrain,Sakhir,Middle East,5.412,57,2022-01-09,Dry,False,TSU,Yuki Tsunoda,AlphaTauri,Japan,22,7,5,10,2,False,False,6052.0,105.771,Medium,2,100.87,True
101,2022,1,Bahrain,Sakhir,Middle East,5.412,57,2022-01-09,Dry,False,ZHO,Guanyu Zhou,Alfa Romeo,China,23,3,6,8,3,False,False,6040.7,106.486,Medium,-3,100.68,True
101,2022,1,Bahrain,Sakhir,Middle East,5.412,57,2022-01-09,Dry,False,HUL,Nico Hulkenberg,Haas,Germany,35,1,2,18,2,False,False,6048.8,105.547,Soft,-1,100.81,True
101,2022,1,Bahrain,Sakhir,Middle East,5.412,57,2022-01-09,Dry,False,LEC,Charles Leclerc,Ferrari,Monaco,25,19,16,0,2,False,False,6101.0,106.68,Hard,3,101.68,False
101,2022,1,Bahrain,Sakhir,Middle East,5.412,57,2022-01-09,Dry,False,MAG,Kevin Magnussen,Haas,Denmark,30,11,12,0,3,True,False,6056.5,109.399,Hard,-1,100.94,False
101,2022,1,Bahrain,Sakhir,Middle East,5.412,57,2022-01-09,Dry,False,BOT,Valtteri Bottas,Alfa Romeo,Finland,33,12,8,4,2,False,False,6060.1,104.495,Soft,4,101.0,True
101,2022,1,Bahrain,Sakhir,Middle East,5.412,57,2022-01-09,Dry,False,PER,Sergio Perez,Red Bull Racing,Mexico,32,13,10,1,3,False,False,6075.5,104.285,Medium,3,101.26,True
101,2022,1,Bahrain,Sakhir,Middle East,5.412,57,2022-01-09,Dry,False,ALB,Alexander Albon,Williams,Thailand,26,20,15,0,2,False,False,6087.8,104.52,Hard,5,101.46,False
101,2022,1,Bahrain,Sakhir,Middle East,5.412,57,2022-01-09,Dry,False,HAM,Lewis Hamilton,Mercedes,Great Britain,37,8,7,6,3,False,False,6041.9,106.355,Medium,1,100.7,True
101,2022,1,Bahrain,Sakhir,Middle East,5.412,57,2022-01-09,Dry,False,NOR,Lando Norris,McLaren,Great Britain,22,10,9,2,2,False,False,6024.6,106.082,Soft,1,100.41,True
101,2022,1,Bahrain,Sakhir,Middle East,5.412,57,2022-01-09,Dry,False,RUS,George Russell,Mercedes,Great Britain,24,13,14,0,1,False,False,6062.9,104.223,Medium,-1,101.05,False
101,2022,1,Bahrain,Sakhir,Middle East,5.412,57,2022-01-09,Dry,False,ALO,Fernando Alonso,Aston Martin,Spain,41,20,18,0,3,False,True,6024.6,104.404,Medium,2,100.41,False
101,2022,1,Bahrain,Sakhir,Middle East,5.412,57,2022-01-09,Dry,False,STR,Lance Stroll,Aston Martin,Canada,24,17,17,0,3,False,False,6052.1,106.126,Hard,0,100.87,False
101,2022,1,Bahrain,Sakhir,Middle East,5.412,57,2022-01-09,Dry,False,VER,Max Verstappen,Red Bull Racing,Netherlands,24,12,13,0,3,False,False,6053.1,101.103,Medium,-1,100.88,False
102,2022,2,Saudi Arabia,Jeddah,Middle East,6.174,50,2022-02-11,Dry,False,MAG,Kevin Magnussen,Haas,Denmark,30,10,5,10,1,False,False,6043.0,120.839,Hard,5,100.72,True
102,2022,2,Saudi Arabia,Jeddah,Middle East,6.174,50,2022-02-11,Dry,False,MSC,Mick Schumacher,Haas,Germany,23,15,17,0,3,False,False,6069.3,121.033,Soft,-2,101.16,False
102,2022,2,Saudi Arabia,Jeddah,Middle East,6.174,50,2022-02-11,Dry,False,ALO,Fernando Alonso,Aston Martin,Spain,41,18,14,0,2,False,False,6073.1,121.01,Medium,4,101.22,False
102,2022,2,Saudi Arabia,Jeddah,Middle East,6.174,50,2022-02-11,Dry,False,PER,Sergio Perez,Red Bull Racing,Mexico,32,20,16,0,2,False,False,6024.6,119.833,Medium,4,100.41,False
102,2022,2,Saudi Arabia,Jeddah,Middle East,6.174,50,2022-02-11,Dry,False,TSU,Yuki Tsunoda,AlphaTauri,Japan,22,4,3,15,1,False,False,6022.7,124.114,Medium,1,100.38,True
102,2022,2,Saudi Arabia,Jeddah,Middle East,6.174,50,2022-02-11,Dry,False,STR,Lance Stroll,Aston Martin,Canada,24,1,2,18,3,False,False,6052.4,121.249,Medium,-1,100.87,True
102,2022,2,Saudi Arabia,Jeddah,Middle East,6.174,50,2022-02-11,Dry,False,ALB,Alexander Albon,Williams,Thailand,26,13,11,0,1,False,False,6073.0,119.767,Soft,2,101.22,False
102,2022,2,Saudi Arabia,Jeddah,Middle East,6.174,50,2022-02-11,Dry,False,SAR,Logan Sargeant,Williams,USA,22,3,4,12,3,False,False,6033.9,120.72,Medium,-1,100.56,True
102,2022,2,Saudi Arabia,Jeddah,Middle East,6.174,50,2022-02-11,Dry,False,DEV,Nyck de Vries,AlphaTauri,Netherlands,27,3,6,8,1,False,False,6062.9,121.503,Medium,-3,101.05,True
102,2022,2,Saudi Arabia,Jeddah,Middle East,6.174,50,2022-02-11,Dry,False,RUS,George Russell,Mercedes,Great Britain,24,20,19,0,2,True,False,6091.3,118.623,Soft,1,101.52,False
102,2022,2,Saudi Arabia,Jeddah,Middle East,6.174,50,2022-02-11,Dry,False,HAM,Lewis Hamilton,Mercedes,Great Britain,37,11,9,2,2,False,False,6037.3,120.181,Hard,2,100.62,True
102,2022,2,Saudi Arabia,Jeddah,Middle East,6.174,50,2022-02-11,Dry,False,LEC,Charles Leclerc,Ferrari,Monaco,25,17,19,0,2,False,True,6024.6,119.969,Soft,-2,100.41,False
102,2022,2,Saudi Arabia,Jeddah,Middle East,6.174,50,2022-02-11,Dry,False,GAS,Pierre Gasly,Alpine,France,26,13,12,0,1,False,False,6049.0,120.822,Soft,1,100.82,False
102,2022,2,Saudi Arabia,Jeddah,Middle East,6.174,50,2022-02-11,Dry,False,SAI,Carlos Sainz,Ferrari,Spain,28,12,8,4,2,False,False,6042.0,119.816,Hard,4,100.7,True
102,2022,2,Saudi Arabia,Jeddah,Middle East,6.174,50,2022-02-11,Dry,False,BOT,Valtteri Bottas,Alfa Romeo,Finland,33,8,13,0,2,False,False,6062.1,118.233,Soft,-5,101.04,False
102,2022,2,Saudi Arabia,Jeddah,Middle East,6.174,50,2022-02-11,Dry,False,NOR,Lando Norris,McLaren,Great Britain,22,1,1,26,1,True,False,6024.6,121.43,Hard,0,100.41,True
102,2022,2,Saudi Arabia,Jeddah,Middle East,6.174,50,2022-02-11,Dry,False,VER,Max Verstappen,Red Bull Racing,Netherlands,24,2,7,6,2,False,False,6018.0,120.546,Medium,-5,100.3,True
102,2022,2,Saudi Arabia,Jeddah,Middle East,6.174,50,2022-02-11,Dry,False,HUL,Nico Hulkenberg,Haas,Germany,35,20,20,0,2,False,False,6081.9,119.51,Medium,0,101.36,False
102,2022,2,Saudi Arabia,Jeddah,Middle East,6.174,50,2022-02-11,Dry,False,ZHO,Guanyu Zhou,Alfa Romeo,China,23,14,18,0,2,False,False,6077.8,118.336,Medium,-4,101.3,False
102,2022,2,Saudi Arabia,Jeddah,Middle East,6.174,50,2022-02-11,Dry,False,OCO,Esteban Ocon,Alpine,France,26,13,15,0,2,False,False,6064.0,120.592,Medium,-2,101.07,False
103,2022,3,Australia,Melbourne,Asia Pacific,5.278,58,2022-03-07,Dry,True,ALO,Fernando Alonso,Aston Martin,Spain,41,4,1,26,2,True,False,5969.2,103.851,Medium,3,99.49,True
103,2022,3,Australia,Melbourne,Asia Pacific,5.278,58,2022-03-07,Dry,True,ZHO,Guanyu Zhou,Alfa Romeo,China,23,11,11,0,2,False,False,6010.2,103.444,Medium,0,100.17,False
103,2022,3,Australia,Melbourne,Asia Pacific,5.278,58,2022-03-07,Dry,True,STR,Lance Stroll,Aston Martin,Canada,24,18,16,0,2,False,False,6029.5,104.141,Soft,2,100.49,False
103,2022,3,Australia,Melbourne,Asia Pacific,5.278,58,2022-03-07,Dry,True,VER,Max Verstappen,Red Bull Racing,Netherlands,24,12,8,4,2,False,False,5996.7,104.067,Soft,4,99.94,True
103,2022,3,Australia,Melbourne,Asia Pacific,5.278,58,2022-03-07,Dry,True,MAG,Kevin Magnussen,Haas,Denmark,30,20,18,0,1,True,False,6037.8,102.666,Medium,2,100.63,False
103,2022,3,Australia,Melbourne,Asia Pacific,5.278,58,2022-03-07,Dry,True,SAI,Carlos Sainz,Ferrari,Spain,28,9,14,0,3,False,False,6030.7,102.005,Medium,-5,100.51,False
103,2022,3,Australia,Melbourne,Asia Pacific,5.278,58,2022-03-07,Dry,True,HUL,Nico Hulkenberg,Haas,Germany,35,19,15,0,2,False,True,6024.6,101.618,Medium,4,100.41,False
103,2022,3,Australia,Melbourne,Asia Pacific,5.278,58,2022-03-07,Dry,True,DEV,Nyck de Vries,AlphaTauri,Netherlands,27,7,4,12,1,False,False,5993.0,106.953,Medium,3,99.88,True
103,2022,3,Australia,Melbourne,Asia Pacific,5.278,58,2022-03-07,Dry,True,BOT,Valtteri Bottas,Alfa Romeo,Finland,33,20,15,0,1,False,False,6035.4,104.438,Medium,5,100.59,False
103,2022,3,Australia,Melbourne,Asia Pacific,5.278,58,2022-03-07,Dry,True,GAS,Pierre Gasly,Alpine,France,26,1,3,15,2,False,False,5966.9,100.539,Hard,-2,99.45,True
103,2022,3,Australia,Melbourne,Asia Pacific,5.278,58,2022-03-07,Dry,True,LEC,Charles Leclerc,Ferrari,Monaco,25,12,13,0,2,False,False,6020.9,104.767,Medium,-1,100.35,False
103,2022,3,Australia,Melbourne,Asia Pacific,5.278,58,2022-03-07,Dry,True,OCO,Esteban Ocon,Alpine,France,26,20,19,0,2,False,False,6033.0,102.882,Soft,1,100.55,False
103,2022,3,Australia,Melbourne,Asia Pacific,5.278,58,2022-03-07,Dry,True,PER,Sergio Perez,Red Bull Racing,Mexico,32,9,6,8,2,False,False,5978.4,103.606,Soft,3,99.64,True
103,2022,3,Australia,Melbourne,Asia Pacific,5.278,58,2022-03-07,Dry,True,HAM,Lewis Hamilton,Mercedes,Great Britain,37,13,10,1,2,False,False,6000.2,104.982,Medium,3,100.0,True
103,2022,3,Australia,Melbourne,Asia Pacific,5.278,58,2022-03-07,Dry,True,NOR,Lando Norris,McLaren,Great Britain,22,20,17,0,1,False,False,6024.4,102.493,Soft,3,100.41,False
103,2022,3,Australia,Melbourne,Asia Pacific,5.278,58,2022-03-07,Dry,True,RUS,George Russell,Mercedes,Great Britain,24,1,2,18,2,False,False,5981.5,105.497,Medium,-1,99.69,True
103,2022,3,Australia,Melbourne,Asia Pacific,5.278,58,2022-03-07,Dry,True,ALB,Alexander Albon,Williams,Thailand,26,13,9,2,2,False,False,6001.0,102.644,Medium,4,100.02,True
103,2022,3,Australia,Melbourne,Asia Pacific,5.278,58,2022-03-07,Dry,True,SAR,Logan Sargeant,Williams,USA,22,4,7,6,1,False,False,6004.7,103.117,Medium,-3,100.08,True
103,2022,3,Australia,Melbourne,Asia Pacific,5.278,58,2022-03-07,Dry,True,MSC,Mick Schumacher,Haas,Germany,23,16,12,0,2,False,False,6006.8,103.821,Hard,4,100.11,False
103,2022,3,Australia,Melbourne,Asia Pacific,5.278,58,2022-03-07,Dry,True,TSU,Yuki Tsunoda,AlphaTauri,Japan,22,10,5,10,2,False,False,5992.0,103.954,Medium,5,99.87,True
104,2022,4,Azerbaijan,Baku,Europe,6.003,51,2022-04-04,Dry,False,STR,Lance Stroll,Aston Martin,Canada,24,13,15,0,2,False,False,6028.8,117.382,Hard,-2,100.48,False
104,2022,4,Azerbaijan,Baku,Europe,6.003,51,2022-04-04,Dry,False,HUL,Nico Hulkenberg,Haas,Germany,35,14,11,0,1,False,False,6029.8,114.682,Hard,3,100.5,False
104,2022,4,Azerbaijan,Baku,Europe,6.003,51,2022-04-04,Dry,False,HAM,Lewis Hamilton,Mercedes,Great Britain,37,8,9,2,2,False,False,6020.7,116.767,Hard,-1,100.34,True
104,2022,4,Azerbaijan,Baku,Europe,6.003,51,2022-04-04,Dry,False,BOT,Valtteri Bottas,Alfa Romeo,Finland,33,11,12,0,2,False,False,6015.1,115.513,Medium,-1,100.25,False
104,2022,4,Azerbaijan,Baku,Europe,6.003,51,2022-04-04,Dry,False,SAR,Logan Sargeant,Williams,USA,22,1,2,18,2,False,False,5959.9,115.443,Soft,-1,99.33,True
104,2022,4,Azerbaijan,Baku,Europe,6.003,51,2022-04-04,Dry,False,ALB,Alexander Albon,Williams,Thailand,26,1,1,26,1,True,False,5951.8,119.272,Soft,0,99.2,True
104,2022,4,Azerbaijan,Baku,Europe,6.003,51,2022-04-04,Dry,False,RUS,George Russell,Mercedes,Great Britain,24,7,4,12,3,False,False,5996.8,116.936,Soft,3,99.95,True
104,2022,4,Azerbaijan,Baku,Europe,6.003,51,2022-04-04,Dry,False,MSC,Mick Schumacher,Haas,Germany,23,12,14,0,1,False,False,6035.1,119.797,Medium,-2,100.58,False
104,2022,4,Azerbaijan,Baku,Europe,6.003,51,2022-04-04,Dry,False,ZHO,Guanyu Zhou,Alfa Romeo,China,23,1,5,10,2,False,False,5990.2,117.041,Medium,-4,99.84,True
104,2022,4,Azerbaijan,Baku,Europe,6.003,51,2022-04-04,Dry,False,SAI,Carlos Sainz,Ferrari,Spain,28,20,20,0,3,False,False,6035.0,115.901,Medium,0,100.58,False
104,2022,4,Azerbaijan,Baku,Europe,6.003,51,2022-04-04,Dry,False,LEC,Charles Leclerc,Ferrari,Monaco,25,8,7,6,2,False,False,5972.5,118.705,Medium,1,99.54,True
104,2022,4,Azerbaijan,Baku,Europe,6.003,51,2022-04-04,Dry,False,MAG,Kevin Magnussen,Haas,Denmark,30,18,17,0,2,False,False,6039.8,117.607,Medium,1,100.66,False
104,2022,4,Azerbaijan,Baku,Europe,6.003,51,2022-04-04,Dry,False,DEV,Nyck de Vries,AlphaTauri,Netherlands,27,20,19,0,3,False,False,6064.4,116.136,Soft,1,101.07,False
104,2022,4,Azerbaijan,Baku,Europe,6.003,51,2022-04-04,Dry,False,VER,Max Verstappen,Red Bull Racing,Netherlands,24,7,3,15,2,False,False,5969.8,116.892,Soft,4,99.5,True
104,2022,4,Azerbaijan,Baku,Europe,6.003,51,2022-04-04,Dry,False,ALO,Fernando Alonso,Aston Martin,Spain,41,1,6,8,2,False,False,5973.6,119.327,Hard,-5,99.56,True
104,2022,4,Azerbaijan,Baku,Europe,6.003,51,2022-04-04,Dry,False,OCO,Esteban Ocon,Alpine,France,26,12,13,0,1,False,False,6053.2,117.574,Medium,-1,100.89,False
104,2022,4,Azerbaijan,Baku,Europe,6.003,51,2022-04-04,Dry,False,TSU,Yuki Tsunoda,AlphaTauri,Japan,22,20,18,0,1,False,False,6043.4,115.376,Medium,2,100.72,False
104,2022,4,Azerbaijan,Baku,Europe,6.003,51,2022-04-04,Dry,False,NOR,Lando Norris,McLaren,Great Britain,22,5,8,4,2,False,False,5990.1,120.126,Medium,-3,99.84,True
104,2022,4,Azerbaijan,Baku,Europe,6.003,51,2022-04-04,Dry,False,PER,Sergio Perez,Red Bull Racing,Mexico,32,19,16,0,1,False,False,6039.7,116.015,Soft,3,100.66,False
104,2022,4,Azerbaijan,Baku,Europe,6.003,51,2022-04-04,Dry,False,GAS,Pierre Gasly,Alpine,France,26,15,10,1,2,False,False,5988.4,117.432,Medium,5,99.81,True
105,2022,5,Miami,Miami,Americas,5.412,57,2022-05-18,Dry,True,ALO,Fernando Alonso,Aston Martin,Spain,41,13,10,1,2,False,False,6039.0,107.104,Soft,3,100.65,True
105,2022,5,Miami,Miami,Americas,5.412,57,2022-05-18,Dry,True,TSU,Yuki Tsunoda,AlphaTauri,Japan,22,19,15,0,2,False,False,6065.4,103.166,Medium,4,101.09,False
105,2022,5,Miami,Miami,Americas,5.412,57,2022-05-18,Dry,True,DEV,Nyck de Vries,AlphaTauri,Netherlands,27,10,13,0,2,False,False,6043.9,105.111,Soft,-3,100.73,False
105,2022,5,Miami,Miami,Americas,5.412,57,2022-05-18,Dry,True,OCO,Esteban Ocon,Alpine,France,26,4,5,10,2,False,False,6031.1,104.994,Soft,-1,100.52,True
105,2022,5,Miami,Miami,Americas,5.412,57,2022-05-18,Dry,True,BOT,Valtteri Bottas,Alfa Romeo,Finland,33,18,19,0,2,False,True,6024.6,107.354,Soft,-1,100.41,False
105,2022,5,Miami,Miami,Americas,5.412,57,2022-05-18,Dry,True,GAS,Pierre Gasly,Alpine,France,26,3,2,18,3,False,False,5990.3,105.742,Soft,1,99.84,True
105,2022,5,Miami,Miami,Americas,5.412,57,2022-05-18,Dry,True,RUS,George Russell,Mercedes,Great Britain,24,20,20,0,1,False,False,6105.4,106.639,Medium,0,101.76,False
105,2022,5,Miami,Miami,Americas,5.412,57,2022-05-18,Dry,True,MSC,Mick Schumacher,Haas,Germany,23,8,3,15,2,False,False,6041.0,105.591,Medium,5,100.68,True
105,2022,5,Miami,Miami,Americas,5.412,57,2022-05-18,Dry,True,PER,Sergio Perez,Red Bull Racing,Mexico,32,1,1,26,2,True,False,6009.7,104.819,Medium,0,100.16,True
105,2022,5,Miami,Miami,Americas,5.412,57,2022-05-18,Dry,True,STR,Lance Stroll,Aston Martin,Canada,24,4,7,6,1,False,False,6045.9,105.122,Medium,-3,100.76,True
105,2022,5,Miami,Miami,Americas,5.412,57,2022-05-18,Dry,True,HAM,Lewis Hamilton,Mercedes,Great Britain,37,1,4,12,3,False,False,6011.4,102.566,Soft,-3,100.19,True
105,2022,5,Miami,Miami,Americas,5.412,57,2022-05-18,Dry,True,HUL,Nico Hulkenberg,Haas,Germany,35,20,18,0,3,False,False,6093.9,106.782,Hard,2,101.56,False
105,2022,5,Miami,Miami,Americas,5.412,57,2022-05-18,Dry,True,SAR,Logan Sargeant,Williams,USA,22,13,9,2,3,False,False,6057.7,106.729,Soft,4,100.96,True
105,2022,5,Miami,Miami,Americas,5.412,57,2022-05-18,Dry,True,ZHO,Guanyu Zhou,Alfa Romeo,China,23,19,16,0,2,False,False,6041.0,104.784,Soft,3,100.68,False
105,2022,5,Miami,Miami,Americas,5.412,57,2022-05-18,Dry,True,LEC,Charles Leclerc,Ferrari,Monaco,25,17,14,0,2,False,False,6060.2,104.348,Medium,3,101.0,False
105,2022,5,Miami,Miami,Americas,5.412,57,2022-05-18,Dry,True,ALB,Alexander Albon,Williams,Thailand,26,20,17,0,1,False,False,6091.1,108.328,Soft,3,101.52,False
105,2022,5,Miami,Miami,Americas,5.412,57,2022-05-18,Dry,True,VER,Max Verstappen,Red Bull Racing,Netherlands,24,8,11,0,1,False,False,6080.0,105.737,Medium,-3,101.33,False
105,2022,5,Miami,Miami,Americas,5.412,57,2022-05-18,Dry,True,NOR,Lando Norris,McLaren,Great Britain,22,17,12,0,2,True,False,6048.1,107.549,Medium,5,100.8,False
105,2022,5,Miami,Miami,Americas,5.412,57,2022-05-18,Dry,True,MAG,Kevin Magnussen,Haas,Denmark,30,13,15,0,2,False,True,6024.6,105.64,Medium,-2,100.41,False
105,2022,5,Miami,Miami,Americas,5.412,57,2022-05-18,Dry,True,SAI,Carlos Sainz,Ferrari,Spain,28,14,17,0,2,False,True,6024.6,102.596,Medium,-3,100.41,False
106,2022,6,Monaco,Monte Carlo,Europe,3.337,78,2022-06-03,Dry,False,PER,Sergio Perez,Red Bull Racing,Mexico,32,9,10,1,1,False,False,5096.2,66.284,Hard,-1,84.94,True
106,2022,6,Monaco,Monte Carlo,Europe,3.337,78,2022-06-03,Dry,False,STR,Lance Stroll,Aston Martin,Canada,24,8,6,8,2,False,False,5103.1,67.017,Medium,2,85.05,True
106,2022,6,Monaco,Monte Carlo,Europe,3.337,78,2022-06-03,Dry,False,LEC,Charles Leclerc,Ferrari,Monaco,25,10,8,4,1,False,False,5053.6,64.975,Soft,2,84.23,True
106,2022,6,Monaco,Monte Carlo,Europe,3.337,78,2022-06-03,Dry,False,HUL,Nico Hulkenberg,Haas,Germany,35,6,3,15,3,False,False,5082.6,65.875,Medium,3,84.71,True
106,2022,6,Monaco,Monte Carlo,Europe,3.337,78,2022-06-03,Dry,False,MSC,Mick Schumacher,Haas,Germany,23,16,16,0,2,False,False,5149.2,64.744,Medium,0,85.82,False
106,2022,6,Monaco,Monte Carlo,Europe,3.337,78,2022-06-03,Dry,False,SAR,Logan Sargeant,Williams,USA,22,18,14,0,2,False,False,5158.2,64.249,Medium,4,85.97,False
106,2022,6,Monaco,Monte Carlo,Europe,3.337,78,2022-06-03,Dry,False,ALO,Fernando Alonso,Aston Martin,Spain,41,12,13,0,1,False,False,5152.6,61.872,Hard,-1,85.88,False
106,2022,6,Monaco,Monte Carlo,Europe,3.337,78,2022-06-03,Dry,False,ZHO,Guanyu Zhou,Alfa Romeo,China,23,16,20,0,1,False,True,6024.6,63.257,Hard,-4,100.41,False
106,2022,6,Monaco,Monte Carlo,Europe,3.337,78,2022-06-03,Dry,False,OCO,Esteban Ocon,Alpine,France,26,19,18,0,3,False,False,5133.6,63.051,Medium,1,85.56,False
106,2022,6,Monaco,Monte Carlo,Europe,3.337,78,2022-06-03,Dry,False,GAS,Pierre Gasly,Alpine,France,26,10,15,0,1,False,False,5161.6,67.815,Hard,-5,86.03,False
106,2022,6,Monaco,Monte Carlo,Europe,3.337,78,2022-06-03,Dry,False,RUS,George Russell,Mercedes,Great Britain,24,20,20,0,2,False,False,5144.8,67.174,Soft,0,85.75,False
106,2022,6,Monaco,Monte Carlo,Europe,3.337,78,2022-06-03,Dry,False,SAI,Carlos Sainz,Ferrari,Spain,28,8,5,10,2,False,False,5090.0,64.226,Hard,3,84.83,True
106,2022,6,Monaco,Monte Carlo,Europe,3.337,78,2022-06-03,Dry,False,TSU,Yuki Tsunoda,AlphaTauri,Japan,22,19,15,0,2,True,True,6024.6,66.659,Soft,4,100.41,False
106,2022,6,Monaco,Monte Carlo,Europe,3.337,78,2022-06-03,Dry,False,DEV,Nyck de Vries,AlphaTauri,Netherlands,27,9,4,12,2,False,False,6024.6,62.096,Soft,5,100.41,True
106,2022,6,Monaco,Monte Carlo,Europe,3.337,78,2022-06-03,Dry,False,VER,Max Verstappen,Red Bull Racing,Netherlands,24,3,7,6,3,False,False,5110.9,66.38,Soft,-4,85.18,True
106,2022,6,Monaco,Monte Carlo,Europe,3.337,78,2022-06-03,Dry,False,BOT,Valtteri Bottas,Alfa Romeo,Finland,33,8,11,0,1,False,False,5121.2,65.341,Hard,-3,85.35,False
106,2022,6,Monaco,Monte Carlo,Europe,3.337,78,2022-06-03,Dry,False,ALB,Alexander Albon,Williams,Thailand,26,1,2,18,2,False,False,5114.3,60.196,Hard,-1,85.24,True
106,2022,6,Monaco,Monte Carlo,Europe,3.337,78,2022-06-03,Dry,False,NOR,Lando Norris,McLaren,Great Britain,22,7,9,2,2,False,False,5103.8,65.596,Soft,-2,85.06,True
106,2022,6,Monaco,Monte Carlo,Europe,3.337,78,2022-06-03,Dry,False,HAM,Lewis Hamilton,Mercedes,Great Britain,37,12,17,0,2,False,False,5142.7,65.572,Hard,-5,85.71,False
106,2022,6,Monaco,Monte Carlo,Europe,3.337,78,2022-06-03,Dry,False,MAG,Kevin Magnussen,Haas,Denmark,30,16,19,0,1,False,False,5168.0,66.986,Medium,-3,86.13,False
107,2022,7,Spain,Barcelona,Europe,4.657,66,2022-07-13,Dry,True,STR,Lance Stroll,Aston Martin,Canada,24,11,13,0,2,False,False,6052.9,89.0,Hard,-2,100.88,False
107,2022,7,Spain,Barcelona,Europe,4.657,66,2022-07-13,Dry,True,RUS,George Russell,Mercedes,Great Britain,24,20,19,0,2,False,False,6051.6,88.885,Medium,1,100.86,False
107,2022,7,Spain,Barcelona,Europe,4.657,66,2022-07-13,Dry,True,MSC,Mick Schumacher,Haas,Germany,23,10,6,8,2,False,False,6010.0,91.265,Hard,4,100.17,True
107,2022,7,Spain,Barcelona,Europe,4.657,66,2022-07-13,Dry,True,SAR,Logan Sargeant,Williams,USA,22,14,17,0,2,False,False,6040.1,92.415,Medium,-3,100.67,False
107,2022,7,Spain,Barcelona,Europe,4.657,66,2022-07-13,Dry,True,TSU,Yuki Tsunoda,AlphaTauri,Japan,22,20,17,0,2,True,True,6024.6,94.006,Medium,3,100.41,False
107,2022,7,Spain,Barcelona,Europe,4.657,66,2022-07-13,Dry,True,VER,Max Verstappen,Red Bull Racing,Netherlands,24,13,16,0,3,False,False,6040.5,88.915,Medium,-3,100.68,False
107,2022,7,Spain,Barcelona,Europe,4.657,66,2022-07-13,Dry,True,ALB,Alexander Albon,Williams,Thailand,26,20,20,0,3,False,False,6082.4,91.625,Soft,0,101.37,False
107,2022,7,Spain,Barcelona,Europe,4.657,66,2022-07-13,Dry,True,OCO,Esteban Ocon,Alpine,France,26,13,9,2,2,False,False,6034.1,90.61,Hard,4,100.57,True
107,2022,7,Spain,Barcelona,Europe,4.657,66,2022-07-13,Dry,True,ZHO,Guanyu Zhou,Alfa Romeo,China,23,10,10,1,1,False,False,6026.4,92.556,Medium,0,100.44,True
107,2022,7,Spain,Barcelona,Europe,4.657,66,2022-07-13,Dry,True,PER,Sergio Perez,Red Bull Racing,Mexico,32,8,11,0,2,False,False,6041.8,91.469,Soft,-3,100.7,False
107,2022,7,Spain,Barcelona,Europe,4.657,66,2022-07-13,Dry,True,MAG,Kevin Magnussen,Haas,Denmark,30,4,7,6,2,False,False,6024.6,89.77,Medium,-3,100.41,True
107,2022,7,Spain,Barcelona,Europe,4.657,66,2022-07-13,Dry,True,SAI,Carlos Sainz,Ferrari,Spain,28,20,15,0,2,False,False,6065.2,86.416,Medium,5,101.09,False
107,2022,7,Spain,Barcelona,Europe,4.657,66,2022-07-13,Dry,True,GAS,Pierre Gasly,Alpine,France,26,18,17,0,2,False,True,6024.6,92.308,Soft,1,100.41,False
107,2022,7,Spain,Barcelona,Europe,4.657,66,2022-07-13,Dry,True,DEV,Nyck de Vries,AlphaTauri,Netherlands,27,6,5,10,3,False,False,6003.3,104.285,Soft,1,100.06,True
107,2022,7,Spain,Barcelona,Europe,4.657,66,2022-07-13,Dry,True,BOT,Valtteri Bottas,Alfa Romeo,Finland,33,2,1,26,3,True,False,5994.9,91.186,Medium,1,99.92,True
107,2022,7,Spain,Barcelona,Europe,4.657,66,2022-07-13,Dry,True,LEC,Charles Leclerc,Ferrari,Monaco,25,7,4,12,1,False,False,6011.8,92.607,Hard,3,100.2,True
107,2022,7,Spain,Barcelona,Europe,4.657,66,2022-07-13,Dry,True,ALO,Fernando Alonso,Aston Martin,Spain,41,20,18,0,3,False,False,6071.5,91.292,Soft,2,101.19,False
107,2022,7,Spain,Barcelona,Europe,4.657,66,2022-07-13,Dry,True,NOR,Lando Norris,McLaren,Great Britain,22,9,14,0,2,False,False,6051.9,92.654,Hard,-5,100.86,False
107,2022,7,Spain,Barcelona,Europe,4.657,66,2022-07-13,Dry,True,HUL,Nico Hulkenberg,Haas,Germany,35,1,2,18,1,False,False,5990.6,91.582,Soft,-1,99.84,True
107,2022,7,Spain,Barcelona,Europe,4.657,66,2022-07-13,Dry,True,HAM,Lewis Hamilton,Mercedes,Great Britain,37,14,12,0,2,False,False,6052.9,90.921,Medium,2,100.88,False
108,2022,8,Canada,Montreal,Americas,4.361,70,2022-08-13,Dry,True,ZHO,Guanyu Zhou,Alfa Romeo,China,23,16,13,0,3,False,False,6011.1,86.135,Soft,3,100.18,False
108,2022,8,Canada,Montreal,Americas,4.361,70,2022-08-13,Dry,True,HAM,Lewis Hamilton,Mercedes,Great Britain,37,18,16,0,2,False,True,6024.6,84.132,Hard,2,100.41,False
108,2022,8,Canada,Montreal,Americas,4.361,70,2022-08-13,Dry,True,STR,Lance Stroll,Aston Martin,Canada,24,17,18,0,2,False,True,6024.6,87.134,Medium,-1,100.41,False
108,2022,8,Canada,Montreal,Americas,4.361,70,2022-08-13,Dry,True,ALO,Fernando Alonso,Aston Martin,Spain,41,12,17,0,1,False,False,5986.1,82.389,Soft,-5,99.77,False
108,2022,8,Canada,Montreal,Americas,4.361,70,2022-08-13,Dry,True,BOT,Valtteri Bottas,Alfa Romeo,Finland,33,6,2,18,2,False,False,5957.8,86.423,Soft,4,99.3,True
108,2022,8,Canada,Montreal,Americas,4.361,70,2022-08-13,Dry,True,OCO,Esteban Ocon,Alpine,France,26,18,19,0,2,False,False,6008.0,85.09,Medium,-1,100.13,False
108,2022,8,Canada,Montreal,Americas,4.361,70,2022-08-13,Dry,True,TSU,Yuki Tsunoda,AlphaTauri,Japan,22,5,4,12,1,False,False,5964.8,85.891,Medium,1,99.41,True
108,2022,8,Canada,Montreal,Americas,4.361,70,2022-08-13,Dry,True,LEC,Charles Leclerc,Ferrari,Monaco,25,1,1,26,2,True,False,5961.6,86.373,Soft,0,99.36,True
108,2022,8,Canada,Montreal,Americas,4.361,70,2022-08-13,Dry,True,NOR,Lando Norris,McLaren,Great Britain,22,13,8,4,2,False,False,5966.9,86.439,Soft,5,99.45,True
108,2022,8,Canada,Montreal,Americas,4.361,70,2022-08-13,Dry,True,SAR,Logan Sargeant,Williams,USA,22,16,20,0,3,False,True,6024.6,83.586,Soft,-4,100.41,False
108,2022,8,Canada,Montreal,Americas,4.361,70,2022-08-13,Dry,True,ALB,Alexander Albon,Williams,Thailand,26,9,12,0,1,False,False,6003.6,83.914,Medium,-3,100.06,False
108,2022,8,Canada,Montreal,Americas,4.361,70,2022-08-13,Dry,True,PER,Sergio Perez,Red Bull Racing,Mexico,32,14,11,0,2,False,False,5985.4,83.16,Soft,3,99.76,False
108,2022,8,Canada,Montreal,Americas,4.361,70,2022-08-13,Dry,True,MAG,Kevin Magnussen,Haas,Denmark,30,10,14,0,2,False,False,5983.3,87.666,Soft,-4,99.72,False
108,2022,8,Canada,Montreal,Americas,4.361,70,2022-08-13,Dry,True,GAS,Pierre Gasly,Alpine,France,26,13,9,2,2,False,False,5977.0,84.615,Medium,4,99.62,True
108,2022,8,Canada,Montreal,Americas,4.361,70,2022-08-13,Dry,True,VER,Max Verstappen,Red Bull Racing,Netherlands,24,4,3,15,2,False,False,5944.7,86.598,Medium,1,99.08,True
108,2022,8,Canada,Montreal,Americas,4.361,70,2022-08-13,Dry,True,DEV,Nyck de Vries,AlphaTauri,Netherlands,27,8,5,10,2,False,False,5969.6,87.306,Hard,3,99.49,True
108,2022,8,Canada,Montreal,Americas,4.361,70,2022-08-13,Dry,True,MSC,Mick Schumacher,Haas,Germany,23,7,7,6,1,False,False,6000.1,85.148,Medium,0,100.0,True
108,2022,8,Canada,Montreal,Americas,4.361,70,2022-08-13,Dry,True,RUS,George Russell,Mercedes,Great Britain,24,15,18,0,2,False,False,6044.2,85.684,Medium,-3,100.74,False
108,2022,8,Canada,Montreal,Americas,4.361,70,2022-08-13,Dry,True,SAI,Carlos Sainz,Ferrari,Spain,28,20,15,0,2,False,False,6018.6,85.288,Medium,5,100.31,False
108,2022,8,Canada,Montreal,Americas,4.361,70,2022-08-13,Dry,True,HUL,Nico Hulkenberg,Haas,Germany,35,16,20,0,2,False,False,6022.7,84.311,Soft,-4,100.38,False
109,2022,9,Great Britain,Silverstone,Europe,5.891,52,2022-09-07,Mixed,False,SAI,Carlos Sainz,Ferrari,Spain,28,18,19,0,2,False,False,6045.5,113.435,Soft,-1,100.76,False
109,2022,9,Great Britain,Silverstone,Europe,5.891,52,2022-09-07,Mixed,False,ALO,Fernando Alonso,Aston Martin,Spain,41,10,9,2,2,False,False,5983.0,104.285,Medium,1,99.72,True
109,2022,9,Great Britain,Silverstone,Europe,5.891,52,2022-09-07,Mixed,False,OCO,Esteban Ocon,Alpine,France,26,1,3,15,2,False,False,5979.2,116.152,Soft,-2,99.65,True
109,2022,9,Great Britain,Silverstone,Europe,5.891,52,2022-09-07,Mixed,False,ALB,Alexander Albon,Williams,Thailand,26,1,5,10,2,False,False,5995.9,111.635,Hard,-4,99.93,True
109,2022,9,Great Britain,Silverstone,Europe,5.891,52,2022-09-07,Mixed,False,MAG,Kevin Magnussen,Haas,Denmark,30,13,14,0,1,True,False,6006.5,114.79,Soft,-1,100.11,False
109,2022,9,Great Britain,Silverstone,Europe,5.891,52,2022-09-07,Mixed,False,PER,Sergio Perez,Red Bull Racing,Mexico,32,15,11,0,2,False,False,5999.3,104.285,Medium,4,99.99,False
109,2022,9,Great Britain,Silverstone,Europe,5.891,52,2022-09-07,Mixed,False,ZHO,Guanyu Zhou,Alfa Romeo,China,23,12,17,0,1,False,False,6014.9,113.215,Medium,-5,100.25,False
109,2022,9,Great Britain,Silverstone,Europe,5.891,52,2022-09-07,Mixed,False,GAS,Pierre Gasly,Alpine,France,26,2,7,6,1,False,False,5976.2,114.225,Soft,-5,99.6,True
109,2022,9,Great Britain,Silverstone,Europe,5.891,52,2022-09-07,Mixed,False,HUL,Nico Hulkenberg,Haas,Germany,35,5,1,26,2,True,False,5971.7,114.883,Hard,4,99.53,True
109,2022,9,Great Britain,Silverstone,Europe,5.891,52,2022-09-07,Mixed,False,BOT,Valtteri Bottas,Alfa Romeo,Finland,33,20,19,0,2,False,True,6024.6,117.293,Medium,1,100.41,False
109,2022,9,Great Britain,Silverstone,Europe,5.891,52,2022-09-07,Mixed,False,VER,Max Verstappen,Red Bull Racing,Netherlands,24,19,20,0,2,False,False,6035.9,115.923,Medium,-1,100.6,False
109,2022,9,Great Britain,Silverstone,Europe,5.891,52,2022-09-07,Mixed,False,DEV,Nyck de Vries,AlphaTauri,Netherlands,27,14,18,0,1,False,False,6029.8,113.589,Soft,-4,100.5,False
109,2022,9,Great Britain,Silverstone,Europe,5.891,52,2022-09-07,Mixed,False,NOR,Lando Norris,McLaren,Great Britain,22,20,20,0,2,False,True,6024.6,117.316,Medium,0,100.41,False
109,2022,9,Great Britain,Silverstone,Europe,5.891,52,2022-09-07,Mixed,False,STR,Lance Stroll,Aston Martin,Canada,24,12,16,0,2,False,False,6061.6,115.193,Medium,-4,101.03,False
109,2022,9,Great Britain,Silverstone,Europe,5.891,52,2022-09-07,Mixed,False,RUS,George Russell,Mercedes,Great Britain,24,10,13,0,3,False,False,6014.5,111.186,Soft,-3,100.24,False
109,2022,9,Great Britain,Silverstone,Europe,5.891,52,2022-09-07,Mixed,False,TSU,Yuki Tsunoda,AlphaTauri,Japan,22,15,15,0,2,False,False,6029.7,114.847,Hard,0,100.49,False
109,2022,9,Great Britain,Silverstone,Europe,5.891,52,2022-09-07,Mixed,False,LEC,Charles Leclerc,Ferrari,Monaco,25,12,8,4,1,False,False,6013.1,115.871,Medium,4,100.22,True
109,2022,9,Great Britain,Silverstone,Europe,5.891,52,2022-09-07,Mixed,False,HAM,Lewis Hamilton,Mercedes,Great Britain,37,4,6,8,2,False,False,5978.1,113.382,Medium,-2,99.64,True
109,2022,9,Great Britain,Silverstone,Europe,5.891,52,2022-09-07,Mixed,False,MSC,Mick Schumacher,Haas,Germany,23,10,10,1,2,False,False,6006.7,116.013,Hard,0,100.11,True
109,2022,9,Great Britain,Silverstone,Europe,5.891,52,2022-09-07,Mixed,False,SAR,Logan Sargeant,Williams,USA,22,1,2,18,2,False,False,6015.8,114.894,Medium,-1,100.26,True
110,2022,10,Hungary,Budapest,Europe,4.381,70,2022-10-21,Wet,False,OCO,Esteban Ocon,Alpine,France,26,12,7,6,1,False,False,6007.0,83.867,Medium,5,100.12,True
110,2022,10,Hungary,Budapest,Europe,4.381,70,2022-10-21,Wet,False,GAS,Pierre Gasly,Alpine,France,26,10,14,0,2,False,False,6046.7,83.944,Soft,-4,100.78,False
110,2022,10,Hungary,Budapest,Europe,4.381,70,2022-10-21,Wet,False,ALO,Fernando Alonso,Aston Martin,Spain,41,13,13,0,1,False,False,6024.6,84.03,Medium,0,100.41,False
110,2022,10,Hungary,Budapest,Europe,4.381,70,2022-10-21,Wet,False,RUS,George Russell,Mercedes,Great Britain,24,17,15,0,1,False,False,6017.4,84.368,Soft,2,100.29,False
110,2022,10,Hungary,Budapest,Europe,4.381,70,2022-10-21,Wet,False,PER,Sergio Perez,Red Bull Racing,Mexico,32,9,4,12,3,False,False,6006.5,86.438,Medium,5,100.11,True
110,2022,10,Hungary,Budapest,Europe,4.381,70,2022-10-21,Wet,False,LEC,Charles Leclerc,Ferrari,Monaco,25,6,1,26,2,True,False,5984.1,84.429,Hard,5,99.74,True
110,2022,10,Hungary,Budapest,Europe,4.381,70,2022-10-21,Wet,False,BOT,Valtteri Bottas,Alfa Romeo,Finland,33,1,2,18,2,False,False,5961.8,83.322,Medium,-1,99.36,True
110,2022,10,Hungary,Budapest,Europe,4.381,70,2022-10-21,Wet,False,MSC,Mick Schumacher,Haas,Germany,23,20,20,0,2,False,False,6034.9,86.294,Medium,0,100.58,False
110,2022,10,Hungary,Budapest,Europe,4.381,70,2022-10-21,Wet,False,HUL,Nico Hulkenberg,Haas,Germany,35,4,6,8,3,False,False,5996.0,83.97,Medium,-2,99.93,True
110,2022,10,Hungary,Budapest,Europe,4.381,70,2022-10-21,Wet,False,STR,Lance Stroll,Aston Martin,Canada,24,13,16,0,3,False,False,6029.9,87.691,Soft,-3,100.5,False
110,2022,10,Hungary,Budapest,Europe,4.381,70,2022-10-21,Wet,False,SAI,Carlos Sainz,Ferrari,Spain,28,13,10,1,1,False,False,6034.6,86.561,Medium,3,100.58,True
110,2022,10,Hungary,Budapest,Europe,4.381,70,2022-10-21,Wet,False,DEV,Nyck de Vries,AlphaTauri,Netherlands,27,19,19,0,2,True,False,6060.6,85.263,Hard,0,101.01,False
110,2022,10,Hungary,Budapest,Europe,4.381,70,2022-10-21,Wet,False,MAG,Kevin Magnussen,Haas,Denmark,30,13,17,0,2,False,False,6031.9,84.17,Medium,-4,100.53,False
110,2022,10,Hungary,Budapest,Europe,4.381,70,2022-10-21,Wet,False,VER,Max Verstappen,Red Bull Racing,Netherlands,24,7,12,0,3,False,False,6036.4,84.976,Soft,-5,100.61,False
110,2022,10,Hungary,Budapest,Europe,4.381,70,2022-10-21,Wet,False,ZHO,Guanyu Zhou,Alfa Romeo,China,23,2,3,15,3,False,False,6000.0,88.734,Hard,-1,100.0,True
110,2022,10,Hungary,Budapest,Europe,4.381,70,2022-10-21,Wet,False,HAM,Lewis Hamilton,Mercedes,Great Britain,37,9,9,2,2,False,False,6018.6,87.298,Medium,0,100.31,True
110,2022,10,Hungary,Budapest,Europe,4.381,70,2022-10-21,Wet,False,ALB,Alexander Albon,Williams,Thailand,26,14,11,0,1,False,False,6028.9,84.931,Medium,3,100.48,False
110,2022,10,Hungary,Budapest,Europe,4.381,70,2022-10-21,Wet,False,TSU,Yuki Tsunoda,AlphaTauri,Japan,22,2,5,10,1,False,False,6001.1,88.326,Medium,-3,100.02,True
110,2022,10,Hungary,Budapest,Europe,4.381,70,2022-10-21,Wet,False,SAR,Logan Sargeant,Williams,USA,22,20,18,0,3,True,False,6066.8,85.381,Medium,2,101.11,False
110,2022,10,Hungary,Budapest,Europe,4.381,70,2022-10-21,Wet,False,NOR,Lando Norris,McLaren,Great Britain,22,13,8,4,2,False,False,5986.8,82.283,Medium,5,99.78,True
111,2022,11,Belgium,Spa,Europe,7.004,44,2022-11-08,Wet,False,RUS,George Russell,Mercedes,Great Britain,24,20,19,0,1,False,False,6095.2,136.847,Soft,1,101.59,False
111,2022,11,Belgium,Spa,Europe,7.004,44,2022-11-08,Wet,False,OCO,Esteban Ocon,Alpine,France,26,10,12,0,1,False,False,6057.7,135.956,Medium,-2,100.96,False
111,2022,11,Belgium,Spa,Europe,7.004,44,2022-11-08,Wet,False,NOR,Lando Norris,McLaren,Great Britain,22,8,13,0,2,False,False,6044.5,136.926,Soft,-5,100.74,False
111,2022,11,Belgium,Spa,Europe,7.004,44,2022-11-08,Wet,False,ALO,Fernando Alonso,Aston Martin,Spain,41,17,18,0,3,False,False,6088.3,136.981,Medium,-1,101.47,False
111,2022,11,Belgium,Spa,Europe,7.004,44,2022-11-08,Wet,False,MAG,Kevin Magnussen,Haas,Denmark,30,5,3,16,2,True,False,6003.9,136.28,Medium,2,100.06,True
111,2022,11,Belgium,Spa,Europe,7.004,44,2022-11-08,Wet,False,HUL,Nico Hulkenberg,Haas,Germany,35,19,20,0,1,False,False,6062.9,137.381,Soft,-1,101.05,False
111,2022,11,Belgium,Spa,Europe,7.004,44,2022-11-08,Wet,False,LEC,Charles Leclerc,Ferrari,Monaco,25,17,16,0,3,False,False,6024.6,138.373,Soft,1,100.41,False
111,2022,11,Belgium,Spa,Europe,7.004,44,2022-11-08,Wet,False,VER,Max Verstappen,Red Bull Racing,Netherlands,24,16,11,0,3,False,False,6022.8,137.57,Hard,5,100.38,False
111,2022,11,Belgium,Spa,Europe,7.004,44,2022-11-08,Wet,False,SAR,Logan Sargeant,Williams,USA,22,15,10,1,2,False,False,6024.6,136.437,Medium,5,100.41,True
111,2022,11,Belgium,Spa,Europe,7.004,44,2022-11-08,Wet,False,SAI,Carlos Sainz,Ferrari,Spain,28,14,14,0,2,False,False,6050.8,104.285,Soft,0,100.85,False
111,2022,11,Belgium,Spa,Europe,7.004,44,2022-11-08,Wet,False,PER,Sergio Perez,Red Bull Racing,Mexico,32,3,4,12,3,False,False,6037.2,136.734,Medium,-1,100.62,True
111,2022,11,Belgium,Spa,Europe,7.004,44,2022-11-08,Wet,False,GAS,Pierre Gasly,Alpine,France,26,8,6,8,3,False,False,6024.2,137.819,Hard,2,100.4,True
111,2022,11,Belgium,Spa,Europe,7.004,44,2022-11-08,Wet,False,HAM,Lewis Hamilton,Mercedes,Great Britain,37,10,9,2,2,False,False,6047.7,138.602,Soft,1,100.8,True
111,2022,11,Belgium,Spa,Europe,7.004,44,2022-11-08,Wet,False,TSU,Yuki Tsunoda,AlphaTauri,Japan,22,17,15,0,2,False,False,6072.8,134.708,Soft,2,101.21,False
111,2022,11,Belgium,Spa,Europe,7.004,44,2022-11-08,Wet,False,STR,Lance Stroll,Aston Martin,Canada,24,20,17,0,2,False,False,6024.6,133.362,Medium,3,100.41,False
111,2022,11,Belgium,Spa,Europe,7.004,44,2022-11-08,Wet,False,ZHO,Guanyu Zhou,Alfa Romeo,China,23,1,2,18,3,False,False,6007.5,134.085,Soft,-1,100.12,True
111,2022,11,Belgium,Spa,Europe,7.004,44,2022-11-08,Wet,False,ALB,Alexander Albon,Williams,Thailand,26,8,7,6,3,False,False,6026.5,137.138,Medium,1,100.44,True
111,2022,11,Belgium,Spa,Europe,7.004,44,2022-11-08,Wet,False,DEV,Nyck de Vries,AlphaTauri,Netherlands,27,6,1,26,1,True,False,6015.6,137.273,Soft,5,100.26,True
111,2022,11,Belgium,Spa,Europe,7.004,44,2022-11-08,Wet,False,BOT,Valtteri Bottas,Alfa Romeo,Finland,33,11,8,4,1,False,False,6032.5,137.929,Medium,3,100.54,True
111,2022,11,Belgium,Spa,Europe,7.004,44,2022-11-08,Wet,False,MSC,Mick Schumacher,Haas,Germany,23,10,5,10,1,False,False,6050.6,134.757,Soft,5,100.84,True
112,2022,12,Netherlands,Zandvoort,Europe,4.259,72,2022-01-02,Dry,False,ZHO,Guanyu Zhou,Alfa Romeo,China,23,13,8,4,2,False,False,6010.7,85.143,Medium,5,100.18,True
112,2022,12,Netherlands,Zandvoort,Europe,4.259,72,2022-01-02,Dry,False,RUS,George Russell,Mercedes,Great Britain,24,10,12,0,3,False,False,6008.7,83.552,Medium,-2,100.14,False
112,2022,12,Netherlands,Zandvoort,Europe,4.259,72,2022-01-02,Dry,False,NOR,Lando Norris,McLaren,Great Britain,22,1,6,8,3,False,False,5987.4,83.618,Medium,-5,99.79,True
112,2022,12,Netherlands,Zandvoort,Europe,4.259,72,2022-01-02,Dry,False,GAS,Pierre Gasly,Alpine,France,26,8,11,0,3,False,False,6010.0,80.879,Hard,-3,100.17,False
112,2022,12,Netherlands,Zandvoort,Europe,4.259,72,2022-01-02,Dry,False,ALB,Alexander Albon,Williams,Thailand,26,16,20,0,2,False,False,6071.7,81.202,Hard,-4,101.2,False
112,2022,12,Netherlands,Zandvoort,Europe,4.259,72,2022-01-02,Dry,False,MAG,Kevin Magnussen,Haas,Denmark,30,15,14,0,2,False,False,6054.8,104.285,Soft,1,100.91,False
112,2022,12,Netherlands,Zandvoort,Europe,4.259,72,2022-01-02,Dry,False,ALO,Fernando Alonso,Aston Martin,Spain,41,18,15,0,1,False,False,6055.3,85.081,Medium,3,100.92,False
112,2022,12,Netherlands,Zandvoort,Europe,4.259,72,2022-01-02,Dry,False,HAM,Lewis Hamilton,Mercedes,Great Britain,37,7,2,18,2,False,False,5969.8,80.359,Hard,5,99.5,True
112,2022,12,Netherlands,Zandvoort,Europe,4.259,72,2022-01-02,Dry,False,TSU,Yuki Tsunoda,AlphaTauri,Japan,22,15,18,0,1,False,False,6046.5,85.195,Soft,-3,100.78,False
112,2022,12,Netherlands,Zandvoort,Europe,4.259,72,2022-01-02,Dry,False,SAR,Logan Sargeant,Williams,USA,22,19,17,0,2,False,True,6024.6,81.631,Medium,2,100.41,False
112,2022,12,Netherlands,Zandvoort,Europe,4.259,72,2022-01-02,Dry,False,HUL,Nico Hulkenberg,Haas,Germany,35,14,16,0,2,False,False,6013.4,82.466,Medium,-2,100.22,False
112,2022,12,Netherlands,Zandvoort,Europe,4.259,72,2022-01-02,Dry,False,STR,Lance Stroll,Aston Martin,Canada,24,5,9,2,2,False,False,6022.6,83.039,Medium,-4,100.38,True
112,2022,12,Netherlands,Zandvoort,Europe,4.259,72,2022-01-02,Dry,False,MSC,Mick Schumacher,Haas,Germany,23,20,19,0,3,False,False,6030.9,82.219,Hard,1,100.52,False
112,2022,12,Netherlands,Zandvoort,Europe,4.259,72,2022-01-02,Dry,False,PER,Sergio Perez,Red Bull Racing,Mexico,32,1,3,15,2,False,False,5996.2,82.557,Soft,-2,99.94,True
112,2022,12,Netherlands,Zandvoort,Europe,4.259,72,2022-01-02,Dry,False,BOT,Valtteri Bottas,Alfa Romeo,Finland,33,12,13,0,2,False,False,6026.8,81.897,Soft,-1,100.45,False
112,2022,12,Netherlands,Zandvoort,Europe,4.259,72,2022-01-02,Dry,False,DEV,Nyck de Vries,AlphaTauri,Netherlands,27,5,5,10,2,False,False,5992.8,83.696,Medium,0,99.88,True
112,2022,12,Netherlands,Zandvoort,Europe,4.259,72,2022-01-02,Dry,False,SAI,Carlos Sainz,Ferrari,Spain,28,18,15,0,1,False,True,6024.6,84.275,Medium,3,100.41,False
112,2022,12,Netherlands,Zandvoort,Europe,4.259,72,2022-01-02,Dry,False,OCO,Esteban Ocon,Alpine,France,26,20,19,0,1,True,True,6024.6,104.285,Medium,1,100.41,False
112,2022,12,Netherlands,Zandvoort,Europe,4.259,72,2022-01-02,Dry,False,LEC,Charles Leclerc,Ferrari,Monaco,25,18,19,0,2,False,True,6024.6,82.677,Soft,-1,100.41,False
112,2022,12,Netherlands,Zandvoort,Europe,4.259,72,2022-01-02,Dry,False,VER,Max Verstappen,Red Bull Racing,Netherlands,24,8,4,12,1,False,False,5982.9,85.087,Soft,4,99.71,True
113,2022,13,Italy,Monza,Europe,5.793,53,2022-02-20,Wet,False,HAM,Lewis Hamilton,Mercedes,Great Britain,37,16,16,0,2,False,False,6069.3,112.064,Medium,0,101.16,False
113,2022,13,Italy,Monza,Europe,5.793,53,2022-02-20,Wet,False,TSU,Yuki Tsunoda,AlphaTauri,Japan,22,11,10,1,3,False,False,6019.7,114.618,Medium,1,100.33,True
113,2022,13,Italy,Monza,Europe,5.793,53,2022-02-20,Wet,False,VER,Max Verstappen,Red Bull Racing,Netherlands,24,11,15,0,2,False,False,6039.1,114.496,Hard,-4,100.65,False
113,2022,13,Italy,Monza,Europe,5.793,53,2022-02-20,Wet,False,NOR,Lando Norris,McLaren,Great Britain,22,12,12,0,2,False,False,6047.8,114.732,Soft,0,100.8,False
113,2022,13,Italy,Monza,Europe,5.793,53,2022-02-20,Wet,False,ZHO,Guanyu Zhou,Alfa Romeo,China,23,1,4,12,1,False,False,5990.4,111.398,Medium,-3,99.84,True
113,2022,13,Italy,Monza,Europe,5.793,53,2022-02-20,Wet,False,MAG,Kevin Magnussen,Haas,Denmark,30,4,9,2,2,False,False,6011.1,114.523,Soft,-5,100.18,True
113,2022,13,Italy,Monza,Europe,5.793,53,2022-02-20,Wet,False,SAR,Logan Sargeant,Williams,USA,22,19,18,0,1,False,False,6040.1,115.36,Medium,1,100.67,False
113,2022,13,Italy,Monza,Europe,5.793,53,2022-02-20,Wet,False,HUL,Nico Hulkenberg,Haas,Germany,35,2,6,8,2,False,False,6037.3,112.436,Soft,-4,100.62,True
113,2022,13,Italy,Monza,Europe,5.793,53,2022-02-20,Wet,False,STR,Lance Stroll,Aston Martin,Canada,24,1,3,15,2,False,False,6002.9,114.714,Medium,-2,100.05,True
113,2022,13,Italy,Monza,Europe,5.793,53,2022-02-20,Wet,False,RUS,George Russell,Mercedes,Great Britain,24,19,20,0,2,False,False,6022.6,110.847,Medium,-1,100.38,False
113,2022,13,Italy,Monza,Europe,5.793,53,2022-02-20,Wet,False,PER,Sergio Perez,Red Bull Racing,Mexico,32,9,7,6,2,False,False,6007.7,114.527,Medium,2,100.13,True
113,2022,13,Italy,Monza,Europe,5.793,53,2022-02-20,Wet,False,ALB,Alexander Albon,Williams,Thailand,26,14,17,0,2,False,False,6044.3,108.002,Medium,-3,100.74,False
113,2022,13,Italy,Monza,Europe,5.793,53,2022-02-20,Wet,False,OCO,Esteban Ocon,Alpine,France,26,4,5,10,2,False,False,5999.1,116.789,Hard,-1,99.98,True
113,2022,13,Italy,Monza,Europe,5.793,53,2022-02-20,Wet,False,BOT,Valtteri Bottas,Alfa Romeo,Finland,33,3,8,4,1,False,False,5997.8,110.882,Soft,-5,99.96,True
113,2022,13,Italy,Monza,Europe,5.793,53,2022-02-20,Wet,False,SAI,Carlos Sainz,Ferrari,Spain,28,12,13,0,2,False,False,6037.3,116.218,Soft,-1,100.62,False
113,2022,13,Italy,Monza,Europe,5.793,53,2022-02-20,Wet,False,ALO,Fernando Alonso,Aston Martin,Spain,41,10,14,0,1,False,False,6006.9,111.701,Medium,-4,100.12,False
113,2022,13,Italy,Monza,Europe,5.793,53,2022-02-20,Wet,False,MSC,Mick Schumacher,Haas,Germany,23,20,19,0,2,False,False,6081.3,113.233,Medium,1,101.36,False
113,2022,13,Italy,Monza,Europe,5.793,53,2022-02-20,Wet,False,DEV,Nyck de Vries,AlphaTauri,Netherlands,27,1,1,26,1,True,False,5968.9,116.304,Medium,0,99.48,True
113,2022,13,Italy,Monza,Europe,5.793,53,2022-02-20,Wet,False,LEC,Charles Leclerc,Ferrari,Monaco,25,6,2,18,3,False,False,5992.2,111.851,Soft,4,99.87,True
113,2022,13,Italy,Monza,Europe,5.793,53,2022-02-20,Wet,False,GAS,Pierre Gasly,Alpine,France,26,8,11,0,2,False,False,6035.1,116.655,Hard,-3,100.58,False
114,2022,14,Singapore,Marina Bay,Asia Pacific,5.063,61,2022-03-14,Dry,True,ALO,Fernando Alonso,Aston Martin,Spain,41,16,11,0,3,False,False,6068.1,99.026,Medium,5,101.14,False
114,2022,14,Singapore,Marina Bay,Asia Pacific,5.063,61,2022-03-14,Dry,True,LEC,Charles Leclerc,Ferrari,Monaco,25,4,7,6,2,False,False,6028.3,98.788,Medium,-3,100.47,True
114,2022,14,Singapore,Marina Bay,Asia Pacific,5.063,61,2022-03-14,Dry,True,MSC,Mick Schumacher,Haas,Germany,23,5,10,1,1,False,False,6055.4,100.956,Soft,-5,100.92,True
114,2022,14,Singapore,Marina Bay,Asia Pacific,5.063,61,2022-03-14,Dry,True,TSU,Yuki Tsunoda,AlphaTauri,Japan,22,1,2,18,1,False,False,6020.7,96.622,Medium,-1,100.34,True
114,2022,14,Singapore,Marina Bay,Asia Pacific,5.063,61,2022-03-14,Dry,True,ALB,Alexander Albon,Williams,Thailand,26,19,18,0,2,False,False,6106.8,101.491,Hard,1,101.78,False
114,2022,14,Singapore,Marina Bay,Asia Pacific,5.063,61,2022-03-14,Dry,True,OCO,Esteban Ocon,Alpine,France,26,17,12,0,2,False,False,6024.6,98.942,Medium,5,100.41,False
114,2022,14,Singapore,Marina Bay,Asia Pacific,5.063,61,2022-03-14,Dry,True,PER,Sergio Perez,Red Bull Racing,Mexico,32,18,16,0,2,False,False,6082.0,104.285,Soft,2,101.37,False
114,2022,14,Singapore,Marina Bay,Asia Pacific,5.063,61,2022-03-14,Dry,True,DEV,Nyck de Vries,AlphaTauri,Netherlands,27,1,4,12,1,False,False,6002.0,98.56,Medium,-3,100.03,True
114,2022,14,Singapore,Marina Bay,Asia Pacific,5.063,61,2022-03-14,Dry,True,MAG,Kevin Magnussen,Haas,Denmark,30,10,14,0,3,False,False,6074.2,98.565,Hard,-4,101.24,False
114,2022,14,Singapore,Marina Bay,Asia Pacific,5.063,61,2022-03-14,Dry,True,ZHO,Guanyu Zhou,Alfa Romeo,China,23,12,13,0,1,False,False,6072.3,97.798,Soft,-1,101.2,False
114,2022,14,Singapore,Marina Bay,Asia Pacific,5.063,61,2022-03-14,Dry,True,RUS,George Russell,Mercedes,Great Britain,24,11,9,2,1,False,False,6090.9,99.206,Medium,2,101.52,True
114,2022,14,Singapore,Marina Bay,Asia Pacific,5.063,61,2022-03-14,Dry,True,SAR,Logan Sargeant,Williams,USA,22,20,15,0,3,False,False,6059.7,104.285,Soft,5,100.99,False
114,2022,14,Singapore,Marina Bay,Asia Pacific,5.063,61,2022-03-14,Dry,True,BOT,Valtteri Bottas,Alfa Romeo,Finland,33,1,1,26,2,True,False,6022.8,98.19,Soft,0,100.38,True
114,2022,14,Singapore,Marina Bay,Asia Pacific,5.063,61,2022-03-14,Dry,True,HAM,Lewis Hamilton,Mercedes,Great Britain,37,16,18,0,2,False,True,6024.6,96.892,Soft,-2,100.41,False
114,2022,14,Singapore,Marina Bay,Asia Pacific,5.063,61,2022-03-14,Dry,True,NOR,Lando Norris,McLaren,Great Britain,22,13,8,4,1,False,False,6038.1,100.09,Hard,5,100.64,True
114,2022,14,Singapore,Marina Bay,Asia Pacific,5.063,61,2022-03-14,Dry,True,SAI,Carlos Sainz,Ferrari,Spain,28,17,17,0,2,False,False,6086.6,97.722,Hard,0,101.44,False
114,2022,14,Singapore,Marina Bay,Asia Pacific,5.063,61,2022-03-14,Dry,True,STR,Lance Stroll,Aston Martin,Canada,24,7,6,8,2,False,False,6062.5,104.285,Medium,1,101.04,True
114,2022,14,Singapore,Marina Bay,Asia Pacific,5.063,61,2022-03-14,Dry,True,GAS,Pierre Gasly,Alpine,France,26,8,3,15,2,False,False,6016.6,98.463,Hard,5,100.28,True
114,2022,14,Singapore,Marina Bay,Asia Pacific,5.063,61,2022-03-14,Dry,True,HUL,Nico Hulkenberg,Haas,Germany,35,20,19,0,2,False,False,6093.6,99.378,Soft,1,101.56,False
114,2022,14,Singapore,Marina Bay,Asia Pacific,5.063,61,2022-03-14,Dry,True,VER,Max Verstappen,Red Bull Racing,Netherlands,24,2,5,10,2,False,False,6046.9,98.805,Medium,-3,100.78,True
115,2022,15,Japan,Suzuka,Asia Pacific,5.807,53,2022-04-03,Dry,False,SAI,Carlos Sainz,Ferrari,Spain,28,11,13,0,2,False,False,6044.0,113.104,Hard,-2,100.73,False
115,2022,15,Japan,Suzuka,Asia Pacific,5.807,53,2022-04-03,Dry,False,LEC,Charles Leclerc,Ferrari,Monaco,25,8,11,0,2,False,False,6037.3,112.857,Medium,-3,100.62,False
115,2022,15,Japan,Suzuka,Asia Pacific,5.807,53,2022-04-03,Dry,False,GAS,Pierre Gasly,Alpine,France,26,4,2,18,1,False,False,5987.0,112.552,Medium,2,99.78,True
115,2022,15,Japan,Suzuka,Asia Pacific,5.807,53,2022-04-03,Dry,False,RUS,George Russell,Mercedes,Great Britain,24,18,17,0,1,True,False,6069.4,112.776,Hard,1,101.16,False
115,2022,15,Japan,Suzuka,Asia Pacific,5.807,53,2022-04-03,Dry,False,PER,Sergio Perez,Red Bull Racing,Mexico,32,19,16,0,1,False,True,6024.6,112.659,Soft,3,100.41,False
115,2022,15,Japan,Suzuka,Asia Pacific,5.807,53,2022-04-03,Dry,False,ALO,Fernando Alonso,Aston Martin,Spain,41,13,10,1,2,False,False,6068.0,104.285,Hard,3,101.13,True
115,2022,15,Japan,Suzuka,Asia Pacific,5.807,53,2022-04-03,Dry,False,HAM,Lewis Hamilton,Mercedes,Great Britain,37,7,7,7,3,True,False,6032.7,111.022,Medium,0,100.54,True
115,2022,15,Japan,Suzuka,Asia Pacific,5.807,53,2022-04-03,Dry,False,TSU,Yuki Tsunoda,AlphaTauri,Japan,22,12,9,2,3,False,False,6030.8,112.781,Medium,3,100.51,True
115,2022,15,Japan,Suzuka,Asia Pacific,5.807,53,2022-04-03,Dry,False,STR,Lance Stroll,Aston Martin,Canada,24,7,3,15,2,False,False,6024.1,115.145,Soft,4,100.4,True
115,2022,15,Japan,Suzuka,Asia Pacific,5.807,53,2022-04-03,Dry,False,MSC,Mick Schumacher,Haas,Germany,23,16,20,0,2,False,False,6100.0,112.192,Hard,-4,101.67,False
115,2022,15,Japan,Suzuka,Asia Pacific,5.807,53,2022-04-03,Dry,False,VER,Max Verstappen,Red Bull Racing,Netherlands,24,20,18,0,2,False,False,6050.2,104.285,Soft,2,100.84,False
115,2022,15,Japan,Suzuka,Asia Pacific,5.807,53,2022-04-03,Dry,False,ALB,Alexander Albon,Williams,Thailand,26,2,1,26,2,True,False,6000.4,116.124,Soft,1,100.01,True
115,2022,15,Japan,Suzuka,Asia Pacific,5.807,53,2022-04-03,Dry,False,BOT,Valtteri Bottas,Alfa Romeo,Finland,33,17,16,0,2,False,False,6040.9,114.24,Medium,1,100.68,False
115,2022,15,Japan,Suzuka,Asia Pacific,5.807,53,2022-04-03,Dry,False,DEV,Nyck de Vries,AlphaTauri,Netherlands,27,13,12,0,1,False,False,6024.6,113.313,Medium,1,100.41,False
115,2022,15,Japan,Suzuka,Asia Pacific,5.807,53,2022-04-03,Dry,False,ZHO,Guanyu Zhou,Alfa Romeo,China,23,9,5,10,2,False,False,6033.0,114.533,Medium,4,100.55,True
115,2022,15,Japan,Suzuka,Asia Pacific,5.807,53,2022-04-03,Dry,False,OCO,Esteban Ocon,Alpine,France,26,6,8,4,2,False,False,6014.5,111.572,Medium,-2,100.24,True
115,2022,15,Japan,Suzuka,Asia Pacific,5.807,53,2022-04-03,Dry,False,MAG,Kevin Magnussen,Haas,Denmark,30,4,6,8,3,False,False,6021.5,114.351,Medium,-2,100.36,True
115,2022,15,Japan,Suzuka,Asia Pacific,5.807,53,2022-04-03,Dry,False,NOR,Lando Norris,McLaren,Great Britain,22,20,19,0,1,False,False,6037.9,112.56,Hard,1,100.63,False
115,2022,15,Japan,Suzuka,Asia Pacific,5.807,53,2022-04-03,Dry,False,SAR,Logan Sargeant,Williams,USA,22,20,18,0,1,False,True,6024.6,116.41,Medium,2,100.41,False
115,2022,15,Japan,Suzuka,Asia Pacific,5.807,53,2022-04-03,Dry,False,HUL,Nico Hulkenberg,Haas,Germany,35,15,14,0,1,False,False,6047.9,112.63,Medium,1,100.8,False
116,2022,16,United States,Austin,Americas,5.513,56,2022-05-05,Wet,True,NOR,Lando Norris,McLaren,Great Britain,22,1,4,12,1,False,False,6033.4,108.059,Soft,-3,100.56,True
116,2022,16,United States,Austin,Americas,5.513,56,2022-05-05,Wet,True,ZHO,Guanyu Zhou,Alfa Romeo,China,23,11,15,0,3,False,False,6064.2,106.051,Hard,-4,101.07,False
116,2022,16,United States,Austin,Americas,5.513,56,2022-05-05,Wet,True,STR,Lance Stroll,Aston Martin,Canada,24,15,14,0,1,False,False,6040.3,107.98,Medium,1,100.67,False
116,2022,16,United States,Austin,Americas,5.513,56,2022-05-05,Wet,True,RUS,George Russell,Mercedes,Great Britain,24,3,7,6,2,False,False,6062.5,109.577,Soft,-4,101.04,True
116,2022,16,United States,Austin,Americas,5.513,56,2022-05-05,Wet,True,ALO,Fernando Alonso,Aston Martin,Spain,41,12,9,2,3,False,False,6084.3,110.931,Medium,3,101.4,True
116,2022,16,United States,Austin,Americas,5.513,56,2022-05-05,Wet,True,SAR,Logan Sargeant,Williams,USA,22,18,17,0,1,False,True,6024.6,108.943,Medium,1,100.41,False
116,2022,16,United States,Austin,Americas,5.513,56,2022-05-05,Wet,True,GAS,Pierre Gasly,Alpine,France,26,12,13,0,1,False,False,6079.6,106.414,Soft,-1,101.33,False
116,2022,16,United States,Austin,Americas,5.513,56,2022-05-05,Wet,True,SAI,Carlos Sainz,Ferrari,Spain,28,15,20,0,3,False,False,6104.9,107.999,Soft,-5,101.75,False
116,2022,16,United States,Austin,Americas,5.513,56,2022-05-05,Wet,True,DEV,Nyck de Vries,AlphaTauri,Netherlands,27,14,17,0,2,False,False,6080.0,107.893,Medium,-3,101.33,False
116,2022,16,United States,Austin,Americas,5.513,56,2022-05-05,Wet,True,MSC,Mick Schumacher,Haas,Germany,23,4,2,18,2,False,False,6031.8,108.139,Medium,2,100.53,True
116,2022,16,United States,Austin,Americas,5.513,56,2022-05-05,Wet,True,VER,Max Verstappen,Red Bull Racing,Netherlands,24,7,5,10,2,False,False,6046.4,105.378,Hard,2,100.77,True
116,2022,16,United States,Austin,Americas,5.513,56,2022-05-05,Wet,True,HUL,Nico Hulkenberg,Haas,Germany,35,3,1,26,2,True,False,6013.0,104.285,Medium,2,100.22,True
116,2022,16,United States,Austin,Americas,5.513,56,2022-05-05,Wet,True,PER,Sergio Perez,Red Bull Racing,Mexico,32,4,3,15,3,False,False,6071.9,107.942,Soft,1,101.2,True
116,2022,16,United States,Austin,Americas,5.513,56,2022-05-05,Wet,True,OCO,Esteban Ocon,Alpine,France,26,4,6,8,2,False,False,6027.3,107.85,Medium,-2,100.46,True
116,2022,16,United States,Austin,Americas,5.513,56,2022-05-05,Wet,True,HAM,Lewis Hamilton,Mercedes,Great Britain,37,13,8,4,2,False,False,6055.4,106.025,Medium,5,100.92,True
116,2022,16,United States,Austin,Americas,5.513,56,2022-05-05,Wet,True,MAG,Kevin Magnussen,Haas,Denmark,30,20,16,0,2,False,False,6073.5,107.915,Soft,4,101.22,False
116,2022,16,United States,Austin,Americas,5.513,56,2022-05-05,Wet,True,TSU,Yuki Tsunoda,AlphaTauri,Japan,22,13,10,1,2,False,False,6068.8,108.238,Soft,3,101.15,True
116,2022,16,United States,Austin,Americas,5.513,56,2022-05-05,Wet,True,LEC,Charles Leclerc,Ferrari,Monaco,25,18,19,0,3,False,False,6114.0,108.018,Hard,-1,101.9,False
116,2022,16,United States,Austin,Americas,5.513,56,2022-05-05,Wet,True,BOT,Valtteri Bottas,Alfa Romeo,Finland,33,9,11,0,3,False,False,6093.9,104.285,Medium,-2,101.56,False
116,2022,16,United States,Austin,Americas,5.513,56,2022-05-05,Wet,True,ALB,Alexander Albon,Williams,Thailand,26,15,20,0,3,False,True,6024.6,106.224,Medium,-5,100.41,False
117,2022,17,Mexico,Mexico City,Americas,4.304,71,2022-06-01,Mixed,False,HUL,Nico Hulkenberg,Haas,Germany,35,17,15,0,2,False,False,6021.3,83.995,Soft,2,100.36,False
117,2022,17,Mexico,Mexico City,Americas,4.304,71,2022-06-01,Mixed,False,OCO,Esteban Ocon,Alpine,France,26,13,10,1,1,False,False,6018.0,81.578,Hard,3,100.3,True
117,2022,17,Mexico,Mexico City,Americas,4.304,71,2022-06-01,Mixed,False,HAM,Lewis Hamilton,Mercedes,Great Britain,37,18,17,0,3,False,True,6024.6,84.497,Soft,1,100.41,False
117,2022,17,Mexico,Mexico City,Americas,4.304,71,2022-06-01,Mixed,False,TSU,Yuki Tsunoda,AlphaTauri,Japan,22,18,17,0,2,False,False,6012.5,85.975,Medium,1,100.21,False
117,2022,17,Mexico,Mexico City,Americas,4.304,71,2022-06-01,Mixed,False,ALB,Alexander Albon,Williams,Thailand,26,12,14,0,2,False,False,5997.1,83.854,Soft,-2,99.95,False
117,2022,17,Mexico,Mexico City,Americas,4.304,71,2022-06-01,Mixed,False,SAR,Logan Sargeant,Williams,USA,22,13,16,0,2,False,False,6006.4,82.769,Medium,-3,100.11,False
117,2022,17,Mexico,Mexico City,Americas,4.304,71,2022-06-01,Mixed,False,ALO,Fernando Alonso,Aston Martin,Spain,41,12,13,0,2,False,False,6001.9,82.436,Medium,-1,100.03,False
117,2022,17,Mexico,Mexico City,Americas,4.304,71,2022-06-01,Mixed,False,PER,Sergio Perez,Red Bull Racing,Mexico,32,9,6,8,2,False,False,5983.5,84.098,Medium,3,99.72,True
117,2022,17,Mexico,Mexico City,Americas,4.304,71,2022-06-01,Mixed,False,SAI,Carlos Sainz,Ferrari,Spain,28,6,4,12,2,False,False,5966.5,81.797,Medium,2,99.44,True
117,2022,17,Mexico,Mexico City,Americas,4.304,71,2022-06-01,Mixed,False,VER,Max Verstappen,Red Bull Racing,Netherlands,24,4,8,4,2,False,False,5972.8,83.393,Medium,-4,99.55,True
117,2022,17,Mexico,Mexico City,Americas,4.304,71,2022-06-01,Mixed,False,STR,Lance Stroll,Aston Martin,Canada,24,19,16,0,2,False,True,6024.6,85.092,Soft,3,100.41,False
117,2022,17,Mexico,Mexico City,Americas,4.304,71,2022-06-01,Mixed,False,NOR,Lando Norris,McLaren,Great Britain,22,7,9,2,2,False,False,6008.4,81.961,Hard,-2,100.14,True
117,2022,17,Mexico,Mexico City,Americas,4.304,71,2022-06-01,Mixed,False,GAS,Pierre Gasly,Alpine,France,26,13,18,0,2,False,False,6009.7,83.01,Soft,-5,100.16,False
117,2022,17,Mexico,Mexico City,Americas,4.304,71,2022-06-01,Mixed,False,DEV,Nyck de Vries,AlphaTauri,Netherlands,27,4,7,6,2,False,False,5978.8,84.6,Medium,-3,99.65,True
117,2022,17,Mexico,Mexico City,Americas,4.304,71,2022-06-01,Mixed,False,ZHO,Guanyu Zhou,Alfa Romeo,China,23,16,12,0,2,False,False,6023.3,85.522,Medium,4,100.39,False
117,2022,17,Mexico,Mexico City,Americas,4.304,71,2022-06-01,Mixed,False,LEC,Charles Leclerc,Ferrari,Monaco,25,20,20,0,2,False,False,6029.9,82.303,Medium,0,100.5,False
117,2022,17,Mexico,Mexico City,Americas,4.304,71,2022-06-01,Mixed,False,BOT,Valtteri Bottas,Alfa Romeo,Finland,33,1,3,16,2,True,False,5962.4,84.086,Soft,-2,99.37,True
117,2022,17,Mexico,Mexico City,Americas,4.304,71,2022-06-01,Mixed,False,RUS,George Russell,Mercedes,Great Britain,24,1,1,26,3,True,False,5953.0,83.798,Soft,0,99.22,True
117,2022,17,Mexico,Mexico City,Americas,4.304,71,2022-06-01,Mixed,False,MAG,Kevin Magnussen,Haas,Denmark,30,1,2,18,2,False,False,5981.3,82.945,Soft,-1,99.69,True
117,2022,17,Mexico,Mexico City,Americas,4.304,71,2022-06-01,Mixed,False,MSC,Mick Schumacher,Haas,Germany,23,13,11,0,3,False,False,6001.6,84.496,Medium,2,100.03,False
118,2022,18,Brazil,Sao Paulo,Americas,4.309,71,2022-07-11,Wet,True,DEV,Nyck de Vries,AlphaTauri,Netherlands,27,20,15,0,3,False,False,6004.7,84.672,Medium,5,100.08,False
118,2022,18,Brazil,Sao Paulo,Americas,4.309,71,2022-07-11,Wet,True,ZHO,Guanyu Zhou,Alfa Romeo,China,23,20,18,0,2,False,True,6024.6,81.989,Soft,2,100.41,False
118,2022,18,Brazil,Sao Paulo,Americas,4.309,71,2022-07-11,Wet,True,SAI,Carlos Sainz,Ferrari,Spain,28,20,16,0,1,False,True,6024.6,85.125,Medium,4,100.41,False
118,2022,18,Brazil,Sao Paulo,Americas,4.309,71,2022-07-11,Wet,True,ALO,Fernando Alonso,Aston Martin,Spain,41,6,7,7,2,True,False,6002.5,84.204,Medium,-1,100.04,True
118,2022,18,Brazil,Sao Paulo,Americas,4.309,71,2022-07-11,Wet,True,SAR,Logan Sargeant,Williams,USA,22,5,1,26,1,True,False,5956.3,86.52,Soft,4,99.27,True
118,2022,18,Brazil,Sao Paulo,Americas,4.309,71,2022-07-11,Wet,True,PER,Sergio Perez,Red Bull Racing,Mexico,32,11,6,8,3,False,False,5997.8,81.578,Soft,5,99.96,True
118,2022,18,Brazil,Sao Paulo,Americas,4.309,71,2022-07-11,Wet,True,TSU,Yuki Tsunoda,AlphaTauri,Japan,22,14,11,0,2,False,False,6005.7,83.042,Medium,3,100.1,False
118,2022,18,Brazil,Sao Paulo,Americas,4.309,71,2022-07-11,Wet,True,GAS,Pierre Gasly,Alpine,France,26,1,4,12,2,False,False,6010.7,83.98,Medium,-3,100.18,True
118,2022,18,Brazil,Sao Paulo,Americas,4.309,71,2022-07-11,Wet,True,LEC,Charles Leclerc,Ferrari,Monaco,25,16,17,0,1,False,True,6024.6,86.43,Medium,-1,100.41,False
118,2022,18,Brazil,Sao Paulo,Americas,4.309,71,2022-07-11,Wet,True,HAM,Lewis Hamilton,Mercedes,Great Britain,37,4,3,15,1,False,False,5966.3,84.91,Medium,1,99.44,True
118,2022,18,Brazil,Sao Paulo,Americas,4.309,71,2022-07-11,Wet,True,VER,Max Verstappen,Red Bull Racing,Netherlands,24,20,17,0,3,False,False,6025.2,84.824,Medium,3,100.42,False
118,2022,18,Brazil,Sao Paulo,Americas,4.309,71,2022-07-11,Wet,True,MAG,Kevin Magnussen,Haas,Denmark,30,1,2,18,1,False,False,5960.4,86.371,Medium,-1,99.34,True
118,2022,18,Brazil,Sao Paulo,Americas,4.309,71,2022-07-11,Wet,True,ALB,Alexander Albon,Williams,Thailand,26,16,18,0,2,False,False,6028.8,85.401,Hard,-2,100.48,False
118,2022,18,Brazil,Sao Paulo,Americas,4.309,71,2022-07-11,Wet,True,OCO,Esteban Ocon,Alpine,France,26,8,10,1,2,False,False,5962.3,82.292,Medium,-2,99.37,True
118,2022,18,Brazil,Sao Paulo,Americas,4.309,71,2022-07-11,Wet,True,NOR,Lando Norris,McLaren,Great Britain,22,9,12,0,2,False,False,6004.6,85.129,Hard,-3,100.08,False
118,2022,18,Brazil,Sao Paulo,Americas,4.309,71,2022-07-11,Wet,True,MSC,Mick Schumacher,Haas,Germany,23,14,16,0,2,False,False,6026.0,82.504,Soft,-2,100.43,False
118,2022,18,Brazil,Sao Paulo,Americas,4.309,71,2022-07-11,Wet,True,RUS,George Russell,Mercedes,Great Britain,24,13,13,0,1,False,False,5991.3,82.223,Soft,0,99.86,False
118,2022,18,Brazil,Sao Paulo,Americas,4.309,71,2022-07-11,Wet,True,STR,Lance Stroll,Aston Martin,Canada,24,20,20,0,2,False,False,6031.8,83.878,Soft,0,100.53,False
118,2022,18,Brazil,Sao Paulo,Americas,4.309,71,2022-07-11,Wet,True,HUL,Nico Hulkenberg,Haas,Germany,35,2,5,10,1,False,False,5992.3,85.301,Hard,-3,99.87,True
118,2022,18,Brazil,Sao Paulo,Americas,4.309,71,2022-07-11,Wet,True,BOT,Valtteri Bottas,Alfa Romeo,Finland,33,10,9,2,1,False,False,5994.3,83.665,Hard,1,99.9,True
119,2022,19,Abu Dhabi,Yas Marina,Middle East,5.281,55,2022-08-01,Dry,False,ALO,Fernando Alonso,Aston Martin,Spain,41,8,7,6,2,False,False,5676.3,100.801,Medium,1,94.6,True
119,2022,19,Abu Dhabi,Yas Marina,Middle East,5.281,55,2022-08-01,Dry,False,RUS,George Russell,Mercedes,Great Britain,24,11,14,0,2,False,False,5710.0,104.227,Soft,-3,95.17,False
119,2022,19,Abu Dhabi,Yas Marina,Middle East,5.281,55,2022-08-01,Dry,False,SAR,Logan Sargeant,Williams,USA,22,5,3,15,2,False,False,5648.9,105.702,Medium,2,94.15,True
119,2022,19,Abu Dhabi,Yas Marina,Middle East,5.281,55,2022-08-01,Dry,False,ZHO,Guanyu Zhou,Alfa Romeo,China,23,8,10,1,3,False,False,6024.6,102.648,Soft,-2,100.41,True
119,2022,19,Abu Dhabi,Yas Marina,Middle East,5.281,55,2022-08-01,Dry,False,STR,Lance Stroll,Aston Martin,Canada,24,17,16,0,2,False,False,5752.1,101.344,Hard,1,95.87,False
119,2022,19,Abu Dhabi,Yas Marina,Middle East,5.281,55,2022-08-01,Dry,False,SAI,Carlos Sainz,Ferrari,Spain,28,11,8,4,2,False,False,5700.8,97.983,Medium,3,95.01,True
119,2022,19,Abu Dhabi,Yas Marina,Middle East,5.281,55,2022-08-01,Dry,False,HAM,Lewis Hamilton,Mercedes,Great Britain,37,17,15,0,1,False,False,5698.7,101.468,Hard,2,94.98,False
119,2022,19,Abu Dhabi,Yas Marina,Middle East,5.281,55,2022-08-01,Dry,False,LEC,Charles Leclerc,Ferrari,Monaco,25,6,9,2,2,False,False,5686.7,101.542,Medium,-3,94.78,True
119,2022,19,Abu Dhabi,Yas Marina,Middle East,5.281,55,2022-08-01,Dry,False,DEV,Nyck de Vries,AlphaTauri,Netherlands,27,16,13,0,2,True,False,5691.7,100.955,Medium,3,94.86,False
119,2022,19,Abu Dhabi,Yas Marina,Middle East,5.281,55,2022-08-01,Dry,False,BOT,Valtteri Bottas,Alfa Romeo,Finland,33,4,2,18,2,False,False,5657.9,104.285,Hard,2,94.3,True
119,2022,19,Abu Dhabi,Yas Marina,Middle East,5.281,55,2022-08-01,Dry,False,MSC,Mick Schumacher,Haas,Germany,23,5,1,26,2,True,False,5707.3,100.675,Medium,4,95.12,True
119,2022,19,Abu Dhabi,Yas Marina,Middle East,5.281,55,2022-08-01,Dry,False,ALB,Alexander Albon,Williams,Thailand,26,16,20,0,3,False,True,6024.6,105.659,Medium,-4,100.41,False
119,2022,19,Abu Dhabi,Yas Marina,Middle East,5.281,55,2022-08-01,Dry,False,HUL,Nico Hulkenberg,Haas,Germany,35,20,20,0,2,False,False,5739.9,101.81,Hard,0,95.66,False
119,2022,19,Abu Dhabi,Yas Marina,Middle East,5.281,55,2022-08-01,Dry,False,PER,Sergio Perez,Red Bull Racing,Mexico,32,17,17,0,2,False,False,5715.4,101.859,Hard,0,95.26,False
119,2022,19,Abu Dhabi,Yas Marina,Middle East,5.281,55,2022-08-01,Dry,False,GAS,Pierre Gasly,Alpine,France,26,20,18,0,2,False,False,5711.5,105.145,Medium,2,95.19,False
119,2022,19,Abu Dhabi,Yas Marina,Middle East,5.281,55,2022-08-01,Dry,False,OCO,Esteban Ocon,Alpine,France,26,14,19,0,2,False,False,5733.3,102.625,Hard,-5,95.56,False
119,2022,19,Abu Dhabi,Yas Marina,Middle East,5.281,55,2022-08-01,Dry,False,NOR,Lando Norris,McLaren,Great Britain,22,4,5,10,1,False,False,5655.0,106.131,Medium,-1,94.25,True
119,2022,19,Abu Dhabi,Yas Marina,Middle East,5.281,55,2022-08-01,Dry,False,VER,Max Verstappen,Red Bull Racing,Netherlands,24,13,18,0,2,False,True,6024.6,103.281,Soft,-5,100.41,False
119,2022,19,Abu Dhabi,Yas Marina,Middle East,5.281,55,2022-08-01,Dry,False,TSU,Yuki Tsunoda,AlphaTauri,Japan,22,14,12,0,3,False,False,5725.9,102.76,Hard,2,95.43,False
119,2022,19,Abu Dhabi,Yas Marina,Middle East,5.281,55,2022-08-01,Dry,False,MAG,Kevin Magnussen,Haas,Denmark,30,9,4,12,3,False,False,5693.3,103.127,Hard,5,94.89,True
120,2022,20,China,Shanghai,Asia Pacific,5.451,56,2022-09-21,Dry,False,OCO,Esteban Ocon,Alpine,France,26,20,19,0,2,False,True,6024.6,106.343,Soft,1,100.41,False
120,2022,20,China,Shanghai,Asia Pacific,5.451,56,2022-09-21,Dry,False,MAG,Kevin Magnussen,Haas,Denmark,30,20,19,0,2,False,False,6016.0,107.028,Soft,1,100.27,False
120,2022,20,China,Shanghai,Asia Pacific,5.451,56,2022-09-21,Dry,False,LEC,Charles Leclerc,Ferrari,Monaco,25,15,17,0,1,False,False,6009.1,107.855,Soft,-2,100.15,False
120,2022,20,China,Shanghai,Asia Pacific,5.451,56,2022-09-21,Dry,False,PER,Sergio Perez,Red Bull Racing,Mexico,32,3,5,10,3,False,False,5984.0,105.934,Soft,-2,99.73,True
120,2022,20,China,Shanghai,Asia Pacific,5.451,56,2022-09-21,Dry,False,ZHO,Guanyu Zhou,Alfa Romeo,China,23,7,6,8,2,False,False,6024.6,105.782,Soft,1,100.41,True
120,2022,20,China,Shanghai,Asia Pacific,5.451,56,2022-09-21,Dry,False,GAS,Pierre Gasly,Alpine,France,26,13,11,0,3,False,False,5997.0,108.971,Medium,2,99.95,False
120,2022,20,China,Shanghai,Asia Pacific,5.451,56,2022-09-21,Dry,False,VER,Max Verstappen,Red Bull Racing,Netherlands,24,17,15,0,3,False,True,6024.6,106.8,Medium,2,100.41,False
120,2022,20,China,Shanghai,Asia Pacific,5.451,56,2022-09-21,Dry,False,ALO,Fernando Alonso,Aston Martin,Spain,41,14,16,0,2,False,False,6007.3,107.13,Soft,-2,100.12,False
120,2022,20,China,Shanghai,Asia Pacific,5.451,56,2022-09-21,Dry,False,SAR,Logan Sargeant,Williams,USA,22,4,2,18,2,False,False,5935.2,104.285,Medium,2,98.92,True
120,2022,20,China,Shanghai,Asia Pacific,5.451,56,2022-09-21,Dry,False,HUL,Nico Hulkenberg,Haas,Germany,35,20,20,0,2,True,True,6024.6,109.019,Soft,0,100.41,False
120,2022,20,China,Shanghai,Asia Pacific,5.451,56,2022-09-21,Dry,False,TSU,Yuki Tsunoda,AlphaTauri,Japan,22,16,14,0,3,False,False,6009.6,106.408,Medium,2,100.16,False
120,2022,20,China,Shanghai,Asia Pacific,5.451,56,2022-09-21,Dry,False,MSC,Mick Schumacher,Haas,Germany,23,7,9,2,2,False,False,5984.1,106.622,Medium,-2,99.74,True
120,2022,20,China,Shanghai,Asia Pacific,5.451,56,2022-09-21,Dry,False,RUS,George Russell,Mercedes,Great Britain,24,2,7,6,3,False,False,6011.3,106.828,Soft,-5,100.19,True
120,2022,20,China,Shanghai,Asia Pacific,5.451,56,2022-09-21,Dry,False,NOR,Lando Norris,McLaren,Great Britain,22,12,8,4,3,False,False,5976.8,105.589,Hard,4,99.61,True
120,2022,20,China,Shanghai,Asia Pacific,5.451,56,2022-09-21,Dry,False,STR,Lance Stroll,Aston Martin,Canada,24,1,4,12,1,False,False,6024.6,108.532,Soft,-3,100.41,True
120,2022,20,China,Shanghai,Asia Pacific,5.451,56,2022-09-21,Dry,False,SAI,Carlos Sainz,Ferrari,Spain,28,19,15,0,2,False,False,6012.9,105.898,Medium,4,100.21,False
120,2022,20,China,Shanghai,Asia Pacific,5.451,56,2022-09-21,Dry,False,DEV,Nyck de Vries,AlphaTauri,Netherlands,27,20,20,0,2,False,True,6024.6,105.254,Medium,0,100.41,False
120,2022,20,China,Shanghai,Asia Pacific,5.451,56,2022-09-21,Dry,False,BOT,Valtteri Bottas,Alfa Romeo,Finland,33,20,20,0,1,False,False,6043.8,107.458,Medium,0,100.73,False
120,2022,20,China,Shanghai,Asia Pacific,5.451,56,2022-09-21,Dry,False,ALB,Alexander Albon,Williams,Thailand,26,17,18,0,1,False,False,6007.9,106.222,Hard,-1,100.13,False
120,2022,20,China,Shanghai,Asia Pacific,5.451,56,2022-09-21,Dry,False,HAM,Lewis Hamilton,Mercedes,Great Britain,37,18,13,0,3,False,False,6024.6,104.285,Medium,5,100.41,False
121,2022,21,Qatar,Lusail,Middle East,5.38,57,2022-10-05,Dry,True,GAS,Pierre Gasly,Alpine,France,26,17,17,0,2,False,True,6024.6,104.896,Medium,0,100.41,False
121,2022,21,Qatar,Lusail,Middle East,5.38,57,2022-10-05,Dry,True,PER,Sergio Perez,Red Bull Racing,Mexico,32,8,8,5,3,True,False,5998.5,107.01,Medium,0,99.98,True
121,2022,21,Qatar,Lusail,Middle East,5.38,57,2022-10-05,Dry,True,MAG,Kevin Magnussen,Haas,Denmark,30,20,18,0,2,False,False,6026.6,108.588,Soft,2,100.44,False
121,2022,21,Qatar,Lusail,Middle East,5.38,57,2022-10-05,Dry,True,HUL,Nico Hulkenberg,Haas,Germany,35,15,15,0,3,False,True,6024.6,104.361,Medium,0,100.41,False
121,2022,21,Qatar,Lusail,Middle East,5.38,57,2022-10-05,Dry,True,ALO,Fernando Alonso,Aston Martin,Spain,41,17,15,0,2,False,False,6016.1,102.887,Soft,2,100.27,False
121,2022,21,Qatar,Lusail,Middle East,5.38,57,2022-10-05,Dry,True,SAR,Logan Sargeant,Williams,USA,22,1,1,26,2,True,False,5993.6,106.631,Soft,0,99.89,True
121,2022,21,Qatar,Lusail,Middle East,5.38,57,2022-10-05,Dry,True,OCO,Esteban Ocon,Alpine,France,26,20,16,0,2,False,False,6033.9,106.166,Hard,4,100.56,False
121,2022,21,Qatar,Lusail,Middle East,5.38,57,2022-10-05,Dry,True,NOR,Lando Norris,McLaren,Great Britain,22,20,20,0,1,False,False,6062.6,105.145,Hard,0,101.04,False
121,2022,21,Qatar,Lusail,Middle East,5.38,57,2022-10-05,Dry,True,MSC,Mick Schumacher,Haas,Germany,23,20,16,0,2,False,True,6024.6,104.859,Medium,4,100.41,False
121,2022,21,Qatar,Lusail,Middle East,5.38,57,2022-10-05,Dry,True,DEV,Nyck de Vries,AlphaTauri,Netherlands,27,12,13,0,2,False,False,6033.5,104.825,Hard,-1,100.56,False
121,2022,21,Qatar,Lusail,Middle East,5.38,57,2022-10-05,Dry,True,LEC,Charles Leclerc,Ferrari,Monaco,25,4,4,12,3,False,False,5976.9,104.536,Soft,0,99.62,True
121,2022,21,Qatar,Lusail,Middle East,5.38,57,2022-10-05,Dry,True,RUS,George Russell,Mercedes,Great Britain,24,10,10,1,3,False,False,6015.9,107.067,Soft,0,100.26,True
121,2022,21,Qatar,Lusail,Middle East,5.38,57,2022-10-05,Dry,True,BOT,Valtteri Bottas,Alfa Romeo,Finland,33,14,14,0,3,False,False,6011.5,104.307,Medium,0,100.19,False
121,2022,21,Qatar,Lusail,Middle East,5.38,57,2022-10-05,Dry,True,VER,Max Verstappen,Red Bull Racing,Netherlands,24,12,17,0,1,False,True,6024.6,103.249,Soft,-5,100.41,False
121,2022,21,Qatar,Lusail,Middle East,5.38,57,2022-10-05,Dry,True,TSU,Yuki Tsunoda,AlphaTauri,Japan,22,12,9,2,2,False,False,6019.0,100.437,Medium,3,100.32,True
121,2022,21,Qatar,Lusail,Middle East,5.38,57,2022-10-05,Dry,True,HAM,Lewis Hamilton,Mercedes,Great Britain,37,7,11,0,2,False,False,6025.5,105.222,Soft,-4,100.42,False
121,2022,21,Qatar,Lusail,Middle East,5.38,57,2022-10-05,Dry,True,STR,Lance Stroll,Aston Martin,Canada,24,6,7,6,2,False,False,5995.0,104.11,Soft,-1,99.92,True
121,2022,21,Qatar,Lusail,Middle East,5.38,57,2022-10-05,Dry,True,ALB,Alexander Albon,Williams,Thailand,26,2,6,8,2,False,False,6016.7,104.285,Medium,-4,100.28,True
121,2022,21,Qatar,Lusail,Middle East,5.38,57,2022-10-05,Dry,True,SAI,Carlos Sainz,Ferrari,Spain,28,10,12,0,2,False,False,6016.5,104.31,Hard,-2,100.28,False
121,2022,21,Qatar,Lusail,Middle East,5.38,57,2022-10-05,Dry,True,ZHO,Guanyu Zhou,Alfa Romeo,China,23,6,3,15,2,False,False,5990.6,106.439,Soft,3,99.84,True
122,2022,22,Las Vegas,Las Vegas,Americas,6.201,50,2022-11-02,Mixed,False,HUL,Nico Hulkenberg,Haas,Germany,35,17,14,0,3,False,False,6105.0,123.428,Soft,3,101.75,False
122,2022,22,Las Vegas,Las Vegas,Americas,6.201,50,2022-11-02,Mixed,False,DEV,Nyck de Vries,AlphaTauri,Netherlands,27,20,20,0,2,False,False,6124.4,120.84,Medium,0,102.07,False
122,2022,22,Las Vegas,Las Vegas,Americas,6.201,50,2022-11-02,Mixed,False,PER,Sergio Perez,Red Bull Racing,Mexico,32,14,17,0,1,False,False,6103.3,119.313,Soft,-3,101.72,False
122,2022,22,Las Vegas,Las Vegas,Americas,6.201,50,2022-11-02,Mixed,False,MAG,Kevin Magnussen,Haas,Denmark,30,6,10,1,3,False,False,6085.5,121.57,Medium,-4,101.42,True
122,2022,22,Las Vegas,Las Vegas,Americas,6.201,50,2022-11-02,Mixed,False,VER,Max Verstappen,Red Bull Racing,Netherlands,24,1,4,13,2,True,False,6054.8,122.634,Hard,-3,100.91,True
122,2022,22,Las Vegas,Las Vegas,Americas,6.201,50,2022-11-02,Mixed,False,OCO,Esteban Ocon,Alpine,France,26,6,8,4,2,False,False,6063.5,119.245,Soft,-2,101.06,True
122,2022,22,Las Vegas,Las Vegas,Americas,6.201,50,2022-11-02,Mixed,False,SAR,Logan Sargeant,Williams,USA,22,11,15,0,1,False,False,6082.4,121.083,Medium,-4,101.37,False
122,2022,22,Las Vegas,Las Vegas,Americas,6.201,50,2022-11-02,Mixed,False,NOR,Lando Norris,McLaren,Great Britain,22,4,7,6,3,False,False,6076.0,120.242,Medium,-3,101.27,True
122,2022,22,Las Vegas,Las Vegas,Americas,6.201,50,2022-11-02,Mixed,False,MSC,Mick Schumacher,Haas,Germany,23,20,16,0,2,False,False,6105.9,120.116,Medium,4,101.76,False
122,2022,22,Las Vegas,Las Vegas,Americas,6.201,50,2022-11-02,Mixed,False,RUS,George Russell,Mercedes,Great Britain,24,9,9,2,2,False,False,6079.0,119.611,Medium,0,101.32,True
122,2022,22,Las Vegas,Las Vegas,Americas,6.201,50,2022-11-02,Mixed,False,STR,Lance Stroll,Aston Martin,Canada,24,1,3,15,2,False,False,6047.2,119.994,Soft,-2,100.79,True
122,2022,22,Las Vegas,Las Vegas,Americas,6.201,50,2022-11-02,Mixed,False,SAI,Carlos Sainz,Ferrari,Spain,28,1,2,18,2,False,False,6058.4,121.238,Medium,-1,100.97,True
122,2022,22,Las Vegas,Las Vegas,Americas,6.201,50,2022-11-02,Mixed,False,TSU,Yuki Tsunoda,AlphaTauri,Japan,22,8,5,10,3,False,False,6055.0,119.373,Medium,3,100.92,True
122,2022,22,Las Vegas,Las Vegas,Americas,6.201,50,2022-11-02,Mixed,False,ALO,Fernando Alonso,Aston Martin,Spain,41,11,6,8,2,False,False,6049.3,119.493,Soft,5,100.82,True
122,2022,22,Las Vegas,Las Vegas,Americas,6.201,50,2022-11-02,Mixed,False,GAS,Pierre Gasly,Alpine,France,26,2,1,26,1,True,False,6044.5,121.098,Hard,1,100.74,True
122,2022,22,Las Vegas,Las Vegas,Americas,6.201,50,2022-11-02,Mixed,False,ALB,Alexander Albon,Williams,Thailand,26,14,11,0,2,False,False,6107.0,123.219,Medium,3,101.78,False
122,2022,22,Las Vegas,Las Vegas,Americas,6.201,50,2022-11-02,Mixed,False,HAM,Lewis Hamilton,Mercedes,Great Britain,37,14,13,0,3,False,False,6096.2,120.758,Hard,1,101.6,False
122,2022,22,Las Vegas,Las Vegas,Americas,6.201,50,2022-11-02,Mixed,False,ZHO,Guanyu Zhou,Alfa Romeo,China,23,16,18,0,2,False,False,6107.6,120.312,Soft,-2,101.79,False
122,2022,22,Las Vegas,Las Vegas,Americas,6.201,50,2022-11-02,Mixed,False,LEC,Charles Leclerc,Ferrari,Monaco,25,20,20,0,2,False,True,6024.6,120.94,Medium,0,100.41,False
122,2022,22,Las Vegas,Las Vegas,Americas,6.201,50,2022-11-02,Mixed,False,BOT,Valtteri Bottas,Alfa Romeo,Finland,33,13,12,0,2,False,False,6068.4,119.119,Soft,1,101.14,False
123,2022,23,Austria,Spielberg,Europe,4.318,71,2022-01-07,Mixed,True,ALB,Alexander Albon,Williams,Thailand,26,8,7,6,2,False,False,6011.5,82.398,Soft,1,100.19,True
123,2022,23,Austria,Spielberg,Europe,4.318,71,2022-01-07,Mixed,True,GAS,Pierre Gasly,Alpine,France,26,1,5,10,3,False,False,6017.3,84.837,Soft,-4,100.29,True
123,2022,23,Austria,Spielberg,Europe,4.318,71,2022-01-07,Mixed,True,STR,Lance Stroll,Aston Martin,Canada,24,3,2,18,2,False,False,5984.5,82.906,Hard,1,99.74,True
123,2022,23,Austria,Spielberg,Europe,4.318,71,2022-01-07,Mixed,True,NOR,Lando Norris,McLaren,Great Britain,22,17,15,0,1,False,False,6015.4,84.777,Soft,2,100.26,False
123,2022,23,Austria,Spielberg,Europe,4.318,71,2022-01-07,Mixed,True,MSC,Mick Schumacher,Haas,Germany,23,1,1,26,3,True,False,5986.4,84.395,Medium,0,99.77,True
123,2022,23,Austria,Spielberg,Europe,4.318,71,2022-01-07,Mixed,True,HAM,Lewis Hamilton,Mercedes,Great Britain,37,8,8,4,3,False,False,6014.4,83.913,Medium,0,100.24,True
123,2022,23,Austria,Spielberg,Europe,4.318,71,2022-01-07,Mixed,True,TSU,Yuki Tsunoda,AlphaTauri,Japan,22,17,16,0,1,False,False,6055.6,83.028,Soft,1,100.93,False
123,2022,23,Austria,Spielberg,Europe,4.318,71,2022-01-07,Mixed,True,HUL,Nico Hulkenberg,Haas,Germany,35,6,3,15,1,False,False,5986.8,83.094,Soft,3,99.78,True
123,2022,23,Austria,Spielberg,Europe,4.318,71,2022-01-07,Mixed,True,LEC,Charles Leclerc,Ferrari,Monaco,25,17,12,0,3,False,False,6035.2,84.604,Medium,5,100.59,False
123,2022,23,Austria,Spielberg,Europe,4.318,71,2022-01-07,Mixed,True,DEV,Nyck de Vries,AlphaTauri,Netherlands,27,18,19,0,1,False,True,6024.6,83.29,Medium,-1,100.41,False
123,2022,23,Austria,Spielberg,Europe,4.318,71,2022-01-07,Mixed,True,MAG,Kevin Magnussen,Haas,Denmark,30,16,13,0,3,False,False,6023.2,81.327,Medium,3,100.39,False
123,2022,23,Austria,Spielberg,Europe,4.318,71,2022-01-07,Mixed,True,OCO,Esteban Ocon,Alpine,France,26,19,14,0,2,False,False,6029.8,82.148,Soft,5,100.5,False
123,2022,23,Austria,Spielberg,Europe,4.318,71,2022-01-07,Mixed,True,SAR,Logan Sargeant,Williams,USA,22,14,19,0,3,False,False,6045.0,104.285,Hard,-5,100.75,False
123,2022,23,Austria,Spielberg,Europe,4.318,71,2022-01-07,Mixed,True,SAI,Carlos Sainz,Ferrari,Spain,28,18,20,0,3,False,False,6040.1,83.157,Soft,-2,100.67,False
123,2022,23,Austria,Spielberg,Europe,4.318,71,2022-01-07,Mixed,True,PER,Sergio Perez,Red Bull Racing,Mexico,32,20,17,0,3,False,False,6029.4,84.486,Hard,3,100.49,False
123,2022,23,Austria,Spielberg,Europe,4.318,71,2022-01-07,Mixed,True,BOT,Valtteri Bottas,Alfa Romeo,Finland,33,4,4,12,1,False,False,5983.8,84.338,Medium,0,99.73,True
123,2022,23,Austria,Spielberg,Europe,4.318,71,2022-01-07,Mixed,True,ALO,Fernando Alonso,Aston Martin,Spain,41,6,6,8,2,False,False,6001.4,83.391,Medium,0,100.02,True
123,2022,23,Austria,Spielberg,Europe,4.318,71,2022-01-07,Mixed,True,VER,Max Verstappen,Red Bull Racing,Netherlands,24,20,18,0,1,False,False,6027.7,85.952,Soft,2,100.46,False
123,2022,23,Austria,Spielberg,Europe,4.318,71,2022-01-07,Mixed,True,ZHO,Guanyu Zhou,Alfa Romeo,China,23,20,20,0,1,False,True,6024.6,83.776,Soft,0,100.41,False
123,2022,23,Austria,Spielberg,Europe,4.318,71,2022-01-07,Mixed,True,RUS,George Russell,Mercedes,Great Britain,24,13,16,0,2,False,True,6024.6,84.721,Soft,-3,100.41,False
124,2022,24,France,Le Castellet,Europe,5.842,53,2022-02-20,Dry,False,DEV,Nyck de Vries,AlphaTauri,Netherlands,27,5,6,8,2,False,False,6078.5,114.192,Medium,-1,101.31,True
124,2022,24,France,Le Castellet,Europe,5.842,53,2022-02-20,Dry,False,PER,Sergio Perez,Red Bull Racing,Mexico,32,18,14,0,1,False,False,6083.2,114.465,Soft,4,101.39,False
124,2022,24,France,Le Castellet,Europe,5.842,53,2022-02-20,Dry,False,STR,Lance Stroll,Aston Martin,Canada,24,11,10,1,1,False,False,6069.9,112.471,Medium,1,101.16,True
124,2022,24,France,Le Castellet,Europe,5.842,53,2022-02-20,Dry,False,NOR,Lando Norris,McLaren,Great Britain,22,8,13,0,2,False,False,6067.6,112.681,Hard,-5,101.13,False
124,2022,24,France,Le Castellet,Europe,5.842,53,2022-02-20,Dry,False,ALB,Alexander Albon,Williams,Thailand,26,12,17,0,2,False,False,6132.5,112.967,Soft,-5,102.21,False
124,2022,24,France,Le Castellet,Europe,5.842,53,2022-02-20,Dry,False,TSU,Yuki Tsunoda,AlphaTauri,Japan,22,4,4,12,3,False,False,6069.1,113.692,Soft,0,101.15,True
124,2022,24,France,Le Castellet,Europe,5.842,53,2022-02-20,Dry,False,VER,Max Verstappen,Red Bull Racing,Netherlands,24,12,16,0,2,False,False,6095.8,113.026,Soft,-4,101.6,False
124,2022,24,France,Le Castellet,Europe,5.842,53,2022-02-20,Dry,False,LEC,Charles Leclerc,Ferrari,Monaco,25,13,8,4,2,False,False,6081.7,104.285,Medium,5,101.36,True
124,2022,24,France,Le Castellet,Europe,5.842,53,2022-02-20,Dry,False,MSC,Mick Schumacher,Haas,Germany,23,8,9,2,3,False,False,6088.0,113.861,Hard,-1,101.47,True
124,2022,24,France,Le Castellet,Europe,5.842,53,2022-02-20,Dry,False,OCO,Esteban Ocon,Alpine,France,26,18,17,0,2,True,True,6024.6,112.95,Soft,1,100.41,False
124,2022,24,France,Le Castellet,Europe,5.842,53,2022-02-20,Dry,False,ZHO,Guanyu Zhou,Alfa Romeo,China,23,20,18,0,2,False,False,6095.2,114.547,Medium,2,101.59,False
124,2022,24,France,Le Castellet,Europe,5.842,53,2022-02-20,Dry,False,RUS,George Russell,Mercedes,Great Britain,24,6,11,0,2,False,False,6095.2,114.475,Soft,-5,101.59,False
124,2022,24,France,Le Castellet,Europe,5.842,53,2022-02-20,Dry,False,GAS,Pierre Gasly,Alpine,France,26,20,19,0,3,False,False,6111.3,113.436,Soft,1,101.86,False
124,2022,24,France,Le Castellet,Europe,5.842,53,2022-02-20,Dry,False,HAM,Lewis Hamilton,Mercedes,Great Britain,37,13,12,0,2,False,False,6083.0,113.289,Soft,1,101.38,False
124,2022,24,France,Le Castellet,Europe,5.842,53,2022-02-20,Dry,False,MAG,Kevin Magnussen,Haas,Denmark,30,7,3,15,3,False,False,6048.1,113.497,Medium,4,100.8,True
124,2022,24,France,Le Castellet,Europe,5.842,53,2022-02-20,Dry,False,SAR,Logan Sargeant,Williams,USA,22,10,7,6,3,False,False,6068.3,111.313,Medium,3,101.14,True
124,2022,24,France,Le Castellet,Europe,5.842,53,2022-02-20,Dry,False,SAI,Carlos Sainz,Ferrari,Spain,28,15,20,0,2,False,False,6118.3,112.48,Soft,-5,101.97,False
124,2022,24,France,Le Castellet,Europe,5.842,53,2022-02-20,Dry,False,HUL,Nico Hulkenberg,Haas,Germany,35,5,2,18,1,False,False,6041.9,116.203,Soft,3,100.7,True
124,2022,24,France,Le Castellet,Europe,5.842,53,2022-02-20,Dry,False,ALO,Fernando Alonso,Aston Martin,Spain,41,4,1,26,2,True,False,6041.8,112.002,Soft,3,100.7,True
124,2022,24,France,Le Castellet,Europe,5.842,53,2022-02-20,Dry,False,BOT,Valtteri Bottas,Alfa Romeo,Finland,33,1,5,10,2,False,False,6027.2,112.598,Medium,-4,100.45,True
125,2022,25,Portugal,Portimao,Europe,4.684,66,2022-03-13,Dry,False,STR,Lance Stroll,Aston Martin,Canada,24,1,2,18,1,False,False,6024.9,92.747,Hard,-1,100.42,True
125,2022,25,Portugal,Portimao,Europe,4.684,66,2022-03-13,Dry,False,MSC,Mick Schumacher,Haas,Germany,23,17,17,0,2,False,False,6087.4,92.078,Soft,0,101.46,False
125,2022,25,Portugal,Portimao,Europe,4.684,66,2022-03-13,Dry,False,PER,Sergio Perez,Red Bull Racing,Mexico,32,4,6,8,2,False,False,6025.8,90.16,Medium,-2,100.43,True
125,2022,25,Portugal,Portimao,Europe,4.684,66,2022-03-13,Dry,False,SAR,Logan Sargeant,Williams,USA,22,10,11,0,2,False,False,6082.2,90.024,Soft,-1,101.37,False
125,2022,25,Portugal,Portimao,Europe,4.684,66,2022-03-13,Dry,False,RUS,George Russell,Mercedes,Great Britain,24,2,1,26,1,True,False,6040.1,92.02,Hard,1,100.67,True
125,2022,25,Portugal,Portimao,Europe,4.684,66,2022-03-13,Dry,False,VER,Max Verstappen,Red Bull Racing,Netherlands,24,8,10,1,2,False,False,6092.6,91.4,Medium,-2,101.54,True
125,2022,25,Portugal,Portimao,Europe,4.684,66,2022-03-13,Dry,False,HAM,Lewis Hamilton,Mercedes,Great Britain,37,10,14,0,1,False,False,6104.1,90.678,Hard,-4,101.74,False
125,2022,25,Portugal,Portimao,Europe,4.684,66,2022-03-13,Dry,False,MAG,Kevin Magnussen,Haas,Denmark,30,11,16,0,2,False,False,6059.7,91.731,Medium,-5,100.99,False
125,2022,25,Portugal,Portimao,Europe,4.684,66,2022-03-13,Dry,False,LEC,Charles Leclerc,Ferrari,Monaco,25,14,19,0,2,False,False,6114.9,94.467,Soft,-5,101.92,False
125,2022,25,Portugal,Portimao,Europe,4.684,66,2022-03-13,Dry,False,SAI,Carlos Sainz,Ferrari,Spain,28,16,16,0,3,False,True,6024.6,92.437,Medium,0,100.41,False
125,2022,25,Portugal,Portimao,Europe,4.684,66,2022-03-13,Dry,False,DEV,Nyck de Vries,AlphaTauri,Netherlands,27,20,18,0,2,False,False,6068.4,93.955,Soft,2,101.14,False
125,2022,25,Portugal,Portimao,Europe,4.684,66,2022-03-13,Dry,False,TSU,Yuki Tsunoda,AlphaTauri,Japan,22,3,4,12,1,False,False,6034.7,90.734,Medium,-1,100.58,True
125,2022,25,Portugal,Portimao,Europe,4.684,66,2022-03-13,Dry,False,ALO,Fernando Alonso,Aston Martin,Spain,41,12,9,2,2,False,False,6062.1,90.011,Medium,3,101.04,True
125,2022,25,Portugal,Portimao,Europe,4.684,66,2022-03-13,Dry,False,BOT,Valtteri Bottas,Alfa Romeo,Finland,33,14,13,0,2,False,False,6024.6,91.96,Medium,1,100.41,False
125,2022,25,Portugal,Portimao,Europe,4.684,66,2022-03-13,Dry,False,ZHO,Guanyu Zhou,Alfa Romeo,China,23,20,20,0,2,False,False,6110.6,90.088,Medium,0,101.84,False
125,2022,25,Portugal,Portimao,Europe,4.684,66,2022-03-13,Dry,False,HUL,Nico Hulkenberg,Haas,Germany,35,5,5,10,2,False,False,6048.5,90.36,Soft,0,100.81,True
125,2022,25,Portugal,Portimao,Europe,4.684,66,2022-03-13,Dry,False,ALB,Alexander Albon,Williams,Thailand,26,10,12,0,2,False,False,6084.6,92.331,Medium,-2,101.41,False
125,2022,25,Portugal,Portimao,Europe,4.684,66,2022-03-13,Dry,False,NOR,Lando Norris,McLaren,Great Britain,22,5,3,16,1,True,False,6028.3,91.408,Medium,2,100.47,True
125,2022,25,Portugal,Portimao,Europe,4.684,66,2022-03-13,Dry,False,OCO,Esteban Ocon,Alpine,France,26,11,8,4,1,False,False,6083.1,91.511,Hard,3,101.38,True
125,2022,25,Portugal,Portimao,Europe,4.684,66,2022-03-13,Dry,False,GAS,Pierre Gasly,Alpine,France,26,12,15,0,2,False,False,6081.0,91.743,Medium,-3,101.35,False
126,2023,1,Bahrain,Sakhir,Middle East,5.412,57,2023-01-05,Wet,False,HAM,Lewis Hamilton,Mercedes,Great Britain,38,14,11,0,2,False,False,6070.6,105.283,Soft,3,101.18,False
126,2023,1,Bahrain,Sakhir,Middle East,5.412,57,2023-01-05,Wet,False,GAS,Pierre Gasly,Alpine,France,27,20,20,0,2,False,False,6086.8,106.66,Medium,0,101.45,False
126,2023,1,Bahrain,Sakhir,Middle East,5.412,57,2023-01-05,Wet,False,STR,Lance Stroll,Aston Martin,Canada,25,7,6,8,3,False,False,6029.9,108.025,Hard,1,100.5,True
126,2023,1,Bahrain,Sakhir,Middle East,5.412,57,2023-01-05,Wet,False,DEV,Nyck de Vries,AlphaTauri,Netherlands,28,20,20,0,2,False,True,6024.6,104.343,Medium,0,100.41,False
126,2023,1,Bahrain,Sakhir,Middle East,5.412,57,2023-01-05,Wet,False,MSC,Mick Schumacher,Haas,Germany,24,15,15,0,3,True,False,6053.1,107.002,Soft,0,100.88,False
126,2023,1,Bahrain,Sakhir,Middle East,5.412,57,2023-01-05,Wet,False,OCO,Esteban Ocon,Alpine,France,27,8,12,0,2,False,False,6057.1,104.205,Medium,-4,100.95,False
126,2023,1,Bahrain,Sakhir,Middle East,5.412,57,2023-01-05,Wet,False,SAI,Carlos Sainz,Ferrari,Spain,29,1,1,26,1,True,False,6003.0,107.513,Medium,0,100.05,True
126,2023,1,Bahrain,Sakhir,Middle East,5.412,57,2023-01-05,Wet,False,ZHO,Guanyu Zhou,Alfa Romeo,China,24,19,19,0,1,False,False,6092.1,105.244,Soft,0,101.54,False
126,2023,1,Bahrain,Sakhir,Middle East,5.412,57,2023-01-05,Wet,False,ALO,Fernando Alonso,Aston Martin,Spain,42,13,17,0,1,False,False,6096.7,107.046,Medium,-4,101.61,False
126,2023,1,Bahrain,Sakhir,Middle East,5.412,57,2023-01-05,Wet,False,BOT,Valtteri Bottas,Alfa Romeo,Finland,34,1,2,18,3,False,False,6024.6,106.519,Medium,-1,100.41,True
126,2023,1,Bahrain,Sakhir,Middle East,5.412,57,2023-01-05,Wet,False,RUS,George Russell,Mercedes,Great Britain,25,20,18,0,1,False,False,6083.7,104.524,Soft,2,101.4,False
126,2023,1,Bahrain,Sakhir,Middle East,5.412,57,2023-01-05,Wet,False,MAG,Kevin Magnussen,Haas,Denmark,31,18,13,0,2,False,False,6041.5,105.033,Hard,5,100.69,False
126,2023,1,Bahrain,Sakhir,Middle East,5.412,57,2023-01-05,Wet,False,ALB,Alexander Albon,Williams,Thailand,27,6,5,10,2,False,False,6002.9,103.704,Medium,1,100.05,True
126,2023,1,Bahrain,Sakhir,Middle East,5.412,57,2023-01-05,Wet,False,PER,Sergio Perez,Red Bull Racing,Mexico,33,4,4,12,2,False,False,6006.0,105.164,Medium,0,100.1,True
126,2023,1,Bahrain,Sakhir,Middle East,5.412,57,2023-01-05,Wet,False,SAR,Logan Sargeant,Williams,USA,23,6,8,4,3,False,False,6050.5,106.365,Medium,-2,100.84,True
126,2023,1,Bahrain,Sakhir,Middle East,5.412,57,2023-01-05,Wet,False,VER,Max Verstappen,Red Bull Racing,Netherlands,25,8,9,2,1,False,False,6024.6,102.4,Medium,-1,100.41,True
126,2023,1,Bahrain,Sakhir,Middle East,5.412,57,2023-01-05,Wet,False,HUL,Nico Hulkenberg,Haas,Germany,36,8,7,6,3,False,False,6060.7,105.102,Medium,1,101.01,True
126,2023,1,Bahrain,Sakhir,Middle East,5.412,57,2023-01-05,Wet,False,NOR,Lando Norris,McLaren,Great Britain,23,8,10,1,2,False,False,6060.1,108.122,Medium,-2,101.0,True
126,2023,1,Bahrain,Sakhir,Middle East,5.412,57,2023-01-05,Wet,False,TSU,Yuki Tsunoda,AlphaTauri,Japan,23,11,16,0,3,False,False,6084.3,108.075,Medium,-5,101.4,False
126,2023,1,Bahrain,Sakhir,Middle East,5.412,57,2023-01-05,Wet,False,LEC,Charles Leclerc,Ferrari,Monaco,26,7,3,15,3,False,False,6014.9,105.728,Soft,4,100.25,True
127,2023,2,Saudi Arabia,Jeddah,Middle East,6.174,50,2023-02-24,Dry,False,SAR,Logan Sargeant,Williams,USA,23,1,4,12,1,False,False,6028.7,120.314,Medium,-3,100.48,True
127,2023,2,Saudi Arabia,Jeddah,Middle East,6.174,50,2023-02-24,Dry,False,HUL,Nico Hulkenberg,Haas,Germany,36,10,15,0,2,False,False,6085.5,120.366,Hard,-5,101.42,False
127,2023,2,Saudi Arabia,Jeddah,Middle East,6.174,50,2023-02-24,Dry,False,LEC,Charles Leclerc,Ferrari,Monaco,26,12,8,4,3,False,False,6024.4,119.551,Medium,4,100.41,True
127,2023,2,Saudi Arabia,Jeddah,Middle East,6.174,50,2023-02-24,Dry,False,GAS,Pierre Gasly,Alpine,France,27,14,15,0,1,False,True,6024.6,120.98,Soft,-1,100.41,False
127,2023,2,Saudi Arabia,Jeddah,Middle East,6.174,50,2023-02-24,Dry,False,HAM,Lewis Hamilton,Mercedes,Great Britain,38,6,10,1,2,False,False,6051.8,121.336,Hard,-4,100.86,True
127,2023,2,Saudi Arabia,Jeddah,Middle East,6.174,50,2023-02-24,Dry,False,ZHO,Guanyu Zhou,Alfa Romeo,China,24,10,15,0,3,False,True,6024.6,120.598,Medium,-5,100.41,False
127,2023,2,Saudi Arabia,Jeddah,Middle East,6.174,50,2023-02-24,Dry,False,MAG,Kevin Magnussen,Haas,Denmark,31,8,6,8,1,False,False,6041.9,120.194,Soft,2,100.7,True
127,2023,2,Saudi Arabia,Jeddah,Middle East,6.174,50,2023-02-24,Dry,False,ALO,Fernando Alonso,Aston Martin,Spain,42,10,5,10,2,False,False,6023.8,119.853,Medium,5,100.4,True
127,2023,2,Saudi Arabia,Jeddah,Middle East,6.174,50,2023-02-24,Dry,False,ALB,Alexander Albon,Williams,Thailand,27,1,3,15,2,False,False,6042.7,120.42,Medium,-2,100.71,True
127,2023,2,Saudi Arabia,Jeddah,Middle East,6.174,50,2023-02-24,Dry,False,DEV,Nyck de Vries,AlphaTauri,Netherlands,28,14,13,0,2,False,False,6068.5,119.704,Hard,1,101.14,False
127,2023,2,Saudi Arabia,Jeddah,Middle East,6.174,50,2023-02-24,Dry,False,BOT,Valtteri Bottas,Alfa Romeo,Finland,34,20,19,0,2,False,True,6024.6,121.878,Soft,1,100.41,False
127,2023,2,Saudi Arabia,Jeddah,Middle East,6.174,50,2023-02-24,Dry,False,RUS,George Russell,Mercedes,Great Britain,25,1,1,26,1,True,False,6029.0,120.549,Soft,0,100.48,True
127,2023,2,Saudi Arabia,Jeddah,Middle East,6.174,50,2023-02-24,Dry,False,SAI,Carlos Sainz,Ferrari,Spain,29,1,2,18,2,False,False,6022.2,118.708,Soft,-1,100.37,True
127,2023,2,Saudi Arabia,Jeddah,Middle East,6.174,50,2023-02-24,Dry,False,VER,Max Verstappen,Red Bull Racing,Netherlands,25,15,20,0,2,False,False,6089.1,123.223,Soft,-5,101.48,False
127,2023,2,Saudi Arabia,Jeddah,Middle East,6.174,50,2023-02-24,Dry,False,TSU,Yuki Tsunoda,AlphaTauri,Japan,23,20,19,0,2,False,False,6097.7,120.336,Soft,1,101.63,False
127,2023,2,Saudi Arabia,Jeddah,Middle East,6.174,50,2023-02-24,Dry,False,MSC,Mick Schumacher,Haas,Germany,24,18,14,0,1,False,False,6089.6,119.935,Soft,4,101.49,False
127,2023,2,Saudi Arabia,Jeddah,Middle East,6.174,50,2023-02-24,Dry,False,OCO,Esteban Ocon,Alpine,France,27,15,12,0,2,False,False,6066.6,119.2,Medium,3,101.11,False
127,2023,2,Saudi Arabia,Jeddah,Middle East,6.174,50,2023-02-24,Dry,False,PER,Sergio Perez,Red Bull Racing,Mexico,33,10,9,2,2,False,False,6045.1,120.417,Hard,1,100.75,True
127,2023,2,Saudi Arabia,Jeddah,Middle East,6.174,50,2023-02-24,Dry,False,STR,Lance Stroll,Aston Martin,Canada,25,17,16,0,2,False,False,6073.2,122.871,Hard,1,101.22,False
127,2023,2,Saudi Arabia,Jeddah,Middle East,6.174,50,2023-02-24,Dry,False,NOR,Lando Norris,McLaren,Great Britain,23,10,7,6,3,False,False,6058.2,121.721,Medium,3,100.97,True
128,2023,3,Australia,Melbourne,Asia Pacific,5.278,58,2023-03-12,Dry,False,LEC,Charles Leclerc,Ferrari,Monaco,26,2,2,18,1,False,False,5995.8,102.136,Soft,0,99.93,True
128,2023,3,Australia,Melbourne,Asia Pacific,5.278,58,2023-03-12,Dry,False,RUS,George Russell,Mercedes,Great Britain,25,20,20,0,1,False,False,6041.8,104.915,Medium,0,100.7,False
128,2023,3,Australia,Melbourne,Asia Pacific,5.278,58,2023-03-12,Dry,False,MAG,Kevin Magnussen,Haas,Denmark,31,5,7,6,2,False,False,6014.7,101.607,Medium,-2,100.24,True
128,2023,3,Australia,Melbourne,Asia Pacific,5.278,58,2023-03-12,Dry,False,HAM,Lewis Hamilton,Mercedes,Great Britain,38,11,12,0,2,False,False,5980.5,104.944,Hard,-1,99.68,False
128,2023,3,Australia,Melbourne,Asia Pacific,5.278,58,2023-03-12,Dry,False,ZHO,Guanyu Zhou,Alfa Romeo,China,24,4,6,8,3,False,False,6002.6,103.752,Soft,-2,100.04,True
128,2023,3,Australia,Melbourne,Asia Pacific,5.278,58,2023-03-12,Dry,False,BOT,Valtteri Bottas,Alfa Romeo,Finland,34,10,8,4,2,False,False,6005.8,104.285,Soft,2,100.1,True
128,2023,3,Australia,Melbourne,Asia Pacific,5.278,58,2023-03-12,Dry,False,GAS,Pierre Gasly,Alpine,France,27,8,10,1,2,False,False,6015.7,104.285,Medium,-2,100.26,True
128,2023,3,Australia,Melbourne,Asia Pacific,5.278,58,2023-03-12,Dry,False,STR,Lance Stroll,Aston Martin,Canada,25,19,16,0,2,False,False,6016.2,103.992,Medium,3,100.27,False
128,2023,3,Australia,Melbourne,Asia Pacific,5.278,58,2023-03-12,Dry,False,OCO,Esteban Ocon,Alpine,France,27,3,3,15,3,False,False,5964.0,102.98,Medium,0,99.4,True
128,2023,3,Australia,Melbourne,Asia Pacific,5.278,58,2023-03-12,Dry,False,VER,Max Verstappen,Red Bull Racing,Netherlands,25,5,1,26,3,True,False,5951.3,102.705,Medium,4,99.19,True
128,2023,3,Australia,Melbourne,Asia Pacific,5.278,58,2023-03-12,Dry,False,NOR,Lando Norris,McLaren,Great Britain,23,10,11,0,3,True,False,5997.4,105.004,Medium,-1,99.96,False
128,2023,3,Australia,Melbourne,Asia Pacific,5.278,58,2023-03-12,Dry,False,ALB,Alexander Albon,Williams,Thailand,27,18,15,0,2,False,False,6035.5,102.478,Medium,3,100.59,False
128,2023,3,Australia,Melbourne,Asia Pacific,5.278,58,2023-03-12,Dry,False,SAR,Logan Sargeant,Williams,USA,23,1,4,12,3,False,False,5978.6,102.419,Hard,-3,99.64,True
128,2023,3,Australia,Melbourne,Asia Pacific,5.278,58,2023-03-12,Dry,False,SAI,Carlos Sainz,Ferrari,Spain,29,17,13,0,2,False,False,6019.4,102.184,Medium,4,100.32,False
128,2023,3,Australia,Melbourne,Asia Pacific,5.278,58,2023-03-12,Dry,False,HUL,Nico Hulkenberg,Haas,Germany,36,20,19,0,2,False,False,6053.1,104.093,Medium,1,100.88,False
128,2023,3,Australia,Melbourne,Asia Pacific,5.278,58,2023-03-12,Dry,False,PER,Sergio Perez,Red Bull Racing,Mexico,33,10,5,10,2,False,False,5992.0,102.664,Hard,5,99.87,True
128,2023,3,Australia,Melbourne,Asia Pacific,5.278,58,2023-03-12,Dry,False,TSU,Yuki Tsunoda,AlphaTauri,Japan,23,16,14,0,1,False,False,5994.6,99.513,Medium,2,99.91,False
128,2023,3,Australia,Melbourne,Asia Pacific,5.278,58,2023-03-12,Dry,False,ALO,Fernando Alonso,Aston Martin,Spain,42,8,9,2,2,False,False,5982.1,103.584,Medium,-1,99.7,True
128,2023,3,Australia,Melbourne,Asia Pacific,5.278,58,2023-03-12,Dry,False,MSC,Mick Schumacher,Haas,Germany,24,17,17,0,2,False,True,6024.6,102.89,Soft,0,100.41,False
128,2023,3,Australia,Melbourne,Asia Pacific,5.278,58,2023-03-12,Dry,False,DEV,Nyck de Vries,AlphaTauri,Netherlands,28,17,18,0,3,False,False,6023.6,104.217,Medium,-1,100.39,False
129,2023,4,Azerbaijan,Baku,Europe,6.003,51,2023-04-21,Dry,False,ZHO,Guanyu Zhou,Alfa Romeo,China,24,14,18,0,2,False,False,6015.4,115.195,Medium,-4,100.26,False
129,2023,4,Azerbaijan,Baku,Europe,6.003,51,2023-04-21,Dry,False,SAR,Logan Sargeant,Williams,USA,23,1,1,26,2,True,False,5987.7,117.447,Medium,0,99.8,True
129,2023,4,Azerbaijan,Baku,Europe,6.003,51,2023-04-21,Dry,False,TSU,Yuki Tsunoda,AlphaTauri,Japan,23,2,5,10,2,False,False,5973.2,104.285,Soft,-3,99.55,True
129,2023,4,Azerbaijan,Baku,Europe,6.003,51,2023-04-21,Dry,False,ALO,Fernando Alonso,Aston Martin,Spain,42,9,4,12,3,False,False,5964.8,114.28,Soft,5,99.41,True
129,2023,4,Azerbaijan,Baku,Europe,6.003,51,2023-04-21,Dry,False,SAI,Carlos Sainz,Ferrari,Spain,29,20,19,0,2,False,True,6024.6,115.341,Hard,1,100.41,False
129,2023,4,Azerbaijan,Baku,Europe,6.003,51,2023-04-21,Dry,False,HUL,Nico Hulkenberg,Haas,Germany,36,17,12,0,1,False,False,6027.9,115.17,Hard,5,100.46,False
129,2023,4,Azerbaijan,Baku,Europe,6.003,51,2023-04-21,Dry,False,NOR,Lando Norris,McLaren,Great Britain,23,1,3,15,2,False,False,5986.4,118.882,Medium,-2,99.77,True
129,2023,4,Azerbaijan,Baku,Europe,6.003,51,2023-04-21,Dry,False,DEV,Nyck de Vries,AlphaTauri,Netherlands,28,15,10,1,1,False,False,5994.2,116.986,Medium,5,99.9,True
129,2023,4,Azerbaijan,Baku,Europe,6.003,51,2023-04-21,Dry,False,STR,Lance Stroll,Aston Martin,Canada,25,11,11,0,2,False,False,6012.4,117.246,Medium,0,100.21,False
129,2023,4,Azerbaijan,Baku,Europe,6.003,51,2023-04-21,Dry,False,LEC,Charles Leclerc,Ferrari,Monaco,26,12,7,6,3,False,False,5978.7,118.334,Hard,5,99.64,True
129,2023,4,Azerbaijan,Baku,Europe,6.003,51,2023-04-21,Dry,False,MAG,Kevin Magnussen,Haas,Denmark,31,5,6,8,1,False,False,5964.2,115.856,Medium,-1,99.4,True
129,2023,4,Azerbaijan,Baku,Europe,6.003,51,2023-04-21,Dry,False,GAS,Pierre Gasly,Alpine,France,27,20,20,0,1,False,False,6049.9,118.743,Medium,0,100.83,False
129,2023,4,Azerbaijan,Baku,Europe,6.003,51,2023-04-21,Dry,False,HAM,Lewis Hamilton,Mercedes,Great Britain,38,20,15,0,2,False,False,6004.5,117.774,Soft,5,100.08,False
129,2023,4,Azerbaijan,Baku,Europe,6.003,51,2023-04-21,Dry,False,BOT,Valtteri Bottas,Alfa Romeo,Finland,34,16,19,0,1,False,False,6059.3,116.693,Soft,-3,100.99,False
129,2023,4,Azerbaijan,Baku,Europe,6.003,51,2023-04-21,Dry,False,MSC,Mick Schumacher,Haas,Germany,24,18,13,0,1,False,False,6009.4,116.51,Medium,5,100.16,False
129,2023,4,Azerbaijan,Baku,Europe,6.003,51,2023-04-21,Dry,False,RUS,George Russell,Mercedes,Great Britain,25,20,17,0,2,False,False,6038.4,117.283,Hard,3,100.64,False
129,2023,4,Azerbaijan,Baku,Europe,6.003,51,2023-04-21,Dry,False,OCO,Esteban Ocon,Alpine,France,27,9,14,0,2,False,False,6003.1,119.889,Hard,-5,100.05,False
129,2023,4,Azerbaijan,Baku,Europe,6.003,51,2023-04-21,Dry,False,ALB,Alexander Albon,Williams,Thailand,27,9,8,4,2,False,False,6011.6,115.127,Medium,1,100.19,True
129,2023,4,Azerbaijan,Baku,Europe,6.003,51,2023-04-21,Dry,False,VER,Max Verstappen,Red Bull Racing,Netherlands,25,17,19,0,3,False,True,6024.6,117.074,Soft,-2,100.41,False
129,2023,4,Azerbaijan,Baku,Europe,6.003,51,2023-04-21,Dry,False,PER,Sergio Perez,Red Bull Racing,Mexico,33,2,2,19,2,True,False,5976.2,118.045,Medium,0,99.6,True
130,2023,5,Miami,Miami,Americas,5.412,57,2023-05-06,Dry,True,NOR,Lando Norris,McLaren,Great Britain,23,19,20,0,2,False,False,6107.8,106.623,Soft,-1,101.8,False
130,2023,5,Miami,Miami,Americas,5.412,57,2023-05-06,Dry,True,RUS,George Russell,Mercedes,Great Britain,25,15,12,0,2,True,False,6034.6,104.15,Medium,3,100.58,False
130,2023,5,Miami,Miami,Americas,5.412,57,2023-05-06,Dry,True,VER,Max Verstappen,Red Bull Racing,Netherlands,25,13,9,2,1,False,False,6058.0,106.976,Medium,4,100.97,True
130,2023,5,Miami,Miami,Americas,5.412,57,2023-05-06,Dry,True,DEV,Nyck de Vries,AlphaTauri,Netherlands,28,17,20,0,2,False,True,6024.6,106.931,Medium,-3,100.41,False
130,2023,5,Miami,Miami,Americas,5.412,57,2023-05-06,Dry,True,MAG,Kevin Magnussen,Haas,Denmark,31,20,19,0,2,True,False,6072.2,104.7,Hard,1,101.2,False
130,2023,5,Miami,Miami,Americas,5.412,57,2023-05-06,Dry,True,STR,Lance Stroll,Aston Martin,Canada,25,20,16,0,2,False,False,6079.7,105.261,Soft,4,101.33,False
130,2023,5,Miami,Miami,Americas,5.412,57,2023-05-06,Dry,True,OCO,Esteban Ocon,Alpine,France,27,10,15,0,1,True,False,6040.3,108.725,Medium,-5,100.67,False
130,2023,5,Miami,Miami,Americas,5.412,57,2023-05-06,Dry,True,SAR,Logan Sargeant,Williams,USA,23,1,2,18,3,False,False,6060.4,105.849,Medium,-1,101.01,True
130,2023,5,Miami,Miami,Americas,5.412,57,2023-05-06,Dry,True,ALB,Alexander Albon,Williams,Thailand,27,12,13,0,1,False,False,6071.1,106.201,Soft,-1,101.18,False
130,2023,5,Miami,Miami,Americas,5.412,57,2023-05-06,Dry,True,PER,Sergio Perez,Red Bull Racing,Mexico,33,17,17,0,2,False,False,6063.1,104.447,Medium,0,101.05,False
130,2023,5,Miami,Miami,Americas,5.412,57,2023-05-06,Dry,True,TSU,Yuki Tsunoda,AlphaTauri,Japan,23,5,5,10,2,False,False,6032.0,105.836,Medium,0,100.53,True
130,2023,5,Miami,Miami,Americas,5.412,57,2023-05-06,Dry,True,HAM,Lewis Hamilton,Mercedes,Great Britain,38,7,4,12,2,False,False,6043.0,104.368,Soft,3,100.72,True
130,2023,5,Miami,Miami,Americas,5.412,57,2023-05-06,Dry,True,LEC,Charles Leclerc,Ferrari,Monaco,26,11,6,8,2,False,False,6047.4,104.703,Hard,5,100.79,True
130,2023,5,Miami,Miami,Americas,5.412,57,2023-05-06,Dry,True,MSC,Mick Schumacher,Haas,Germany,24,10,11,0,3,False,False,6082.8,106.176,Hard,-1,101.38,False
130,2023,5,Miami,Miami,Americas,5.412,57,2023-05-06,Dry,True,BOT,Valtteri Bottas,Alfa Romeo,Finland,34,18,18,0,1,False,False,6075.7,106.629,Medium,0,101.26,False
130,2023,5,Miami,Miami,Americas,5.412,57,2023-05-06,Dry,True,HUL,Nico Hulkenberg,Haas,Germany,36,3,3,15,2,False,False,6051.5,107.935,Medium,0,100.86,True
130,2023,5,Miami,Miami,Americas,5.412,57,2023-05-06,Dry,True,SAI,Carlos Sainz,Ferrari,Spain,29,14,16,0,1,False,True,6024.6,106.413,Soft,-2,100.41,False
130,2023,5,Miami,Miami,Americas,5.412,57,2023-05-06,Dry,True,GAS,Pierre Gasly,Alpine,France,27,18,14,0,2,False,False,6038.0,107.615,Soft,4,100.63,False
130,2023,5,Miami,Miami,Americas,5.412,57,2023-05-06,Dry,True,ALO,Fernando Alonso,Aston Martin,Spain,42,17,20,0,2,True,True,6024.6,104.524,Medium,-3,100.41,False
130,2023,5,Miami,Miami,Americas,5.412,57,2023-05-06,Dry,True,ZHO,Guanyu Zhou,Alfa Romeo,China,24,9,7,6,1,False,False,6050.2,106.853,Soft,2,100.84,True
131,2023,6,Monaco,Monte Carlo,Europe,3.337,78,2023-06-13,Wet,False,ALB,Alexander Albon,Williams,Thailand,27,11,13,0,2,False,False,5138.8,66.79,Hard,-2,85.65,False
131,2023,6,Monaco,Monte Carlo,Europe,3.337,78,2023-06-13,Wet,False,VER,Max Verstappen,Red Bull Racing,Netherlands,25,11,6,8,2,False,False,5096.5,67.385,Medium,5,84.94,True
131,2023,6,Monaco,Monte Carlo,Europe,3.337,78,2023-06-13,Wet,False,TSU,Yuki Tsunoda,AlphaTauri,Japan,23,16,14,0,2,False,False,5120.1,64.026,Medium,2,85.34,False
131,2023,6,Monaco,Monte Carlo,Europe,3.337,78,2023-06-13,Wet,False,LEC,Charles Leclerc,Ferrari,Monaco,26,12,17,0,2,False,False,5124.6,62.294,Medium,-5,85.41,False
131,2023,6,Monaco,Monte Carlo,Europe,3.337,78,2023-06-13,Wet,False,GAS,Pierre Gasly,Alpine,France,27,20,18,0,3,False,True,6024.6,66.419,Soft,2,100.41,False
131,2023,6,Monaco,Monte Carlo,Europe,3.337,78,2023-06-13,Wet,False,ZHO,Guanyu Zhou,Alfa Romeo,China,24,8,11,0,3,False,False,5116.9,68.041,Medium,-3,85.28,False
131,2023,6,Monaco,Monte Carlo,Europe,3.337,78,2023-06-13,Wet,False,ALO,Fernando Alonso,Aston Martin,Spain,42,9,4,12,1,False,False,5110.6,64.709,Medium,5,85.18,True
131,2023,6,Monaco,Monte Carlo,Europe,3.337,78,2023-06-13,Wet,False,NOR,Lando Norris,McLaren,Great Britain,23,2,3,15,2,False,False,5084.7,63.341,Medium,-1,84.74,True
131,2023,6,Monaco,Monte Carlo,Europe,3.337,78,2023-06-13,Wet,False,DEV,Nyck de Vries,AlphaTauri,Netherlands,28,16,15,0,2,False,False,5100.9,64.439,Soft,1,85.02,False
131,2023,6,Monaco,Monte Carlo,Europe,3.337,78,2023-06-13,Wet,False,STR,Lance Stroll,Aston Martin,Canada,25,9,9,2,2,False,False,5117.8,66.329,Hard,0,85.3,True
131,2023,6,Monaco,Monte Carlo,Europe,3.337,78,2023-06-13,Wet,False,MAG,Kevin Magnussen,Haas,Denmark,31,14,19,0,1,False,False,5127.7,64.952,Medium,-5,85.46,False
131,2023,6,Monaco,Monte Carlo,Europe,3.337,78,2023-06-13,Wet,False,SAI,Carlos Sainz,Ferrari,Spain,29,1,1,26,1,True,False,5072.2,66.074,Medium,0,84.54,True
131,2023,6,Monaco,Monte Carlo,Europe,3.337,78,2023-06-13,Wet,False,SAR,Logan Sargeant,Williams,USA,23,9,8,4,1,False,False,5095.3,66.716,Soft,1,84.92,True
131,2023,6,Monaco,Monte Carlo,Europe,3.337,78,2023-06-13,Wet,False,PER,Sergio Perez,Red Bull Racing,Mexico,33,14,10,1,1,False,False,5142.3,63.853,Medium,4,85.7,True
131,2023,6,Monaco,Monte Carlo,Europe,3.337,78,2023-06-13,Wet,False,OCO,Esteban Ocon,Alpine,France,27,20,18,0,2,False,False,5121.1,67.178,Medium,2,85.35,False
131,2023,6,Monaco,Monte Carlo,Europe,3.337,78,2023-06-13,Wet,False,BOT,Valtteri Bottas,Alfa Romeo,Finland,34,19,16,0,2,False,False,5135.6,64.006,Hard,3,85.59,False
131,2023,6,Monaco,Monte Carlo,Europe,3.337,78,2023-06-13,Wet,False,MSC,Mick Schumacher,Haas,Germany,24,17,12,0,3,False,False,5110.8,64.173,Medium,5,85.18,False
131,2023,6,Monaco,Monte Carlo,Europe,3.337,78,2023-06-13,Wet,False,HAM,Lewis Hamilton,Mercedes,Great Britain,38,12,7,6,3,False,False,6024.6,63.576,Medium,5,100.41,True
131,2023,6,Monaco,Monte Carlo,Europe,3.337,78,2023-06-13,Wet,False,RUS,George Russell,Mercedes,Great Britain,25,1,5,10,2,False,False,5097.5,63.801,Hard,-4,84.96,True
131,2023,6,Monaco,Monte Carlo,Europe,3.337,78,2023-06-13,Wet,False,HUL,Nico Hulkenberg,Haas,Germany,36,16,20,0,2,False,False,5141.5,66.196,Soft,-4,85.69,False
132,2023,7,Spain,Barcelona,Europe,4.657,66,2023-07-10,Dry,False,OCO,Esteban Ocon,Alpine,France,27,19,16,0,3,False,False,6032.7,89.842,Soft,3,100.54,False
132,2023,7,Spain,Barcelona,Europe,4.657,66,2023-07-10,Dry,False,ALB,Alexander Albon,Williams,Thailand,27,2,5,10,1,False,False,6005.1,91.673,Hard,-3,100.08,True
132,2023,7,Spain,Barcelona,Europe,4.657,66,2023-07-10,Dry,False,TSU,Yuki Tsunoda,AlphaTauri,Japan,23,12,13,0,1,False,False,6045.4,92.851,Soft,-1,100.76,False
132,2023,7,Spain,Barcelona,Europe,4.657,66,2023-07-10,Dry,False,ALO,Fernando Alonso,Aston Martin,Spain,42,6,6,8,3,False,False,5979.6,92.232,Soft,0,99.66,True
132,2023,7,Spain,Barcelona,Europe,4.657,66,2023-07-10,Dry,False,HUL,Nico Hulkenberg,Haas,Germany,36,20,20,0,2,False,False,6058.6,92.491,Hard,0,100.98,False
132,2023,7,Spain,Barcelona,Europe,4.657,66,2023-07-10,Dry,False,SAR,Logan Sargeant,Williams,USA,23,14,19,0,2,True,True,6024.6,91.009,Hard,-5,100.41,False
132,2023,7,Spain,Barcelona,Europe,4.657,66,2023-07-10,Dry,False,GAS,Pierre Gasly,Alpine,France,27,8,9,2,1,False,False,6013.0,91.366,Hard,-1,100.22,True
132,2023,7,Spain,Barcelona,Europe,4.657,66,2023-07-10,Dry,False,VER,Max Verstappen,Red Bull Racing,Netherlands,25,11,14,0,1,False,False,6051.0,91.401,Medium,-3,100.85,False
132,2023,7,Spain,Barcelona,Europe,4.657,66,2023-07-10,Dry,False,DEV,Nyck de Vries,AlphaTauri,Netherlands,28,7,4,12,3,False,False,5999.2,90.391,Medium,3,99.99,True
132,2023,7,Spain,Barcelona,Europe,4.657,66,2023-07-10,Dry,False,LEC,Charles Leclerc,Ferrari,Monaco,26,20,18,0,1,False,False,6046.4,92.202,Soft,2,100.77,False
132,2023,7,Spain,Barcelona,Europe,4.657,66,2023-07-10,Dry,False,PER,Sergio Perez,Red Bull Racing,Mexico,33,19,15,0,1,False,False,6058.6,104.285,Soft,4,100.98,False
132,2023,7,Spain,Barcelona,Europe,4.657,66,2023-07-10,Dry,False,BOT,Valtteri Bottas,Alfa Romeo,Finland,34,13,17,0,3,False,False,6050.5,91.495,Soft,-4,100.84,False
132,2023,7,Spain,Barcelona,Europe,4.657,66,2023-07-10,Dry,False,HAM,Lewis Hamilton,Mercedes,Great Britain,38,18,19,0,1,False,False,6043.7,90.397,Medium,-1,100.73,False
132,2023,7,Spain,Barcelona,Europe,4.657,66,2023-07-10,Dry,False,MAG,Kevin Magnussen,Haas,Denmark,31,12,11,0,1,False,False,6044.0,91.842,Soft,1,100.73,False
132,2023,7,Spain,Barcelona,Europe,4.657,66,2023-07-10,Dry,False,NOR,Lando Norris,McLaren,Great Britain,23,1,2,18,3,False,False,6019.6,90.538,Soft,-1,100.33,True
132,2023,7,Spain,Barcelona,Europe,4.657,66,2023-07-10,Dry,False,MSC,Mick Schumacher,Haas,Germany,24,5,7,6,2,False,False,6011.8,89.696,Soft,-2,100.2,True
132,2023,7,Spain,Barcelona,Europe,4.657,66,2023-07-10,Dry,False,SAI,Carlos Sainz,Ferrari,Spain,29,5,3,15,1,False,False,6000.2,92.305,Soft,2,100.0,True
132,2023,7,Spain,Barcelona,Europe,4.657,66,2023-07-10,Dry,False,ZHO,Guanyu Zhou,Alfa Romeo,China,24,8,8,4,1,False,False,6033.8,90.346,Medium,0,100.56,True
132,2023,7,Spain,Barcelona,Europe,4.657,66,2023-07-10,Dry,False,STR,Lance Stroll,Aston Martin,Canada,25,17,12,0,2,False,False,6037.7,94.696,Medium,5,100.63,False
132,2023,7,Spain,Barcelona,Europe,4.657,66,2023-07-10,Dry,False,RUS,George Russell,Mercedes,Great Britain,25,6,10,1,2,False,False,6021.0,90.406,Hard,-4,100.35,True
133,2023,8,Canada,Montreal,Americas,4.361,70,2023-08-08,Wet,False,STR,Lance Stroll,Aston Martin,Canada,25,19,17,0,2,True,False,6018.0,82.368,Medium,2,100.3,False
133,2023,8,Canada,Montreal,Americas,4.361,70,2023-08-08,Wet,False,BOT,Valtteri Bottas,Alfa Romeo,Finland,34,13,10,1,2,False,False,5978.4,84.632,Soft,3,99.64,True
133,2023,8,Canada,Montreal,Americas,4.361,70,2023-08-08,Wet,False,RUS,George Russell,Mercedes,Great Britain,25,1,2,18,3,False,False,5962.8,83.068,Medium,-1,99.38,True
133,2023,8,Canada,Montreal,Americas,4.361,70,2023-08-08,Wet,False,OCO,Esteban Ocon,Alpine,France,27,9,14,0,1,False,False,5990.5,84.988,Medium,-5,99.84,False
133,2023,8,Canada,Montreal,Americas,4.361,70,2023-08-08,Wet,False,HUL,Nico Hulkenberg,Haas,Germany,36,14,11,0,2,False,False,5995.9,85.144,Medium,3,99.93,False
133,2023,8,Canada,Montreal,Americas,4.361,70,2023-08-08,Wet,False,LEC,Charles Leclerc,Ferrari,Monaco,26,18,18,0,2,False,False,6033.6,85.077,Medium,0,100.56,False
133,2023,8,Canada,Montreal,Americas,4.361,70,2023-08-08,Wet,False,PER,Sergio Perez,Red Bull Racing,Mexico,33,8,4,12,3,False,False,5969.6,84.463,Hard,4,99.49,True
133,2023,8,Canada,Montreal,Americas,4.361,70,2023-08-08,Wet,False,VER,Max Verstappen,Red Bull Racing,Netherlands,25,20,15,0,1,False,False,6007.5,84.452,Hard,5,100.12,False
133,2023,8,Canada,Montreal,Americas,4.361,70,2023-08-08,Wet,False,SAR,Logan Sargeant,Williams,USA,23,6,8,4,2,False,False,5963.4,86.725,Medium,-2,99.39,True
133,2023,8,Canada,Montreal,Americas,4.361,70,2023-08-08,Wet,False,ZHO,Guanyu Zhou,Alfa Romeo,China,24,2,5,10,2,False,False,5969.5,85.539,Soft,-3,99.49,True
133,2023,8,Canada,Montreal,Americas,4.361,70,2023-08-08,Wet,False,MSC,Mick Schumacher,Haas,Germany,24,2,7,6,1,False,False,5972.8,87.559,Hard,-5,99.55,True
133,2023,8,Canada,Montreal,Americas,4.361,70,2023-08-08,Wet,False,MAG,Kevin Magnussen,Haas,Denmark,31,12,15,0,2,False,True,6024.6,85.303,Soft,-3,100.41,False
133,2023,8,Canada,Montreal,Americas,4.361,70,2023-08-08,Wet,False,HAM,Lewis Hamilton,Mercedes,Great Britain,38,8,6,8,1,False,False,5978.3,86.928,Medium,2,99.64,True
133,2023,8,Canada,Montreal,Americas,4.361,70,2023-08-08,Wet,False,ALO,Fernando Alonso,Aston Martin,Spain,42,15,20,0,1,False,False,6015.6,84.513,Medium,-5,100.26,False
133,2023,8,Canada,Montreal,Americas,4.361,70,2023-08-08,Wet,False,SAI,Carlos Sainz,Ferrari,Spain,29,4,9,2,1,False,False,5970.7,82.292,Soft,-5,99.51,True
133,2023,8,Canada,Montreal,Americas,4.361,70,2023-08-08,Wet,False,GAS,Pierre Gasly,Alpine,France,27,1,1,26,2,True,False,5976.8,84.627,Soft,0,99.61,True
133,2023,8,Canada,Montreal,Americas,4.361,70,2023-08-08,Wet,False,ALB,Alexander Albon,Williams,Thailand,27,9,12,0,3,False,False,5994.4,81.557,Medium,-3,99.91,False
133,2023,8,Canada,Montreal,Americas,4.361,70,2023-08-08,Wet,False,NOR,Lando Norris,McLaren,Great Britain,23,16,18,0,3,False,True,6024.6,84.072,Hard,-2,100.41,False
133,2023,8,Canada,Montreal,Americas,4.361,70,2023-08-08,Wet,False,TSU,Yuki Tsunoda,AlphaTauri,Japan,23,12,13,0,2,False,False,5978.6,85.757,Soft,-1,99.64,False
133,2023,8,Canada,Montreal,Americas,4.361,70,2023-08-08,Wet,False,DEV,Nyck de Vries,AlphaTauri,Netherlands,28,20,19,0,1,False,False,6004.4,84.894,Medium,1,100.07,False
134,2023,9,Great Britain,Silverstone,Europe,5.891,52,2023-09-12,Dry,False,HUL,Nico Hulkenberg,Haas,Germany,36,18,20,0,2,False,True,6024.6,115.285,Soft,-2,100.41,False
134,2023,9,Great Britain,Silverstone,Europe,5.891,52,2023-09-12,Dry,False,LEC,Charles Leclerc,Ferrari,Monaco,26,10,15,0,3,False,False,6053.4,113.669,Medium,-5,100.89,False
134,2023,9,Great Britain,Silverstone,Europe,5.891,52,2023-09-12,Dry,False,DEV,Nyck de Vries,AlphaTauri,Netherlands,28,10,10,1,1,False,False,6006.0,117.647,Medium,0,100.1,True
134,2023,9,Great Britain,Silverstone,Europe,5.891,52,2023-09-12,Dry,False,SAI,Carlos Sainz,Ferrari,Spain,29,4,5,10,2,False,False,6020.7,115.937,Soft,-1,100.34,True
134,2023,9,Great Britain,Silverstone,Europe,5.891,52,2023-09-12,Dry,False,GAS,Pierre Gasly,Alpine,France,27,2,1,26,2,True,False,5979.4,112.984,Medium,1,99.66,True
134,2023,9,Great Britain,Silverstone,Europe,5.891,52,2023-09-12,Dry,False,HAM,Lewis Hamilton,Mercedes,Great Britain,38,6,8,4,2,False,False,5980.0,112.157,Medium,-2,99.67,True
134,2023,9,Great Britain,Silverstone,Europe,5.891,52,2023-09-12,Dry,False,STR,Lance Stroll,Aston Martin,Canada,25,8,11,0,2,False,False,6010.1,113.42,Medium,-3,100.17,False
134,2023,9,Great Britain,Silverstone,Europe,5.891,52,2023-09-12,Dry,False,PER,Sergio Perez,Red Bull Racing,Mexico,33,13,13,0,2,False,False,6030.1,116.219,Medium,0,100.5,False
134,2023,9,Great Britain,Silverstone,Europe,5.891,52,2023-09-12,Dry,False,TSU,Yuki Tsunoda,AlphaTauri,Japan,23,17,17,0,2,False,False,6002.8,116.229,Medium,0,100.05,False
134,2023,9,Great Britain,Silverstone,Europe,5.891,52,2023-09-12,Dry,False,NOR,Lando Norris,McLaren,Great Britain,23,15,20,0,1,False,False,6034.6,113.188,Soft,-5,100.58,False
134,2023,9,Great Britain,Silverstone,Europe,5.891,52,2023-09-12,Dry,False,ALO,Fernando Alonso,Aston Martin,Spain,42,5,9,2,2,False,False,6022.0,115.256,Medium,-4,100.37,True
134,2023,9,Great Britain,Silverstone,Europe,5.891,52,2023-09-12,Dry,False,SAR,Logan Sargeant,Williams,USA,23,12,7,6,1,False,False,5984.9,115.744,Soft,5,99.75,True
134,2023,9,Great Britain,Silverstone,Europe,5.891,52,2023-09-12,Dry,False,VER,Max Verstappen,Red Bull Racing,Netherlands,25,2,4,12,2,False,False,5981.4,116.674,Hard,-2,99.69,True
134,2023,9,Great Britain,Silverstone,Europe,5.891,52,2023-09-12,Dry,False,BOT,Valtteri Bottas,Alfa Romeo,Finland,34,20,19,0,1,False,False,6044.7,114.863,Medium,1,100.74,False
134,2023,9,Great Britain,Silverstone,Europe,5.891,52,2023-09-12,Dry,False,OCO,Esteban Ocon,Alpine,France,27,6,2,18,1,False,False,5997.7,115.789,Soft,4,99.96,True
134,2023,9,Great Britain,Silverstone,Europe,5.891,52,2023-09-12,Dry,False,RUS,George Russell,Mercedes,Great Britain,25,16,18,0,2,False,False,5991.8,115.887,Medium,-2,99.86,False
134,2023,9,Great Britain,Silverstone,Europe,5.891,52,2023-09-12,Dry,False,MAG,Kevin Magnussen,Haas,Denmark,31,14,12,0,2,False,False,6024.6,113.936,Hard,2,100.41,False
134,2023,9,Great Britain,Silverstone,Europe,5.891,52,2023-09-12,Dry,False,ALB,Alexander Albon,Williams,Thailand,27,8,3,15,3,False,False,5993.6,117.451,Medium,5,99.89,True
134,2023,9,Great Britain,Silverstone,Europe,5.891,52,2023-09-12,Dry,False,ZHO,Guanyu Zhou,Alfa Romeo,China,24,17,14,0,2,False,False,6011.4,114.676,Soft,3,100.19,False
134,2023,9,Great Britain,Silverstone,Europe,5.891,52,2023-09-12,Dry,False,MSC,Mick Schumacher,Haas,Germany,24,20,16,0,2,False,False,6013.8,116.616,Soft,4,100.23,False
135,2023,10,Hungary,Budapest,Europe,4.381,70,2023-10-23,Dry,False,RUS,George Russell,Mercedes,Great Britain,25,9,7,7,3,True,False,5988.0,85.614,Medium,2,99.8,True
135,2023,10,Hungary,Budapest,Europe,4.381,70,2023-10-23,Dry,False,GAS,Pierre Gasly,Alpine,France,27,1,5,10,2,False,False,6013.8,85.238,Medium,-4,100.23,True
135,2023,10,Hungary,Budapest,Europe,4.381,70,2023-10-23,Dry,False,ALB,Alexander Albon,Williams,Thailand,27,15,18,0,2,True,True,6024.6,85.272,Hard,-3,100.41,False
135,2023,10,Hungary,Budapest,Europe,4.381,70,2023-10-23,Dry,False,ZHO,Guanyu Zhou,Alfa Romeo,China,24,5,4,12,2,False,False,5979.5,83.924,Medium,1,99.66,True
135,2023,10,Hungary,Budapest,Europe,4.381,70,2023-10-23,Dry,False,SAI,Carlos Sainz,Ferrari,Spain,29,16,12,0,1,False,False,6021.5,85.86,Hard,4,100.36,False
135,2023,10,Hungary,Budapest,Europe,4.381,70,2023-10-23,Dry,False,HAM,Lewis Hamilton,Mercedes,Great Britain,38,1,6,8,2,False,False,5991.1,85.496,Soft,-5,99.85,True
135,2023,10,Hungary,Budapest,Europe,4.381,70,2023-10-23,Dry,False,PER,Sergio Perez,Red Bull Racing,Mexico,33,12,13,0,1,False,False,6039.5,82.412,Hard,-1,100.66,False
135,2023,10,Hungary,Budapest,Europe,4.381,70,2023-10-23,Dry,False,BOT,Valtteri Bottas,Alfa Romeo,Finland,34,1,2,18,2,False,False,6008.6,84.601,Medium,-1,100.14,True
135,2023,10,Hungary,Budapest,Europe,4.381,70,2023-10-23,Dry,False,MAG,Kevin Magnussen,Haas,Denmark,31,18,20,0,2,False,False,6089.1,86.768,Hard,-2,101.48,False
135,2023,10,Hungary,Budapest,Europe,4.381,70,2023-10-23,Dry,False,MSC,Mick Schumacher,Haas,Germany,24,20,15,0,3,False,False,6035.5,86.024,Soft,5,100.59,False
135,2023,10,Hungary,Budapest,Europe,4.381,70,2023-10-23,Dry,False,VER,Max Verstappen,Red Bull Racing,Netherlands,25,17,17,0,3,True,False,6028.1,84.273,Hard,0,100.47,False
135,2023,10,Hungary,Budapest,Europe,4.381,70,2023-10-23,Dry,False,DEV,Nyck de Vries,AlphaTauri,Netherlands,28,7,11,0,2,False,False,6017.3,86.351,Soft,-4,100.29,False
135,2023,10,Hungary,Budapest,Europe,4.381,70,2023-10-23,Dry,False,OCO,Esteban Ocon,Alpine,France,27,12,15,0,2,False,True,6024.6,84.412,Medium,-3,100.41,False
135,2023,10,Hungary,Budapest,Europe,4.381,70,2023-10-23,Dry,False,NOR,Lando Norris,McLaren,Great Britain,23,1,3,15,1,False,False,5977.4,84.389,Hard,-2,99.62,True
135,2023,10,Hungary,Budapest,Europe,4.381,70,2023-10-23,Dry,False,STR,Lance Stroll,Aston Martin,Canada,25,9,8,4,2,False,False,6005.0,86.564,Medium,1,100.08,True
135,2023,10,Hungary,Budapest,Europe,4.381,70,2023-10-23,Dry,False,LEC,Charles Leclerc,Ferrari,Monaco,26,6,9,2,3,False,False,5985.4,86.607,Hard,-3,99.76,True
135,2023,10,Hungary,Budapest,Europe,4.381,70,2023-10-23,Dry,False,SAR,Logan Sargeant,Williams,USA,23,10,10,1,2,False,False,6020.0,85.136,Hard,0,100.33,True
135,2023,10,Hungary,Budapest,Europe,4.381,70,2023-10-23,Dry,False,TSU,Yuki Tsunoda,AlphaTauri,Japan,23,19,19,0,2,False,False,6035.6,83.389,Medium,0,100.59,False
135,2023,10,Hungary,Budapest,Europe,4.381,70,2023-10-23,Dry,False,HUL,Nico Hulkenberg,Haas,Germany,36,11,16,0,1,False,False,6055.2,83.875,Soft,-5,100.92,False
135,2023,10,Hungary,Budapest,Europe,4.381,70,2023-10-23,Dry,False,ALO,Fernando Alonso,Aston Martin,Spain,42,16,18,0,2,False,False,6025.9,84.538,Medium,-2,100.43,False
136,2023,11,Belgium,Spa,Europe,7.004,44,2023-11-20,Dry,False,STR,Lance Stroll,Aston Martin,Canada,25,12,13,0,3,False,False,6057.8,138.204,Medium,-1,100.96,False
136,2023,11,Belgium,Spa,Europe,7.004,44,2023-11-20,Dry,False,MSC,Mick Schumacher,Haas,Germany,24,4,4,12,2,False,False,6028.2,135.873,Medium,0,100.47,True
136,2023,11,Belgium,Spa,Europe,7.004,44,2023-11-20,Dry,False,OCO,Esteban Ocon,Alpine,France,27,20,20,0,2,True,False,6085.4,136.875,Medium,0,101.42,False
136,2023,11,Belgium,Spa,Europe,7.004,44,2023-11-20,Dry,False,HAM,Lewis Hamilton,Mercedes,Great Britain,38,13,8,4,1,False,False,6047.9,132.94,Medium,5,100.8,True
136,2023,11,Belgium,Spa,Europe,7.004,44,2023-11-20,Dry,False,HUL,Nico Hulkenberg,Haas,Germany,36,4,6,8,2,False,False,6063.0,136.432,Medium,-2,101.05,True
136,2023,11,Belgium,Spa,Europe,7.004,44,2023-11-20,Dry,False,BOT,Valtteri Bottas,Alfa Romeo,Finland,34,9,10,2,3,True,False,6017.0,136.28,Medium,-1,100.28,True
136,2023,11,Belgium,Spa,Europe,7.004,44,2023-11-20,Dry,False,RUS,George Russell,Mercedes,Great Britain,25,14,16,0,1,False,True,6024.6,135.479,Soft,-2,100.41,False
136,2023,11,Belgium,Spa,Europe,7.004,44,2023-11-20,Dry,False,ALB,Alexander Albon,Williams,Thailand,27,7,7,6,2,False,False,6034.6,137.242,Medium,0,100.58,True
136,2023,11,Belgium,Spa,Europe,7.004,44,2023-11-20,Dry,False,GAS,Pierre Gasly,Alpine,France,27,12,16,0,3,False,False,6068.2,134.931,Hard,-4,101.14,False
136,2023,11,Belgium,Spa,Europe,7.004,44,2023-11-20,Dry,False,ZHO,Guanyu Zhou,Alfa Romeo,China,24,16,15,0,3,False,False,6040.0,136.143,Medium,1,100.67,False
136,2023,11,Belgium,Spa,Europe,7.004,44,2023-11-20,Dry,False,LEC,Charles Leclerc,Ferrari,Monaco,26,2,5,10,2,False,False,6020.7,136.036,Soft,-3,100.34,True
136,2023,11,Belgium,Spa,Europe,7.004,44,2023-11-20,Dry,False,VER,Max Verstappen,Red Bull Racing,Netherlands,25,16,19,0,2,False,True,6024.6,136.085,Hard,-3,100.41,False
136,2023,11,Belgium,Spa,Europe,7.004,44,2023-11-20,Dry,False,SAI,Carlos Sainz,Ferrari,Spain,29,12,9,2,2,False,False,6018.1,104.285,Medium,3,100.3,True
136,2023,11,Belgium,Spa,Europe,7.004,44,2023-11-20,Dry,False,ALO,Fernando Alonso,Aston Martin,Spain,42,19,19,0,2,False,False,6070.7,138.406,Soft,0,101.18,False
136,2023,11,Belgium,Spa,Europe,7.004,44,2023-11-20,Dry,False,PER,Sergio Perez,Red Bull Racing,Mexico,33,5,3,15,1,False,False,6024.3,138.305,Medium,2,100.4,True
136,2023,11,Belgium,Spa,Europe,7.004,44,2023-11-20,Dry,False,TSU,Yuki Tsunoda,AlphaTauri,Japan,23,20,18,0,2,False,False,6074.4,140.744,Soft,2,101.24,False
136,2023,11,Belgium,Spa,Europe,7.004,44,2023-11-20,Dry,False,MAG,Kevin Magnussen,Haas,Denmark,31,1,1,26,2,True,False,6031.7,135.896,Soft,0,100.53,True
136,2023,11,Belgium,Spa,Europe,7.004,44,2023-11-20,Dry,False,DEV,Nyck de Vries,AlphaTauri,Netherlands,28,19,19,0,2,False,True,6024.6,135.478,Soft,0,100.41,False
136,2023,11,Belgium,Spa,Europe,7.004,44,2023-11-20,Dry,False,SAR,Logan Sargeant,Williams,USA,23,7,12,0,2,False,False,6071.2,135.078,Hard,-5,101.19,False
136,2023,11,Belgium,Spa,Europe,7.004,44,2023-11-20,Dry,False,NOR,Lando Norris,McLaren,Great Britain,23,14,14,0,3,False,False,6070.1,135.182,Medium,0,101.17,False
137,2023,12,Netherlands,Zandvoort,Europe,4.259,72,2023-01-04,Dry,False,RUS,George Russell,Mercedes,Great Britain,25,19,19,0,3,False,True,6024.6,85.131,Medium,0,100.41,False
137,2023,12,Netherlands,Zandvoort,Europe,4.259,72,2023-01-04,Dry,False,MAG,Kevin Magnussen,Haas,Denmark,31,20,16,0,3,False,True,6024.6,84.787,Soft,4,100.41,False
137,2023,12,Netherlands,Zandvoort,Europe,4.259,72,2023-01-04,Dry,False,HUL,Nico Hulkenberg,Haas,Germany,36,14,11,0,2,False,False,5993.3,84.098,Medium,3,99.89,False
137,2023,12,Netherlands,Zandvoort,Europe,4.259,72,2023-01-04,Dry,False,PER,Sergio Perez,Red Bull Racing,Mexico,33,1,2,18,1,False,False,5974.5,83.986,Medium,-1,99.58,True
137,2023,12,Netherlands,Zandvoort,Europe,4.259,72,2023-01-04,Dry,False,ZHO,Guanyu Zhou,Alfa Romeo,China,24,5,1,26,3,True,False,5966.2,82.904,Medium,4,99.44,True
137,2023,12,Netherlands,Zandvoort,Europe,4.259,72,2023-01-04,Dry,False,DEV,Nyck de Vries,AlphaTauri,Netherlands,28,9,13,0,3,False,False,6007.9,84.231,Medium,-4,100.13,False
137,2023,12,Netherlands,Zandvoort,Europe,4.259,72,2023-01-04,Dry,False,HAM,Lewis Hamilton,Mercedes,Great Britain,38,20,20,0,3,False,False,6040.3,83.274,Hard,0,100.67,False
137,2023,12,Netherlands,Zandvoort,Europe,4.259,72,2023-01-04,Dry,False,SAR,Logan Sargeant,Williams,USA,23,5,4,12,2,False,False,6014.8,82.636,Medium,1,100.25,True
137,2023,12,Netherlands,Zandvoort,Europe,4.259,72,2023-01-04,Dry,False,NOR,Lando Norris,McLaren,Great Britain,23,18,19,0,2,False,False,6068.4,85.257,Medium,-1,101.14,False
137,2023,12,Netherlands,Zandvoort,Europe,4.259,72,2023-01-04,Dry,False,BOT,Valtteri Bottas,Alfa Romeo,Finland,34,14,17,0,2,False,False,6024.5,83.44,Soft,-3,100.41,False
137,2023,12,Netherlands,Zandvoort,Europe,4.259,72,2023-01-04,Dry,False,STR,Lance Stroll,Aston Martin,Canada,25,6,9,2,2,False,False,6006.4,83.931,Soft,-3,100.11,True
137,2023,12,Netherlands,Zandvoort,Europe,4.259,72,2023-01-04,Dry,False,MSC,Mick Schumacher,Haas,Germany,24,20,18,0,1,False,False,6036.7,82.796,Soft,2,100.61,False
137,2023,12,Netherlands,Zandvoort,Europe,4.259,72,2023-01-04,Dry,False,VER,Max Verstappen,Red Bull Racing,Netherlands,25,9,10,1,1,False,False,6011.0,83.052,Soft,-1,100.18,True
137,2023,12,Netherlands,Zandvoort,Europe,4.259,72,2023-01-04,Dry,False,GAS,Pierre Gasly,Alpine,France,27,7,12,0,1,False,False,6048.7,86.277,Soft,-5,100.81,False
137,2023,12,Netherlands,Zandvoort,Europe,4.259,72,2023-01-04,Dry,False,OCO,Esteban Ocon,Alpine,France,27,2,7,6,2,False,False,6023.1,82.837,Soft,-5,100.38,True
137,2023,12,Netherlands,Zandvoort,Europe,4.259,72,2023-01-04,Dry,False,LEC,Charles Leclerc,Ferrari,Monaco,26,8,6,9,2,True,False,6000.3,82.969,Medium,2,100.01,True
137,2023,12,Netherlands,Zandvoort,Europe,4.259,72,2023-01-04,Dry,False,SAI,Carlos Sainz,Ferrari,Spain,29,19,20,0,1,False,True,6024.6,81.811,Medium,-1,100.41,False
137,2023,12,Netherlands,Zandvoort,Europe,4.259,72,2023-01-04,Dry,False,TSU,Yuki Tsunoda,AlphaTauri,Japan,23,19,14,0,1,True,False,6024.6,82.489,Medium,5,100.41,False
137,2023,12,Netherlands,Zandvoort,Europe,4.259,72,2023-01-04,Dry,False,ALB,Alexander Albon,Williams,Thailand,27,4,3,15,2,False,False,5986.4,80.151,Medium,1,99.77,True
137,2023,12,Netherlands,Zandvoort,Europe,4.259,72,2023-01-04,Dry,False,ALO,Fernando Alonso,Aston Martin,Spain,42,5,5,10,2,False,False,6014.8,83.976,Hard,0,100.25,True
138,2023,13,Italy,Monza,Europe,5.793,53,2023-02-21,Dry,True,SAI,Carlos Sainz,Ferrari,Spain,29,13,9,2,1,False,False,6017.9,111.903,Soft,4,100.3,True
138,2023,13,Italy,Monza,Europe,5.793,53,2023-02-21,Dry,True,BOT,Valtteri Bottas,Alfa Romeo,Finland,34,15,13,0,2,False,False,6048.2,115.098,Hard,2,100.8,False
138,2023,13,Italy,Monza,Europe,5.793,53,2023-02-21,Dry,True,MSC,Mick Schumacher,Haas,Germany,24,1,3,15,2,False,False,6010.7,112.353,Soft,-2,100.18,True
138,2023,13,Italy,Monza,Europe,5.793,53,2023-02-21,Dry,True,TSU,Yuki Tsunoda,AlphaTauri,Japan,23,7,10,1,1,False,False,6039.5,111.284,Soft,-3,100.66,True
138,2023,13,Italy,Monza,Europe,5.793,53,2023-02-21,Dry,True,PER,Sergio Perez,Red Bull Racing,Mexico,33,8,5,10,3,False,False,5980.7,110.862,Soft,3,99.68,True
138,2023,13,Italy,Monza,Europe,5.793,53,2023-02-21,Dry,True,LEC,Charles Leclerc,Ferrari,Monaco,26,18,19,0,1,False,False,6078.1,111.472,Medium,-1,101.3,False
138,2023,13,Italy,Monza,Europe,5.793,53,2023-02-21,Dry,True,HUL,Nico Hulkenberg,Haas,Germany,36,10,7,6,1,False,False,6005.3,113.179,Soft,3,100.09,True
138,2023,13,Italy,Monza,Europe,5.793,53,2023-02-21,Dry,True,NOR,Lando Norris,McLaren,Great Britain,23,20,18,0,3,False,False,6055.4,112.505,Soft,2,100.92,False
138,2023,13,Italy,Monza,Europe,5.793,53,2023-02-21,Dry,True,RUS,George Russell,Mercedes,Great Britain,25,3,6,8,2,False,False,6024.6,108.719,Soft,-3,100.41,True
138,2023,13,Italy,Monza,Europe,5.793,53,2023-02-21,Dry,True,SAR,Logan Sargeant,Williams,USA,23,13,15,0,2,False,False,6040.6,111.883,Medium,-2,100.68,False
138,2023,13,Italy,Monza,Europe,5.793,53,2023-02-21,Dry,True,GAS,Pierre Gasly,Alpine,France,27,2,4,12,2,False,False,6016.0,112.603,Hard,-2,100.27,True
138,2023,13,Italy,Monza,Europe,5.793,53,2023-02-21,Dry,True,STR,Lance Stroll,Aston Martin,Canada,25,14,17,0,1,False,True,6024.6,113.742,Soft,-3,100.41,False
138,2023,13,Italy,Monza,Europe,5.793,53,2023-02-21,Dry,True,ZHO,Guanyu Zhou,Alfa Romeo,China,24,7,2,18,2,False,False,5983.0,112.139,Hard,5,99.72,True
138,2023,13,Italy,Monza,Europe,5.793,53,2023-02-21,Dry,True,OCO,Esteban Ocon,Alpine,France,27,1,1,26,3,True,False,6005.1,113.313,Medium,0,100.08,True
138,2023,13,Italy,Monza,Europe,5.793,53,2023-02-21,Dry,True,VER,Max Verstappen,Red Bull Racing,Netherlands,25,20,16,0,1,False,False,6024.6,114.653,Medium,4,100.41,False
138,2023,13,Italy,Monza,Europe,5.793,53,2023-02-21,Dry,True,DEV,Nyck de Vries,AlphaTauri,Netherlands,28,19,17,0,2,False,False,6056.9,113.248,Medium,2,100.95,False
138,2023,13,Italy,Monza,Europe,5.793,53,2023-02-21,Dry,True,HAM,Lewis Hamilton,Mercedes,Great Britain,38,14,14,0,2,False,False,6020.8,115.162,Medium,0,100.35,False
138,2023,13,Italy,Monza,Europe,5.793,53,2023-02-21,Dry,True,ALO,Fernando Alonso,Aston Martin,Spain,42,11,8,4,2,False,False,6012.4,113.337,Medium,3,100.21,True
138,2023,13,Italy,Monza,Europe,5.793,53,2023-02-21,Dry,True,ALB,Alexander Albon,Williams,Thailand,27,20,19,0,3,False,True,6024.6,112.669,Medium,1,100.41,False
138,2023,13,Italy,Monza,Europe,5.793,53,2023-02-21,Dry,True,MAG,Kevin Magnussen,Haas,Denmark,31,19,20,0,1,False,False,6057.5,110.304,Hard,-1,100.96,False
139,2023,14,Singapore,Marina Bay,Asia Pacific,5.063,61,2023-03-10,Dry,False,MAG,Kevin Magnussen,Haas,Denmark,31,16,11,0,3,False,False,6031.6,100.029,Soft,5,100.53,False
139,2023,14,Singapore,Marina Bay,Asia Pacific,5.063,61,2023-03-10,Dry,False,HUL,Nico Hulkenberg,Haas,Germany,36,17,14,0,3,False,False,6074.9,98.982,Hard,3,101.25,False
139,2023,14,Singapore,Marina Bay,Asia Pacific,5.063,61,2023-03-10,Dry,False,SAI,Carlos Sainz,Ferrari,Spain,29,1,4,12,1,False,False,6025.2,97.505,Medium,-3,100.42,True
139,2023,14,Singapore,Marina Bay,Asia Pacific,5.063,61,2023-03-10,Dry,False,VER,Max Verstappen,Red Bull Racing,Netherlands,25,16,18,0,2,False,True,6024.6,97.504,Hard,-2,100.41,False
139,2023,14,Singapore,Marina Bay,Asia Pacific,5.063,61,2023-03-10,Dry,False,ALB,Alexander Albon,Williams,Thailand,27,1,2,18,3,False,False,6015.7,100.204,Medium,-1,100.26,True
139,2023,14,Singapore,Marina Bay,Asia Pacific,5.063,61,2023-03-10,Dry,False,TSU,Yuki Tsunoda,AlphaTauri,Japan,23,11,7,6,3,False,False,6052.7,98.036,Hard,4,100.88,True
139,2023,14,Singapore,Marina Bay,Asia Pacific,5.063,61,2023-03-10,Dry,False,ALO,Fernando Alonso,Aston Martin,Spain,42,19,15,0,2,False,False,6082.2,98.919,Medium,4,101.37,False
139,2023,14,Singapore,Marina Bay,Asia Pacific,5.063,61,2023-03-10,Dry,False,RUS,George Russell,Mercedes,Great Britain,25,20,16,0,2,False,False,6073.9,99.436,Soft,4,101.23,False
139,2023,14,Singapore,Marina Bay,Asia Pacific,5.063,61,2023-03-10,Dry,False,ZHO,Guanyu Zhou,Alfa Romeo,China,24,2,1,26,3,True,False,6031.4,96.766,Medium,1,100.52,True
139,2023,14,Singapore,Marina Bay,Asia Pacific,5.063,61,2023-03-10,Dry,False,STR,Lance Stroll,Aston Martin,Canada,25,19,16,0,2,False,True,6024.6,99.447,Soft,3,100.41,False
139,2023,14,Singapore,Marina Bay,Asia Pacific,5.063,61,2023-03-10,Dry,False,HAM,Lewis Hamilton,Mercedes,Great Britain,38,7,10,1,2,False,False,6049.3,99.647,Hard,-3,100.82,True
139,2023,14,Singapore,Marina Bay,Asia Pacific,5.063,61,2023-03-10,Dry,False,NOR,Lando Norris,McLaren,Great Britain,23,18,13,0,2,False,False,6099.2,97.772,Medium,5,101.65,False
139,2023,14,Singapore,Marina Bay,Asia Pacific,5.063,61,2023-03-10,Dry,False,OCO,Esteban Ocon,Alpine,France,27,9,5,10,2,False,False,6042.5,101.118,Hard,4,100.71,True
139,2023,14,Singapore,Marina Bay,Asia Pacific,5.063,61,2023-03-10,Dry,False,GAS,Pierre Gasly,Alpine,France,27,3,6,8,1,False,False,6033.9,96.416,Hard,-3,100.56,True
139,2023,14,Singapore,Marina Bay,Asia Pacific,5.063,61,2023-03-10,Dry,False,MSC,Mick Schumacher,Haas,Germany,24,1,3,15,2,False,False,6018.8,98.956,Hard,-2,100.31,True
139,2023,14,Singapore,Marina Bay,Asia Pacific,5.063,61,2023-03-10,Dry,False,PER,Sergio Perez,Red Bull Racing,Mexico,33,15,15,0,1,False,True,6024.6,97.013,Soft,0,100.41,False
139,2023,14,Singapore,Marina Bay,Asia Pacific,5.063,61,2023-03-10,Dry,False,BOT,Valtteri Bottas,Alfa Romeo,Finland,34,15,12,0,3,False,False,6074.3,98.902,Soft,3,101.24,False
139,2023,14,Singapore,Marina Bay,Asia Pacific,5.063,61,2023-03-10,Dry,False,SAR,Logan Sargeant,Williams,USA,23,5,8,4,1,False,False,6010.1,96.824,Medium,-3,100.17,True
139,2023,14,Singapore,Marina Bay,Asia Pacific,5.063,61,2023-03-10,Dry,False,LEC,Charles Leclerc,Ferrari,Monaco,26,17,18,0,2,False,False,6091.9,97.999,Medium,-1,101.53,False
139,2023,14,Singapore,Marina Bay,Asia Pacific,5.063,61,2023-03-10,Dry,False,DEV,Nyck de Vries,AlphaTauri,Netherlands,28,20,19,0,3,False,False,6084.8,101.823,Soft,1,101.41,False
140,2023,15,Japan,Suzuka,Asia Pacific,5.807,53,2023-04-13,Dry,True,ALO,Fernando Alonso,Aston Martin,Spain,42,3,7,6,2,False,False,6046.6,115.344,Hard,-4,100.78,True
140,2023,15,Japan,Suzuka,Asia Pacific,5.807,53,2023-04-13,Dry,True,TSU,Yuki Tsunoda,AlphaTauri,Japan,23,20,20,0,2,False,False,6093.7,114.122,Medium,0,101.56,False
140,2023,15,Japan,Suzuka,Asia Pacific,5.807,53,2023-04-13,Dry,True,DEV,Nyck de Vries,AlphaTauri,Netherlands,28,20,17,0,3,False,False,6055.0,112.686,Medium,3,100.92,False
140,2023,15,Japan,Suzuka,Asia Pacific,5.807,53,2023-04-13,Dry,True,STR,Lance Stroll,Aston Martin,Canada,25,10,8,4,2,False,False,6021.2,110.364,Soft,2,100.35,True
140,2023,15,Japan,Suzuka,Asia Pacific,5.807,53,2023-04-13,Dry,True,NOR,Lando Norris,McLaren,Great Britain,23,10,11,0,1,False,False,6034.7,113.498,Soft,-1,100.58,False
140,2023,15,Japan,Suzuka,Asia Pacific,5.807,53,2023-04-13,Dry,True,ALB,Alexander Albon,Williams,Thailand,27,13,15,0,2,False,False,6057.2,115.127,Medium,-2,100.95,False
140,2023,15,Japan,Suzuka,Asia Pacific,5.807,53,2023-04-13,Dry,True,MAG,Kevin Magnussen,Haas,Denmark,31,4,1,26,2,True,False,5991.2,112.992,Soft,3,99.85,True
140,2023,15,Japan,Suzuka,Asia Pacific,5.807,53,2023-04-13,Dry,True,SAR,Logan Sargeant,Williams,USA,23,19,15,0,1,False,True,6024.6,114.935,Hard,4,100.41,False
140,2023,15,Japan,Suzuka,Asia Pacific,5.807,53,2023-04-13,Dry,True,HUL,Nico Hulkenberg,Haas,Germany,36,3,3,15,1,False,False,6012.9,112.622,Soft,0,100.21,True
140,2023,15,Japan,Suzuka,Asia Pacific,5.807,53,2023-04-13,Dry,True,GAS,Pierre Gasly,Alpine,France,27,10,13,0,3,False,False,6044.9,113.11,Medium,-3,100.75,False
140,2023,15,Japan,Suzuka,Asia Pacific,5.807,53,2023-04-13,Dry,True,SAI,Carlos Sainz,Ferrari,Spain,29,6,5,10,2,False,False,6007.1,114.477,Soft,1,100.12,True
140,2023,15,Japan,Suzuka,Asia Pacific,5.807,53,2023-04-13,Dry,True,MSC,Mick Schumacher,Haas,Germany,24,18,16,0,1,False,True,6024.6,112.547,Hard,2,100.41,False
140,2023,15,Japan,Suzuka,Asia Pacific,5.807,53,2023-04-13,Dry,True,LEC,Charles Leclerc,Ferrari,Monaco,26,8,12,0,1,False,False,6032.8,115.079,Medium,-4,100.55,False
140,2023,15,Japan,Suzuka,Asia Pacific,5.807,53,2023-04-13,Dry,True,OCO,Esteban Ocon,Alpine,France,27,1,2,18,2,False,False,5989.2,114.012,Hard,-1,99.82,True
140,2023,15,Japan,Suzuka,Asia Pacific,5.807,53,2023-04-13,Dry,True,PER,Sergio Perez,Red Bull Racing,Mexico,33,10,10,1,1,False,False,6040.9,114.225,Soft,0,100.68,True
140,2023,15,Japan,Suzuka,Asia Pacific,5.807,53,2023-04-13,Dry,True,VER,Max Verstappen,Red Bull Racing,Netherlands,25,8,4,12,2,False,False,6007.7,113.985,Medium,4,100.13,True
140,2023,15,Japan,Suzuka,Asia Pacific,5.807,53,2023-04-13,Dry,True,HAM,Lewis Hamilton,Mercedes,Great Britain,38,12,14,0,2,False,False,6061.6,114.037,Medium,-2,101.03,False
140,2023,15,Japan,Suzuka,Asia Pacific,5.807,53,2023-04-13,Dry,True,ZHO,Guanyu Zhou,Alfa Romeo,China,24,19,16,0,2,False,False,6072.3,115.034,Medium,3,101.2,False
140,2023,15,Japan,Suzuka,Asia Pacific,5.807,53,2023-04-13,Dry,True,BOT,Valtteri Bottas,Alfa Romeo,Finland,34,20,18,0,1,False,False,6078.3,114.138,Hard,2,101.3,False
140,2023,15,Japan,Suzuka,Asia Pacific,5.807,53,2023-04-13,Dry,True,RUS,George Russell,Mercedes,Great Britain,25,8,9,2,3,False,False,6038.2,112.745,Medium,-1,100.64,True
141,2023,16,United States,Austin,Americas,5.513,56,2023-05-22,Dry,False,LEC,Charles Leclerc,Ferrari,Monaco,26,11,15,0,2,False,False,6077.0,108.021,Soft,-4,101.28,False
141,2023,16,United States,Austin,Americas,5.513,56,2023-05-22,Dry,False,BOT,Valtteri Bottas,Alfa Romeo,Finland,34,2,1,26,2,True,False,6022.8,105.25,Soft,1,100.38,True
141,2023,16,United States,Austin,Americas,5.513,56,2023-05-22,Dry,False,TSU,Yuki Tsunoda,AlphaTauri,Japan,23,1,5,10,2,False,False,6038.6,107.156,Soft,-4,100.64,True
141,2023,16,United States,Austin,Americas,5.513,56,2023-05-22,Dry,False,NOR,Lando Norris,McLaren,Great Britain,23,6,6,8,1,False,False,6057.2,109.046,Medium,0,100.95,True
141,2023,16,United States,Austin,Americas,5.513,56,2023-05-22,Dry,False,MAG,Kevin Magnussen,Haas,Denmark,31,11,8,4,2,False,False,6024.6,106.901,Medium,3,100.41,True
141,2023,16,United States,Austin,Americas,5.513,56,2023-05-22,Dry,False,SAI,Carlos Sainz,Ferrari,Spain,29,9,4,12,2,False,False,6045.8,109.643,Hard,5,100.76,True
141,2023,16,United States,Austin,Americas,5.513,56,2023-05-22,Dry,False,PER,Sergio Perez,Red Bull Racing,Mexico,33,18,16,0,2,False,False,6064.3,110.085,Medium,2,101.07,False
141,2023,16,United States,Austin,Americas,5.513,56,2023-05-22,Dry,False,HAM,Lewis Hamilton,Mercedes,Great Britain,38,7,2,18,2,False,False,6023.1,109.304,Medium,5,100.38,True
141,2023,16,United States,Austin,Americas,5.513,56,2023-05-22,Dry,False,GAS,Pierre Gasly,Alpine,France,27,9,10,1,2,False,False,6061.1,107.015,Medium,-1,101.02,True
141,2023,16,United States,Austin,Americas,5.513,56,2023-05-22,Dry,False,STR,Lance Stroll,Aston Martin,Canada,25,15,11,0,2,False,False,6045.6,108.086,Soft,4,100.76,False
141,2023,16,United States,Austin,Americas,5.513,56,2023-05-22,Dry,False,ALB,Alexander Albon,Williams,Thailand,27,20,20,0,2,False,False,6088.4,108.205,Soft,0,101.47,False
141,2023,16,United States,Austin,Americas,5.513,56,2023-05-22,Dry,False,OCO,Esteban Ocon,Alpine,France,27,20,19,0,1,False,False,6102.9,105.948,Hard,1,101.71,False
141,2023,16,United States,Austin,Americas,5.513,56,2023-05-22,Dry,False,ALO,Fernando Alonso,Aston Martin,Spain,42,16,18,0,2,False,False,6096.9,107.24,Medium,-2,101.62,False
141,2023,16,United States,Austin,Americas,5.513,56,2023-05-22,Dry,False,VER,Max Verstappen,Red Bull Racing,Netherlands,25,8,13,0,2,False,False,6065.5,105.873,Medium,-5,101.09,False
141,2023,16,United States,Austin,Americas,5.513,56,2023-05-22,Dry,False,ZHO,Guanyu Zhou,Alfa Romeo,China,24,15,12,0,1,False,False,6061.0,104.285,Medium,3,101.02,False
141,2023,16,United States,Austin,Americas,5.513,56,2023-05-22,Dry,False,MSC,Mick Schumacher,Haas,Germany,24,19,14,0,2,False,False,6042.6,107.88,Medium,5,100.71,False
141,2023,16,United States,Austin,Americas,5.513,56,2023-05-22,Dry,False,RUS,George Russell,Mercedes,Great Britain,25,10,7,6,2,False,False,6050.3,107.17,Soft,3,100.84,True
141,2023,16,United States,Austin,Americas,5.513,56,2023-05-22,Dry,False,HUL,Nico Hulkenberg,Haas,Germany,36,20,19,0,1,False,True,6024.6,107.462,Soft,1,100.41,False
141,2023,16,United States,Austin,Americas,5.513,56,2023-05-22,Dry,False,SAR,Logan Sargeant,Williams,USA,23,13,9,2,1,False,False,6047.3,106.579,Medium,4,100.79,True
141,2023,16,United States,Austin,Americas,5.513,56,2023-05-22,Dry,False,DEV,Nyck de Vries,AlphaTauri,Netherlands,28,12,17,0,1,False,False,6075.6,108.751,Medium,-5,101.26,False
142,2023,17,Mexico,Mexico City,Americas,4.304,71,2023-06-23,Dry,False,BOT,Valtteri Bottas,Alfa Romeo,Finland,34,13,11,0,2,False,False,5994.9,86.889,Medium,2,99.92,False
142,2023,17,Mexico,Mexico City,Americas,4.304,71,2023-06-23,Dry,False,VER,Max Verstappen,Red Bull Racing,Netherlands,25,6,4,12,3,False,False,5974.9,83.874,Medium,2,99.58,True
142,2023,17,Mexico,Mexico City,Americas,4.304,71,2023-06-23,Dry,False,SAI,Carlos Sainz,Ferrari,Spain,29,18,15,0,2,False,False,6022.0,83.24,Soft,3,100.37,False
142,2023,17,Mexico,Mexico City,Americas,4.304,71,2023-06-23,Dry,False,MSC,Mick Schumacher,Haas,Germany,24,6,9,2,3,False,False,6024.6,85.708,Hard,-3,100.41,True
142,2023,17,Mexico,Mexico City,Americas,4.304,71,2023-06-23,Dry,False,ALB,Alexander Albon,Williams,Thailand,27,4,2,18,2,False,False,5972.5,84.39,Medium,2,99.54,True
142,2023,17,Mexico,Mexico City,Americas,4.304,71,2023-06-23,Dry,False,NOR,Lando Norris,McLaren,Great Britain,23,1,3,15,1,False,False,5990.5,83.563,Hard,-2,99.84,True
142,2023,17,Mexico,Mexico City,Americas,4.304,71,2023-06-23,Dry,False,MAG,Kevin Magnussen,Haas,Denmark,31,14,18,0,3,False,False,6020.8,82.81,Medium,-4,100.35,False
142,2023,17,Mexico,Mexico City,Americas,4.304,71,2023-06-23,Dry,False,ZHO,Guanyu Zhou,Alfa Romeo,China,24,5,1,26,2,True,False,5973.1,82.795,Soft,4,99.55,True
142,2023,17,Mexico,Mexico City,Americas,4.304,71,2023-06-23,Dry,False,SAR,Logan Sargeant,Williams,USA,23,4,7,7,3,True,False,5984.2,86.515,Hard,-3,99.74,True
142,2023,17,Mexico,Mexico City,Americas,4.304,71,2023-06-23,Dry,False,RUS,George Russell,Mercedes,Great Britain,25,18,17,0,1,False,False,6032.6,81.985,Hard,1,100.54,False
142,2023,17,Mexico,Mexico City,Americas,4.304,71,2023-06-23,Dry,False,PER,Sergio Perez,Red Bull Racing,Mexico,33,14,14,0,2,False,False,5973.7,82.823,Medium,0,99.56,False
142,2023,17,Mexico,Mexico City,Americas,4.304,71,2023-06-23,Dry,False,GAS,Pierre Gasly,Alpine,France,27,16,19,0,2,False,False,6019.1,82.212,Hard,-3,100.32,False
142,2023,17,Mexico,Mexico City,Americas,4.304,71,2023-06-23,Dry,False,ALO,Fernando Alonso,Aston Martin,Spain,42,13,8,4,2,False,False,5973.0,83.097,Medium,5,99.55,True
142,2023,17,Mexico,Mexico City,Americas,4.304,71,2023-06-23,Dry,False,DEV,Nyck de Vries,AlphaTauri,Netherlands,28,18,16,0,2,False,False,6018.4,83.623,Medium,2,100.31,False
142,2023,17,Mexico,Mexico City,Americas,4.304,71,2023-06-23,Dry,False,STR,Lance Stroll,Aston Martin,Canada,25,14,10,1,2,False,False,5983.7,84.914,Medium,4,99.73,True
142,2023,17,Mexico,Mexico City,Americas,4.304,71,2023-06-23,Dry,False,OCO,Esteban Ocon,Alpine,France,27,9,6,8,2,False,False,6009.4,84.567,Soft,3,100.16,True
142,2023,17,Mexico,Mexico City,Americas,4.304,71,2023-06-23,Dry,False,HAM,Lewis Hamilton,Mercedes,Great Britain,38,17,12,0,2,False,False,5970.7,81.222,Soft,5,99.51,False
142,2023,17,Mexico,Mexico City,Americas,4.304,71,2023-06-23,Dry,False,TSU,Yuki Tsunoda,AlphaTauri,Japan,23,5,5,10,2,False,False,6002.4,83.596,Hard,0,100.04,True
142,2023,17,Mexico,Mexico City,Americas,4.304,71,2023-06-23,Dry,False,HUL,Nico Hulkenberg,Haas,Germany,36,20,20,0,3,False,False,6029.1,85.05,Medium,0,100.48,False
142,2023,17,Mexico,Mexico City,Americas,4.304,71,2023-06-23,Dry,False,LEC,Charles Leclerc,Ferrari,Monaco,26,10,13,0,1,False,False,5987.2,85.946,Medium,-3,99.79,False
143,2023,18,Brazil,Sao Paulo,Americas,4.309,71,2023-07-11,Mixed,False,ALB,Alexander Albon,Williams,Thailand,27,17,18,0,2,False,False,6008.7,83.676,Medium,-1,100.14,False
143,2023,18,Brazil,Sao Paulo,Americas,4.309,71,2023-07-11,Mixed,False,LEC,Charles Leclerc,Ferrari,Monaco,26,5,7,6,3,False,False,6012.3,84.429,Medium,-2,100.2,True
143,2023,18,Brazil,Sao Paulo,Americas,4.309,71,2023-07-11,Mixed,False,BOT,Valtteri Bottas,Alfa Romeo,Finland,34,15,19,0,3,False,False,6020.8,82.27,Hard,-4,100.35,False
143,2023,18,Brazil,Sao Paulo,Americas,4.309,71,2023-07-11,Mixed,False,SAI,Carlos Sainz,Ferrari,Spain,29,16,12,0,3,False,False,5997.0,83.404,Soft,4,99.95,False
143,2023,18,Brazil,Sao Paulo,Americas,4.309,71,2023-07-11,Mixed,False,MSC,Mick Schumacher,Haas,Germany,24,8,9,2,2,False,False,5995.2,83.552,Soft,-1,99.92,True
143,2023,18,Brazil,Sao Paulo,Americas,4.309,71,2023-07-11,Mixed,False,HUL,Nico Hulkenberg,Haas,Germany,36,16,15,0,1,False,False,6027.8,82.679,Soft,1,100.46,False
143,2023,18,Brazil,Sao Paulo,Americas,4.309,71,2023-07-11,Mixed,False,TSU,Yuki Tsunoda,AlphaTauri,Japan,23,13,11,0,2,False,False,6014.3,86.407,Soft,2,100.24,False
143,2023,18,Brazil,Sao Paulo,Americas,4.309,71,2023-07-11,Mixed,False,OCO,Esteban Ocon,Alpine,France,27,20,16,0,2,False,True,6024.6,81.265,Medium,4,100.41,False
143,2023,18,Brazil,Sao Paulo,Americas,4.309,71,2023-07-11,Mixed,False,HAM,Lewis Hamilton,Mercedes,Great Britain,38,15,10,1,2,False,False,5958.5,85.319,Soft,5,99.31,True
143,2023,18,Brazil,Sao Paulo,Americas,4.309,71,2023-07-11,Mixed,False,VER,Max Verstappen,Red Bull Racing,Netherlands,25,6,2,18,2,False,False,5974.5,84.904,Medium,4,99.58,True
143,2023,18,Brazil,Sao Paulo,Americas,4.309,71,2023-07-11,Mixed,False,GAS,Pierre Gasly,Alpine,France,27,20,17,0,1,False,False,6034.7,82.614,Hard,3,100.58,False
143,2023,18,Brazil,Sao Paulo,Americas,4.309,71,2023-07-11,Mixed,False,PER,Sergio Perez,Red Bull Racing,Mexico,33,7,4,12,2,False,False,5973.7,84.089,Medium,3,99.56,True
143,2023,18,Brazil,Sao Paulo,Americas,4.309,71,2023-07-11,Mixed,False,STR,Lance Stroll,Aston Martin,Canada,25,15,13,0,2,False,False,6024.7,82.802,Medium,2,100.41,False
143,2023,18,Brazil,Sao Paulo,Americas,4.309,71,2023-07-11,Mixed,False,ALO,Fernando Alonso,Aston Martin,Spain,42,11,8,4,3,False,False,5987.7,81.488,Hard,3,99.8,True
143,2023,18,Brazil,Sao Paulo,Americas,4.309,71,2023-07-11,Mixed,False,NOR,Lando Norris,McLaren,Great Britain,23,1,1,26,1,True,False,5967.5,84.601,Medium,0,99.46,True
143,2023,18,Brazil,Sao Paulo,Americas,4.309,71,2023-07-11,Mixed,False,MAG,Kevin Magnussen,Haas,Denmark,31,18,14,0,1,False,False,6031.8,83.376,Medium,4,100.53,False
143,2023,18,Brazil,Sao Paulo,Americas,4.309,71,2023-07-11,Mixed,False,DEV,Nyck de Vries,AlphaTauri,Netherlands,28,5,6,8,2,False,False,5990.5,83.343,Medium,-1,99.84,True
143,2023,18,Brazil,Sao Paulo,Americas,4.309,71,2023-07-11,Mixed,False,RUS,George Russell,Mercedes,Great Britain,25,1,3,15,1,False,False,5976.2,83.141,Hard,-2,99.6,True
143,2023,18,Brazil,Sao Paulo,Americas,4.309,71,2023-07-11,Mixed,False,ZHO,Guanyu Zhou,Alfa Romeo,China,24,12,15,0,2,False,True,6024.6,80.942,Hard,-3,100.41,False
143,2023,18,Brazil,Sao Paulo,Americas,4.309,71,2023-07-11,Mixed,False,SAR,Logan Sargeant,Williams,USA,23,1,5,10,2,False,False,6007.4,84.651,Hard,-4,100.12,True
144,2023,19,Abu Dhabi,Yas Marina,Middle East,5.281,55,2023-08-13,Dry,False,VER,Max Verstappen,Red Bull Racing,Netherlands,25,4,8,4,2,False,False,5704.2,103.26,Soft,-4,95.07,True
144,2023,19,Abu Dhabi,Yas Marina,Middle East,5.281,55,2023-08-13,Dry,False,MSC,Mick Schumacher,Haas,Germany,24,1,3,15,2,False,False,5703.9,101.922,Medium,-2,95.06,True
144,2023,19,Abu Dhabi,Yas Marina,Middle East,5.281,55,2023-08-13,Dry,False,NOR,Lando Norris,McLaren,Great Britain,23,11,6,8,2,False,False,5666.3,101.524,Medium,5,94.44,True
144,2023,19,Abu Dhabi,Yas Marina,Middle East,5.281,55,2023-08-13,Dry,False,RUS,George Russell,Mercedes,Great Britain,25,12,11,0,2,False,False,5680.5,102.603,Medium,1,94.68,False
144,2023,19,Abu Dhabi,Yas Marina,Middle East,5.281,55,2023-08-13,Dry,False,PER,Sergio Perez,Red Bull Racing,Mexico,33,6,4,12,2,False,False,5664.0,104.71,Medium,2,94.4,True
144,2023,19,Abu Dhabi,Yas Marina,Middle East,5.281,55,2023-08-13,Dry,False,HAM,Lewis Hamilton,Mercedes,Great Britain,38,19,20,0,2,False,False,5766.5,103.826,Hard,-1,96.11,False
144,2023,19,Abu Dhabi,Yas Marina,Middle East,5.281,55,2023-08-13,Dry,False,LEC,Charles Leclerc,Ferrari,Monaco,26,10,15,0,2,False,False,5713.2,103.207,Medium,-5,95.22,False
144,2023,19,Abu Dhabi,Yas Marina,Middle East,5.281,55,2023-08-13,Dry,False,STR,Lance Stroll,Aston Martin,Canada,25,13,16,0,2,False,False,5733.7,101.664,Medium,-3,95.56,False
144,2023,19,Abu Dhabi,Yas Marina,Middle East,5.281,55,2023-08-13,Dry,False,SAR,Logan Sargeant,Williams,USA,23,4,7,6,2,False,False,5683.5,102.738,Medium,-3,94.72,True
144,2023,19,Abu Dhabi,Yas Marina,Middle East,5.281,55,2023-08-13,Dry,False,GAS,Pierre Gasly,Alpine,France,27,12,13,0,3,False,False,5688.4,104.918,Hard,-1,94.81,False
144,2023,19,Abu Dhabi,Yas Marina,Middle East,5.281,55,2023-08-13,Dry,False,SAI,Carlos Sainz,Ferrari,Spain,29,4,9,2,3,False,False,5693.4,103.013,Hard,-5,94.89,True
144,2023,19,Abu Dhabi,Yas Marina,Middle East,5.281,55,2023-08-13,Dry,False,BOT,Valtteri Bottas,Alfa Romeo,Finland,34,17,14,0,2,False,False,5717.9,103.258,Soft,3,95.3,False
144,2023,19,Abu Dhabi,Yas Marina,Middle East,5.281,55,2023-08-13,Dry,False,ALO,Fernando Alonso,Aston Martin,Spain,42,10,10,1,3,False,False,5706.9,104.674,Medium,0,95.12,True
144,2023,19,Abu Dhabi,Yas Marina,Middle East,5.281,55,2023-08-13,Dry,False,DEV,Nyck de Vries,AlphaTauri,Netherlands,28,20,20,0,2,False,True,6024.6,102.33,Soft,0,100.41,False
144,2023,19,Abu Dhabi,Yas Marina,Middle East,5.281,55,2023-08-13,Dry,False,TSU,Yuki Tsunoda,AlphaTauri,Japan,23,4,1,26,3,True,False,5651.4,102.275,Soft,3,94.19,True
144,2023,19,Abu Dhabi,Yas Marina,Middle East,5.281,55,2023-08-13,Dry,False,ALB,Alexander Albon,Williams,Thailand,27,14,18,0,2,False,False,5726.6,104.598,Soft,-4,95.44,False
144,2023,19,Abu Dhabi,Yas Marina,Middle East,5.281,55,2023-08-13,Dry,False,HUL,Nico Hulkenberg,Haas,Germany,36,5,5,10,2,False,False,5680.9,103.985,Soft,0,94.68,True
144,2023,19,Abu Dhabi,Yas Marina,Middle East,5.281,55,2023-08-13,Dry,False,MAG,Kevin Magnussen,Haas,Denmark,31,13,12,0,2,False,False,5718.7,102.592,Soft,1,95.31,False
144,2023,19,Abu Dhabi,Yas Marina,Middle East,5.281,55,2023-08-13,Dry,False,ZHO,Guanyu Zhou,Alfa Romeo,China,24,15,16,0,3,False,True,6024.6,102.128,Medium,-1,100.41,False
144,2023,19,Abu Dhabi,Yas Marina,Middle East,5.281,55,2023-08-13,Dry,False,OCO,Esteban Ocon,Alpine,France,27,19,17,0,2,False,False,5724.4,104.124,Medium,2,95.41,False
145,2023,20,China,Shanghai,Asia Pacific,5.451,56,2023-09-01,Dry,False,MSC,Mick Schumacher,Haas,Germany,24,15,12,0,2,False,False,5999.0,109.312,Medium,3,99.98,False
145,2023,20,China,Shanghai,Asia Pacific,5.451,56,2023-09-01,Dry,False,ZHO,Guanyu Zhou,Alfa Romeo,China,24,1,1,26,3,True,False,5929.6,106.192,Soft,0,98.83,True
145,2023,20,China,Shanghai,Asia Pacific,5.451,56,2023-09-01,Dry,False,OCO,Esteban Ocon,Alpine,France,27,4,5,10,2,False,False,5961.8,107.943,Soft,-1,99.36,True
145,2023,20,China,Shanghai,Asia Pacific,5.451,56,2023-09-01,Dry,False,NOR,Lando Norris,McLaren,Great Britain,23,20,16,0,3,False,False,6007.6,106.578,Soft,4,100.13,False
145,2023,20,China,Shanghai,Asia Pacific,5.451,56,2023-09-01,Dry,False,ALB,Alexander Albon,Williams,Thailand,27,9,6,8,2,False,False,5938.8,105.918,Medium,3,98.98,True
145,2023,20,China,Shanghai,Asia Pacific,5.451,56,2023-09-01,Dry,False,MAG,Kevin Magnussen,Haas,Denmark,31,13,9,2,3,False,False,5983.8,107.31,Hard,4,99.73,True
145,2023,20,China,Shanghai,Asia Pacific,5.451,56,2023-09-01,Dry,False,LEC,Charles Leclerc,Ferrari,Monaco,26,17,18,0,2,False,False,6013.6,108.602,Medium,-1,100.23,False
145,2023,20,China,Shanghai,Asia Pacific,5.451,56,2023-09-01,Dry,False,HUL,Nico Hulkenberg,Haas,Germany,36,19,17,0,2,False,False,6019.0,106.927,Medium,2,100.32,False
145,2023,20,China,Shanghai,Asia Pacific,5.451,56,2023-09-01,Dry,False,DEV,Nyck de Vries,AlphaTauri,Netherlands,28,20,19,0,1,False,False,6001.3,105.816,Medium,1,100.02,False
145,2023,20,China,Shanghai,Asia Pacific,5.451,56,2023-09-01,Dry,False,PER,Sergio Perez,Red Bull Racing,Mexico,33,3,2,18,2,False,False,5949.0,105.943,Soft,1,99.15,True
145,2023,20,China,Shanghai,Asia Pacific,5.451,56,2023-09-01,Dry,False,HAM,Lewis Hamilton,Mercedes,Great Britain,38,20,20,0,3,True,False,6030.4,106.612,Medium,0,100.51,False
145,2023,20,China,Shanghai,Asia Pacific,5.451,56,2023-09-01,Dry,False,SAR,Logan Sargeant,Williams,USA,23,12,10,1,1,False,False,5972.6,105.658,Medium,2,99.54,True
145,2023,20,China,Shanghai,Asia Pacific,5.451,56,2023-09-01,Dry,False,RUS,George Russell,Mercedes,Great Britain,25,4,4,12,2,False,False,5974.4,105.614,Medium,0,99.57,True
145,2023,20,China,Shanghai,Asia Pacific,5.451,56,2023-09-01,Dry,False,BOT,Valtteri Bottas,Alfa Romeo,Finland,34,11,11,0,2,False,False,6004.0,104.978,Medium,0,100.07,False
145,2023,20,China,Shanghai,Asia Pacific,5.451,56,2023-09-01,Dry,False,GAS,Pierre Gasly,Alpine,France,27,7,3,15,1,False,False,5948.4,104.982,Medium,4,99.14,True
145,2023,20,China,Shanghai,Asia Pacific,5.451,56,2023-09-01,Dry,False,TSU,Yuki Tsunoda,AlphaTauri,Japan,23,13,15,0,1,False,False,6025.1,107.059,Medium,-2,100.42,False
145,2023,20,China,Shanghai,Asia Pacific,5.451,56,2023-09-01,Dry,False,SAI,Carlos Sainz,Ferrari,Spain,29,16,19,0,2,False,True,6024.6,105.29,Soft,-3,100.41,False
145,2023,20,China,Shanghai,Asia Pacific,5.451,56,2023-09-01,Dry,False,ALO,Fernando Alonso,Aston Martin,Spain,42,18,14,0,2,False,False,6006.0,107.735,Medium,4,100.1,False
145,2023,20,China,Shanghai,Asia Pacific,5.451,56,2023-09-01,Dry,False,VER,Max Verstappen,Red Bull Racing,Netherlands,25,7,7,6,1,False,False,5988.7,106.508,Medium,0,99.81,True
145,2023,20,China,Shanghai,Asia Pacific,5.451,56,2023-09-01,Dry,False,STR,Lance Stroll,Aston Martin,Canada,25,20,19,0,2,False,True,6024.6,104.591,Soft,1,100.41,False
146,2023,21,Qatar,Lusail,Middle East,5.38,57,2023-10-06,Dry,False,DEV,Nyck de Vries,AlphaTauri,Netherlands,28,6,4,12,2,False,False,5971.3,104.637,Medium,2,99.52,True
146,2023,21,Qatar,Lusail,Middle East,5.38,57,2023-10-06,Dry,False,HAM,Lewis Hamilton,Mercedes,Great Britain,38,1,2,18,2,False,False,5992.7,106.339,Hard,-1,99.88,True
146,2023,21,Qatar,Lusail,Middle East,5.38,57,2023-10-06,Dry,False,ALB,Alexander Albon,Williams,Thailand,27,18,19,0,2,False,True,6024.6,105.432,Medium,-1,100.41,False
146,2023,21,Qatar,Lusail,Middle East,5.38,57,2023-10-06,Dry,False,OCO,Esteban Ocon,Alpine,France,27,9,12,0,2,False,False,5997.3,105.552,Hard,-3,99.96,False
146,2023,21,Qatar,Lusail,Middle East,5.38,57,2023-10-06,Dry,False,STR,Lance Stroll,Aston Martin,Canada,25,9,8,4,2,False,False,5992.5,106.204,Hard,1,99.88,True
146,2023,21,Qatar,Lusail,Middle East,5.38,57,2023-10-06,Dry,False,MAG,Kevin Magnussen,Haas,Denmark,31,13,13,0,3,False,False,6004.5,106.757,Soft,0,100.08,False
146,2023,21,Qatar,Lusail,Middle East,5.38,57,2023-10-06,Dry,False,ALO,Fernando Alonso,Aston Martin,Spain,42,20,20,0,2,False,False,6065.3,106.545,Medium,0,101.09,False
146,2023,21,Qatar,Lusail,Middle East,5.38,57,2023-10-06,Dry,False,MSC,Mick Schumacher,Haas,Germany,24,8,10,1,3,False,False,6008.1,104.786,Medium,-2,100.14,True
146,2023,21,Qatar,Lusail,Middle East,5.38,57,2023-10-06,Dry,False,PER,Sergio Perez,Red Bull Racing,Mexico,33,7,7,6,3,False,False,6003.2,105.107,Hard,0,100.05,True
146,2023,21,Qatar,Lusail,Middle East,5.38,57,2023-10-06,Dry,False,SAI,Carlos Sainz,Ferrari,Spain,29,20,18,0,2,False,True,6024.6,104.668,Medium,2,100.41,False
146,2023,21,Qatar,Lusail,Middle East,5.38,57,2023-10-06,Dry,False,RUS,George Russell,Mercedes,Great Britain,25,16,17,0,1,False,False,6053.6,103.69,Soft,-1,100.89,False
146,2023,21,Qatar,Lusail,Middle East,5.38,57,2023-10-06,Dry,False,HUL,Nico Hulkenberg,Haas,Germany,36,1,1,26,3,True,False,5978.7,103.691,Soft,0,99.64,True
146,2023,21,Qatar,Lusail,Middle East,5.38,57,2023-10-06,Dry,False,LEC,Charles Leclerc,Ferrari,Monaco,26,9,5,10,1,False,False,6010.5,105.77,Medium,4,100.18,True
146,2023,21,Qatar,Lusail,Middle East,5.38,57,2023-10-06,Dry,False,SAR,Logan Sargeant,Williams,USA,23,19,14,0,1,False,False,6034.3,102.492,Medium,5,100.57,False
146,2023,21,Qatar,Lusail,Middle East,5.38,57,2023-10-06,Dry,False,GAS,Pierre Gasly,Alpine,France,27,15,18,0,2,False,False,6014.0,100.137,Medium,-3,100.23,False
146,2023,21,Qatar,Lusail,Middle East,5.38,57,2023-10-06,Dry,False,TSU,Yuki Tsunoda,AlphaTauri,Japan,23,20,19,0,2,False,False,6055.7,102.198,Medium,1,100.93,False
146,2023,21,Qatar,Lusail,Middle East,5.38,57,2023-10-06,Dry,False,ZHO,Guanyu Zhou,Alfa Romeo,China,24,4,6,8,1,False,False,6013.0,104.274,Medium,-2,100.22,True
146,2023,21,Qatar,Lusail,Middle East,5.38,57,2023-10-06,Dry,False,NOR,Lando Norris,McLaren,Great Britain,23,4,3,15,1,False,False,5977.0,105.308,Medium,1,99.62,True
146,2023,21,Qatar,Lusail,Middle East,5.38,57,2023-10-06,Dry,False,VER,Max Verstappen,Red Bull Racing,Netherlands,25,13,15,0,3,False,True,6024.6,103.31,Medium,-2,100.41,False
146,2023,21,Qatar,Lusail,Middle East,5.38,57,2023-10-06,Dry,False,BOT,Valtteri Bottas,Alfa Romeo,Finland,34,14,16,0,2,False,False,6026.2,106.199,Soft,-2,100.44,False
147,2023,22,Las Vegas,Las Vegas,Americas,6.201,50,2023-11-05,Dry,False,MSC,Mick Schumacher,Haas,Germany,24,15,20,0,2,True,False,6099.3,121.659,Medium,-5,101.66,False
147,2023,22,Las Vegas,Las Vegas,Americas,6.201,50,2023-11-05,Dry,False,GAS,Pierre Gasly,Alpine,France,27,18,15,0,2,False,False,6118.1,122.518,Hard,3,101.97,False
147,2023,22,Las Vegas,Las Vegas,Americas,6.201,50,2023-11-05,Dry,False,SAI,Carlos Sainz,Ferrari,Spain,29,6,4,12,2,False,False,6050.0,118.577,Medium,2,100.83,True
147,2023,22,Las Vegas,Las Vegas,Americas,6.201,50,2023-11-05,Dry,False,SAR,Logan Sargeant,Williams,USA,23,7,2,18,2,False,False,6044.3,118.048,Hard,5,100.74,True
147,2023,22,Las Vegas,Las Vegas,Americas,6.201,50,2023-11-05,Dry,False,BOT,Valtteri Bottas,Alfa Romeo,Finland,34,12,12,0,3,False,False,6083.4,121.406,Medium,0,101.39,False
147,2023,22,Las Vegas,Las Vegas,Americas,6.201,50,2023-11-05,Dry,False,OCO,Esteban Ocon,Alpine,France,27,14,16,0,1,False,True,6024.6,123.399,Hard,-2,100.41,False
147,2023,22,Las Vegas,Las Vegas,Americas,6.201,50,2023-11-05,Dry,False,VER,Max Verstappen,Red Bull Racing,Netherlands,25,9,13,0,2,False,False,6101.0,121.125,Medium,-4,101.68,False
147,2023,22,Las Vegas,Las Vegas,Americas,6.201,50,2023-11-05,Dry,False,ZHO,Guanyu Zhou,Alfa Romeo,China,24,6,3,15,1,False,False,6023.9,122.258,Medium,3,100.4,True
147,2023,22,Las Vegas,Las Vegas,Americas,6.201,50,2023-11-05,Dry,False,LEC,Charles Leclerc,Ferrari,Monaco,26,6,11,0,2,False,False,6085.8,122.448,Soft,-5,101.43,False
147,2023,22,Las Vegas,Las Vegas,Americas,6.201,50,2023-11-05,Dry,False,DEV,Nyck de Vries,AlphaTauri,Netherlands,28,18,17,0,1,False,False,6103.6,104.285,Soft,1,101.73,False
147,2023,22,Las Vegas,Las Vegas,Americas,6.201,50,2023-11-05,Dry,False,RUS,George Russell,Mercedes,Great Britain,25,14,9,2,1,False,False,6048.2,120.588,Soft,5,100.8,True
147,2023,22,Las Vegas,Las Vegas,Americas,6.201,50,2023-11-05,Dry,False,HAM,Lewis Hamilton,Mercedes,Great Britain,38,12,16,0,2,False,False,6111.3,119.831,Hard,-4,101.86,False
147,2023,22,Las Vegas,Las Vegas,Americas,6.201,50,2023-11-05,Dry,False,ALO,Fernando Alonso,Aston Martin,Spain,42,13,8,4,2,False,False,6072.7,120.411,Soft,5,101.21,True
147,2023,22,Las Vegas,Las Vegas,Americas,6.201,50,2023-11-05,Dry,False,HUL,Nico Hulkenberg,Haas,Germany,36,8,7,6,3,False,False,6083.6,118.276,Hard,1,101.39,True
147,2023,22,Las Vegas,Las Vegas,Americas,6.201,50,2023-11-05,Dry,False,ALB,Alexander Albon,Williams,Thailand,27,8,10,1,2,False,False,6075.4,120.604,Soft,-2,101.26,True
147,2023,22,Las Vegas,Las Vegas,Americas,6.201,50,2023-11-05,Dry,False,TSU,Yuki Tsunoda,AlphaTauri,Japan,23,15,14,0,2,False,False,6065.4,123.889,Soft,1,101.09,False
147,2023,22,Las Vegas,Las Vegas,Americas,6.201,50,2023-11-05,Dry,False,PER,Sergio Perez,Red Bull Racing,Mexico,33,1,1,26,3,True,False,6061.0,104.285,Medium,0,101.02,True
147,2023,22,Las Vegas,Las Vegas,Americas,6.201,50,2023-11-05,Dry,False,MAG,Kevin Magnussen,Haas,Denmark,31,20,19,0,2,False,False,6083.8,121.533,Hard,1,101.4,False
147,2023,22,Las Vegas,Las Vegas,Americas,6.201,50,2023-11-05,Dry,False,STR,Lance Stroll,Aston Martin,Canada,25,4,6,8,2,False,False,6075.1,119.612,Hard,-2,101.25,True
147,2023,22,Las Vegas,Las Vegas,Americas,6.201,50,2023-11-05,Dry,False,NOR,Lando Norris,McLaren,Great Britain,23,20,18,0,1,False,False,6100.5,122.176,Soft,2,101.68,False
148,2023,23,Austria,Spielberg,Europe,4.318,71,2023-01-05,Mixed,True,HUL,Nico Hulkenberg,Haas,Germany,36,19,17,0,2,False,True,6024.6,85.411,Medium,2,100.41,False
148,2023,23,Austria,Spielberg,Europe,4.318,71,2023-01-05,Mixed,True,RUS,George Russell,Mercedes,Great Britain,25,11,12,0,3,True,False,6034.4,82.905,Medium,-1,100.57,False
148,2023,23,Austria,Spielberg,Europe,4.318,71,2023-01-05,Mixed,True,BOT,Valtteri Bottas,Alfa Romeo,Finland,34,20,16,0,1,False,False,6024.6,83.565,Medium,4,100.41,False
148,2023,23,Austria,Spielberg,Europe,4.318,71,2023-01-05,Mixed,True,MSC,Mick Schumacher,Haas,Germany,24,3,1,26,2,True,False,5978.2,86.517,Medium,2,99.64,True
148,2023,23,Austria,Spielberg,Europe,4.318,71,2023-01-05,Mixed,True,VER,Max Verstappen,Red Bull Racing,Netherlands,25,1,4,12,3,False,False,5976.6,84.727,Medium,-3,99.61,True
148,2023,23,Austria,Spielberg,Europe,4.318,71,2023-01-05,Mixed,True,SAI,Carlos Sainz,Ferrari,Spain,29,13,10,1,1,False,False,6023.7,82.844,Soft,3,100.4,True
148,2023,23,Austria,Spielberg,Europe,4.318,71,2023-01-05,Mixed,True,STR,Lance Stroll,Aston Martin,Canada,25,6,2,18,3,False,False,5999.4,84.404,Hard,4,99.99,True
148,2023,23,Austria,Spielberg,Europe,4.318,71,2023-01-05,Mixed,True,SAR,Logan Sargeant,Williams,USA,23,7,7,6,1,False,False,6024.6,82.564,Hard,0,100.41,True
148,2023,23,Austria,Spielberg,Europe,4.318,71,2023-01-05,Mixed,True,HAM,Lewis Hamilton,Mercedes,Great Britain,38,9,14,0,3,False,False,6023.4,83.21,Medium,-5,100.39,False
148,2023,23,Austria,Spielberg,Europe,4.318,71,2023-01-05,Mixed,True,MAG,Kevin Magnussen,Haas,Denmark,31,20,20,0,3,False,True,6024.6,86.761,Medium,0,100.41,False
148,2023,23,Austria,Spielberg,Europe,4.318,71,2023-01-05,Mixed,True,ZHO,Guanyu Zhou,Alfa Romeo,China,24,14,15,0,2,False,False,6047.5,81.331,Soft,-1,100.79,False
148,2023,23,Austria,Spielberg,Europe,4.318,71,2023-01-05,Mixed,True,NOR,Lando Norris,McLaren,Great Britain,23,1,5,10,2,False,False,6001.6,83.608,Medium,-4,100.03,True
148,2023,23,Austria,Spielberg,Europe,4.318,71,2023-01-05,Mixed,True,GAS,Pierre Gasly,Alpine,France,27,9,8,4,2,False,False,5988.5,86.355,Soft,1,99.81,True
148,2023,23,Austria,Spielberg,Europe,4.318,71,2023-01-05,Mixed,True,LEC,Charles Leclerc,Ferrari,Monaco,26,20,20,0,2,False,False,6066.4,82.689,Medium,0,101.11,False
148,2023,23,Austria,Spielberg,Europe,4.318,71,2023-01-05,Mixed,True,ALO,Fernando Alonso,Aston Martin,Spain,42,15,18,0,2,False,False,6051.8,83.156,Hard,-3,100.86,False
148,2023,23,Austria,Spielberg,Europe,4.318,71,2023-01-05,Mixed,True,OCO,Esteban Ocon,Alpine,France,27,17,13,0,3,False,False,6010.5,82.349,Medium,4,100.18,False
148,2023,23,Austria,Spielberg,Europe,4.318,71,2023-01-05,Mixed,True,DEV,Nyck de Vries,AlphaTauri,Netherlands,28,1,3,15,1,False,False,6024.6,84.241,Soft,-2,100.41,True
148,2023,23,Austria,Spielberg,Europe,4.318,71,2023-01-05,Mixed,True,PER,Sergio Perez,Red Bull Racing,Mexico,33,14,19,0,2,False,False,6060.6,82.973,Medium,-5,101.01,False
148,2023,23,Austria,Spielberg,Europe,4.318,71,2023-01-05,Mixed,True,ALB,Alexander Albon,Williams,Thailand,27,11,11,0,2,False,False,5998.1,83.456,Soft,0,99.97,False
148,2023,23,Austria,Spielberg,Europe,4.318,71,2023-01-05,Mixed,True,TSU,Yuki Tsunoda,AlphaTauri,Japan,23,7,6,9,2,True,False,6000.5,86.575,Soft,1,100.01,True
149,2023,24,France,Le Castellet,Europe,5.842,53,2023-02-14,Dry,False,ZHO,Guanyu Zhou,Alfa Romeo,China,24,3,3,15,1,False,False,6073.9,113.782,Medium,0,101.23,True
149,2023,24,France,Le Castellet,Europe,5.842,53,2023-02-14,Dry,False,NOR,Lando Norris,McLaren,Great Britain,23,6,5,10,3,False,False,6040.2,113.593,Soft,1,100.67,True
149,2023,24,France,Le Castellet,Europe,5.842,53,2023-02-14,Dry,False,VER,Max Verstappen,Red Bull Racing,Netherlands,25,18,19,0,3,True,True,6024.6,113.569,Medium,-1,100.41,False
149,2023,24,France,Le Castellet,Europe,5.842,53,2023-02-14,Dry,False,RUS,George Russell,Mercedes,Great Britain,25,19,20,0,2,True,False,6082.2,113.017,Medium,-1,101.37,False
149,2023,24,France,Le Castellet,Europe,5.842,53,2023-02-14,Dry,False,ALB,Alexander Albon,Williams,Thailand,27,18,19,0,2,False,False,6104.2,111.686,Hard,-1,101.74,False
149,2023,24,France,Le Castellet,Europe,5.842,53,2023-02-14,Dry,False,ALO,Fernando Alonso,Aston Martin,Spain,42,12,15,0,2,False,True,6024.6,113.951,Soft,-3,100.41,False
149,2023,24,France,Le Castellet,Europe,5.842,53,2023-02-14,Dry,False,MSC,Mick Schumacher,Haas,Germany,24,10,15,0,1,False,False,6099.7,114.646,Hard,-5,101.66,False
149,2023,24,France,Le Castellet,Europe,5.842,53,2023-02-14,Dry,False,GAS,Pierre Gasly,Alpine,France,27,9,7,6,1,False,False,6043.0,113.062,Hard,2,100.72,True
149,2023,24,France,Le Castellet,Europe,5.842,53,2023-02-14,Dry,False,HAM,Lewis Hamilton,Mercedes,Great Britain,38,3,2,18,2,False,False,6036.9,115.225,Hard,1,100.62,True
149,2023,24,France,Le Castellet,Europe,5.842,53,2023-02-14,Dry,False,SAI,Carlos Sainz,Ferrari,Spain,29,9,12,0,3,False,False,6090.1,114.614,Soft,-3,101.5,False
149,2023,24,France,Le Castellet,Europe,5.842,53,2023-02-14,Dry,False,LEC,Charles Leclerc,Ferrari,Monaco,26,5,10,1,2,False,False,6052.1,116.762,Soft,-5,100.87,True
149,2023,24,France,Le Castellet,Europe,5.842,53,2023-02-14,Dry,False,SAR,Logan Sargeant,Williams,USA,23,15,16,0,3,False,False,6061.6,114.223,Soft,-1,101.03,False
149,2023,24,France,Le Castellet,Europe,5.842,53,2023-02-14,Dry,False,TSU,Yuki Tsunoda,AlphaTauri,Japan,23,12,13,0,2,False,False,6101.3,115.299,Medium,-1,101.69,False
149,2023,24,France,Le Castellet,Europe,5.842,53,2023-02-14,Dry,False,DEV,Nyck de Vries,AlphaTauri,Netherlands,28,12,17,0,3,False,False,6106.2,113.758,Medium,-5,101.77,False
149,2023,24,France,Le Castellet,Europe,5.842,53,2023-02-14,Dry,False,HUL,Nico Hulkenberg,Haas,Germany,36,20,15,0,1,False,True,6024.6,113.105,Hard,5,100.41,False
149,2023,24,France,Le Castellet,Europe,5.842,53,2023-02-14,Dry,False,BOT,Valtteri Bottas,Alfa Romeo,Finland,34,13,11,0,2,False,False,6091.7,104.285,Hard,2,101.53,False
149,2023,24,France,Le Castellet,Europe,5.842,53,2023-02-14,Dry,False,MAG,Kevin Magnussen,Haas,Denmark,31,11,9,2,3,False,False,6058.6,113.542,Soft,2,100.98,True
149,2023,24,France,Le Castellet,Europe,5.842,53,2023-02-14,Dry,False,PER,Sergio Perez,Red Bull Racing,Mexico,33,8,6,8,2,False,False,6037.1,113.855,Medium,2,100.62,True
149,2023,24,France,Le Castellet,Europe,5.842,53,2023-02-14,Dry,False,OCO,Esteban Ocon,Alpine,France,27,4,4,12,1,False,False,6053.8,113.483,Medium,0,100.9,True
149,2023,24,France,Le Castellet,Europe,5.842,53,2023-02-14,Dry,False,STR,Lance Stroll,Aston Martin,Canada,25,13,14,0,2,False,False,6097.6,112.27,Hard,-1,101.63,False
150,2023,25,Portugal,Portimao,Europe,4.684,66,2023-03-10,Dry,True,HUL,Nico Hulkenberg,Haas,Germany,36,12,13,0,3,False,False,6065.0,104.285,Hard,-1,101.08,False
150,2023,25,Portugal,Portimao,Europe,4.684,66,2023-03-10,Dry,True,MSC,Mick Schumacher,Haas,Germany,24,20,18,0,2,False,False,6059.6,90.483,Medium,2,100.99,False
150,2023,25,Portugal,Portimao,Europe,4.684,66,2023-03-10,Dry,True,ALB,Alexander Albon,Williams,Thailand,27,12,16,0,2,False,False,6078.7,89.847,Hard,-4,101.31,False
150,2023,25,Portugal,Portimao,Europe,4.684,66,2023-03-10,Dry,True,SAR,Logan Sargeant,Williams,USA,23,2,5,10,3,False,False,6032.1,91.13,Hard,-3,100.54,True
150,2023,25,Portugal,Portimao,Europe,4.684,66,2023-03-10,Dry,True,ZHO,Guanyu Zhou,Alfa Romeo,China,24,14,9,2,3,False,False,6061.9,90.069,Soft,5,101.03,True
150,2023,25,Portugal,Portimao,Europe,4.684,66,2023-03-10,Dry,True,ALO,Fernando Alonso,Aston Martin,Spain,42,4,3,15,2,False,False,6022.2,91.389,Medium,1,100.37,True
150,2023,25,Portugal,Portimao,Europe,4.684,66,2023-03-10,Dry,True,RUS,George Russell,Mercedes,Great Britain,25,20,20,0,3,False,False,6128.8,91.507,Medium,0,102.15,False
150,2023,25,Portugal,Portimao,Europe,4.684,66,2023-03-10,Dry,True,SAI,Carlos Sainz,Ferrari,Spain,29,8,10,1,2,False,False,6049.2,93.792,Soft,-2,100.82,True
150,2023,25,Portugal,Portimao,Europe,4.684,66,2023-03-10,Dry,True,LEC,Charles Leclerc,Ferrari,Monaco,26,2,4,12,3,False,False,6053.8,93.665,Medium,-2,100.9,True
150,2023,25,Portugal,Portimao,Europe,4.684,66,2023-03-10,Dry,True,BOT,Valtteri Bottas,Alfa Romeo,Finland,34,1,1,26,3,True,False,6039.4,104.285,Medium,0,100.66,True
150,2023,25,Portugal,Portimao,Europe,4.684,66,2023-03-10,Dry,True,DEV,Nyck de Vries,AlphaTauri,Netherlands,28,1,2,18,2,False,False,6042.8,93.207,Soft,-1,100.71,True
150,2023,25,Portugal,Portimao,Europe,4.684,66,2023-03-10,Dry,True,STR,Lance Stroll,Aston Martin,Canada,25,20,17,0,2,False,True,6024.6,94.665,Soft,3,100.41,False
150,2023,25,Portugal,Portimao,Europe,4.684,66,2023-03-10,Dry,True,TSU,Yuki Tsunoda,AlphaTauri,Japan,23,18,19,0,2,False,False,6100.1,92.104,Soft,-1,101.67,False
150,2023,25,Portugal,Portimao,Europe,4.684,66,2023-03-10,Dry,True,OCO,Esteban Ocon,Alpine,France,27,16,11,0,2,False,False,6089.2,88.8,Soft,5,101.49,False
150,2023,25,Portugal,Portimao,Europe,4.684,66,2023-03-10,Dry,True,GAS,Pierre Gasly,Alpine,France,27,11,14,0,1,False,False,6066.8,92.237,Soft,-3,101.11,False
150,2023,25,Portugal,Portimao,Europe,4.684,66,2023-03-10,Dry,True,NOR,Lando Norris,McLaren,Great Britain,23,6,7,7,3,True,False,6050.4,90.184,Soft,-1,100.84,True
150,2023,25,Portugal,Portimao,Europe,4.684,66,2023-03-10,Dry,True,PER,Sergio Perez,Red Bull Racing,Mexico,33,8,6,8,1,False,False,6036.9,88.412,Hard,2,100.62,True
150,2023,25,Portugal,Portimao,Europe,4.684,66,2023-03-10,Dry,True,MAG,Kevin Magnussen,Haas,Denmark,31,15,17,0,2,False,True,6024.6,91.385,Medium,-2,100.41,False
150,2023,25,Portugal,Portimao,Europe,4.684,66,2023-03-10,Dry,True,VER,Max Verstappen,Red Bull Racing,Netherlands,25,13,8,4,2,False,False,6070.4,89.955,Medium,5,101.17,True
150,2023,25,Portugal,Portimao,Europe,4.684,66,2023-03-10,Dry,True,HAM,Lewis Hamilton,Mercedes,Great Britain,38,13,15,0,2,False,False,6095.4,92.829,Medium,-2,101.59,False
