order_id,order_date,customer_id,customer_name,age,gender,city,product,category,quantity,unit_price,discount_pct,revenue,payment_method,returned,rating
ORD00001,2022-01-01,CUST3314,Customer_280,29.0,Male,Bangalore,Headphones,Audio,2,84283.37,15,143281.73,UPI,False,2.0
ORD00002,2022-01-01,CUST5412,Customer_344,62.0,Female,Kolkata,Monitor,Computers,5,6040.37,20,24161.48,Debit Card,False,5.0
ORD00003,2022-01-02,CUST4883,Customer_17,27.0,Male,Ahmedabad,Webcam,Accessories,1,74278.47,25,55708.85,Credit Card,False,3.0
ORD00004,2022-01-02,CUST9216,Customer_296,24.0,Other,Ahmedabad,Keyboard,Accessories,1,26525.77,0,26525.77,Credit Card,False,5.0
ORD00005,2022-01-03,CUST7739,Customer_202,63.0,Male,Ahmedabad,Headphones,Audio,3,40118.58,15,102302.38,Net Banking,False,4.0
ORD00006,2022-01-03,CUST8902,Customer_450,18.0,Other,Bangalore,Speaker,Audio,4,2264.63,10,8152.67,UPI,False,5.0
ORD00007,2022-01-04,CUST2189,Customer_172,53.0,Male,Mumbai,Tablet,Mobile,3,27302.83,15,69622.22,Credit Card,False,1.0
ORD00008,2022-01-04,CUST8156,Customer_407,38.0,Male,Pune,Headphones,Audio,4,45385.02,5,172463.08,UPI,False,5.0
ORD00009,2022-01-05,CUST8342,Customer_262,54.0,Female,Ahmedabad,Webcam,Accessories,2,5337.99,20,8540.78,UPI,False,1.0
ORD00010,2022-01-05,CUST7884,Customer_194,41.0,Other,Mumbai,Keyboard,Accessories,2,44350.29,20,70960.46,Credit Card,False,2.0
ORD00011,2022-01-06,CUST4157,Customer_149,40.325388601036266,Other,Ahmedabad,Monitor,Computers,5,83460.82,20,333843.28,UPI,False,4.0
ORD00012,2022-01-07,CUST6520,Customer_375,24.0,Other,Chennai,Webcam,Accessories,4,9752.77,20,31208.86,Net Banking,True,1.0
ORD00013,2022-01-07,CUST2741,Customer_376,59.0,Female,Bangalore,Webcam,Accessories,5,68869.33,20,275477.32,Credit Card,False,4.0
ORD00014,2022-01-08,CUST4688,Customer_35,34.0,Male,Kolkata,Tablet,Mobile,1,37046.49,20,29637.19,Net Banking,False,5.0
ORD00015,2022-01-08,CUST8485,Customer_369,46.0,Female,Chennai,Mouse,Accessories,4,59068.08,0,236272.32,Net Banking,False,5.0
ORD00016,2022-01-09,CUST6369,Customer_29,47.0,Male,Pune,Keyboard,Accessories,3,23642.22,10,63833.99,UPI,False,2.0
ORD00017,2022-01-09,CUST6644,Customer_263,24.0,Female,Ahmedabad,Phone,Mobile,1,14605.46,20,11684.37,UPI,True,5.0
ORD00018,2022-01-10,CUST5023,Customer_221,40.325388601036266,Female,Pune,Webcam,Accessories,1,14692.5,10,13223.25,Credit Card,True,1.0
ORD00019,2022-01-10,CUST1716,Customer_53,24.0,Other,Hyderabad,Mouse,Accessories,3,6622.13,25,14899.79,Debit Card,False,2.0
ORD00020,2022-01-11,CUST4967,Customer_421,41.0,Female,Ahmedabad,Phone,Mobile,1,16951.51,20,13561.21,Credit Card,True,4.0
ORD00021,2022-01-11,CUST8423,Customer_279,28.0,Male,Delhi,Keyboard,Accessories,4,59879.48,15,203590.23,Net Banking,False,2.0
ORD00022,2022-01-12,CUST7450,Customer_353,26.0,Female,Mumbai,Laptop,Computers,5,79386.65,20,317546.6,UPI,False,4.0
ORD00023,2022-01-13,CUST4215,Customer_392,29.0,Female,Hyderabad,Speaker,Audio,1,73326.07,5,69659.77,Net Banking,False,3.0492738589211617
ORD00024,2022-01-13,CUST8825,Customer_76,52.0,Male,Kolkata,Mouse,Accessories,4,61755.55,0,247022.2,Cash on Delivery,False,1.0
ORD00025,2022-01-14,CUST1390,Customer_494,21.0,Other,Hyderabad,Charger,Accessories,2,10204.74,15,17348.06,Cash on Delivery,False,1.0
ORD00026,2022-01-14,CUST4037,Customer_176,53.0,Male,Kolkata,Laptop,Computers,4,26239.11,15,89212.97,Net Banking,False,4.0
ORD00027,2022-01-15,CUST1232,Customer_10,45.0,Male,Mumbai,Speaker,Audio,5,28088.68,5,133421.23,Debit Card,False,5.0
ORD00028,2022-01-15,CUST4131,Customer_463,30.0,Male,Mumbai,Tablet,Mobile,4,22720.14,20,72704.45,Debit Card,False,5.0
ORD00029,2022-01-16,CUST8634,Customer_117,40.0,Female,Pune,Headphones,Audio,3,46495.01,0,139485.03,Credit Card,False,3.0
ORD00030,2022-01-16,CUST1233,Customer_280,36.0,Female,Pune,Monitor,Computers,5,48338.18,15,205437.26,Credit Card,False,4.0
ORD00031,2022-01-17,CUST2391,Customer_218,59.0,Male,Bangalore,Charger,Accessories,2,32311.67,0,64623.34,Credit Card,False,3.0
ORD00032,2022-01-17,CUST1889,Customer_175,54.0,Male,Chennai,Tablet,Mobile,3,32033.89,15,81686.42,UPI,False,4.0
ORD00033,2022-01-18,CUST8902,Customer_234,56.0,Other,Pune,Keyboard,Accessories,4,74620.44,20,238785.41,Debit Card,False,3.0
ORD00034,2022-01-19,CUST1745,Customer_437,41.0,Female,Hyderabad,Tablet,Mobile,5,71098.57,25,266619.64,Net Banking,True,4.0
ORD00035,2022-01-19,CUST1427,Customer_252,33.0,Female,Bangalore,Headphones,Audio,2,27908.29,15,47444.09,Cash on Delivery,False,1.0
ORD00036,2022-01-20,CUST1731,Customer_295,40.325388601036266,Female,Kolkata,Keyboard,Accessories,3,82265.82,25,185098.1,Debit Card,False,3.0
ORD00037,2022-01-20,CUST1799,Customer_451,40.325388601036266,Female,Bangalore,Charger,Accessories,2,85766.51,15,145803.07,Debit Card,False,3.0
ORD00038,2022-01-21,CUST7507,Customer_322,51.0,Male,Hyderabad,Headphones,Audio,4,29607.81,10,106588.12,Debit Card,False,3.0492738589211617
ORD00039,2022-01-21,CUST8025,Customer_6,24.0,Male,Pune,Phone,Mobile,2,32090.92,20,51345.47,Credit Card,False,2.0
ORD00040,2022-01-22,CUST8624,Customer_21,28.0,Other,Ahmedabad,Monitor,Computers,1,45654.38,5,43371.66,UPI,False,2.0
ORD00041,2022-01-22,CUST9326,Unkown,48.0,Female,Kolkata,Charger,Accessories,3,84717.54,25,190614.46,Net Banking,False,1.0
ORD00042,2022-01-23,CUST6383,Customer_330,46.0,Female,Hyderabad,Phone,Mobile,2,78904.85,5,149919.22,Credit Card,False,5.0
ORD00043,2022-01-24,CUST7207,Unkown,30.0,Male,Delhi,Speaker,Audio,4,9499.35,20,30397.92,UPI,False,5.0
ORD00044,2022-01-24,CUST3538,Customer_387,48.0,Other,Pune,Charger,Accessories,4,35526.95,5,135002.41,Debit Card,True,1.0
ORD00045,2022-01-25,CUST4718,Unkown,19.0,Male,Chennai,Speaker,Audio,2,49936.4,20,79898.24,UPI,False,5.0
ORD00046,2022-01-25,CUST9232,Customer_216,56.0,Female,Kolkata,Keyboard,Accessories,4,45429.98,5,172633.92,Credit Card,False,4.0
ORD00047,2022-01-26,CUST4367,Customer_470,32.0,Female,Hyderabad,Phone,Mobile,5,17688.52,25,66331.95,Debit Card,False,2.0
ORD00048,2022-01-26,CUST6008,Customer_497,28.0,Other,Pune,Monitor,Computers,5,77334.86,10,348006.87,Credit Card,False,1.0
ORD00049,2022-01-27,CUST6229,Customer_206,51.0,Male,Mumbai,Headphones,Audio,5,61020.59,5,289847.8,Net Banking,False,4.0
ORD00050,2022-01-27,CUST8388,Customer_426,56.0,Female,Delhi,Webcam,Accessories,1,75459.38,25,56594.54,Debit Card,False,1.0
ORD00051,2022-01-28,CUST3415,Customer_429,21.0,Female,Kolkata,Tablet,Mobile,2,77330.16,15,131461.27,UPI,False,2.0
ORD00052,2022-01-28,CUST8171,Customer_44,28.0,Other,Kolkata,Laptop,Computers,1,67426.52,20,53941.22,Credit Card,False,5.0
ORD00053,2022-01-29,CUST3949,Customer_91,46.0,Female,Chennai,Monitor,Computers,4,39696.19,0,158784.76,Cash on Delivery,False,4.0
ORD00054,2022-01-30,CUST5261,Unkown,19.0,Female,Pune,Phone,Mobile,1,55065.04,0,55065.04,UPI,False,3.0492738589211617
ORD00055,2022-01-30,CUST6145,Customer_316,33.0,Male,Mumbai,Webcam,Accessories,4,14683.78,20,46988.1,UPI,False,1.0
ORD00056,2022-01-31,CUST4466,Customer_470,56.0,Other,Pune,Monitor,Computers,4,60724.99,10,218609.96,Debit Card,False,3.0
ORD00057,2022-01-31,CUST4088,Unkown,30.0,Other,Mumbai,Phone,Mobile,3,16378.02,5,46677.36,UPI,False,4.0
ORD00058,2022-02-01,CUST2115,Customer_467,54.0,Other,Chennai,Mouse,Accessories,5,62546.28,10,281458.26,Credit Card,True,1.0
ORD00059,2022-02-01,CUST5578,Customer_339,34.0,Male,Delhi,Mouse,Accessories,4,20893.96,0,83575.84,Cash on Delivery,False,1.0
ORD00060,2022-02-02,CUST3590,Unkown,38.0,Other,Kolkata,Speaker,Audio,3,10843.35,25,24397.54,Net Banking,False,2.0
ORD00061,2022-02-02,CUST8372,Customer_493,61.0,Female,Mumbai,Monitor,Computers,5,15125.02,20,60500.08,Cash on Delivery,False,1.0
ORD00062,2022-02-03,CUST4573,Customer_83,36.0,Other,Bangalore,Mouse,Accessories,4,477.69,20,1528.61,Credit Card,False,4.0
ORD00063,2022-02-03,CUST3978,Customer_333,24.0,Female,Chennai,Phone,Mobile,4,64769.94,10,233171.78,Debit Card,False,4.0
ORD00064,2022-02-04,CUST8313,Customer_282,55.0,Other,Chennai,Speaker,Audio,1,65995.37,25,49496.53,Credit Card,False,1.0
ORD00065,2022-02-05,CUST8022,Customer_470,25.0,Other,Hyderabad,Phone,Mobile,1,46488.52,10,41839.67,UPI,False,2.0
ORD00066,2022-02-05,CUST5975,Customer_21,30.0,Male,Delhi,Speaker,Audio,5,14773.24,5,70172.89,Debit Card,False,4.0
ORD00067,2022-02-06,CUST5925,Customer_228,54.0,Other,Bangalore,Monitor,Computers,4,7793.82,15,26498.99,Net Banking,False,3.0
ORD00068,2022-02-06,CUST9047,Customer_376,19.0,Other,Bangalore,Webcam,Accessories,2,2014.87,25,3022.3,Net Banking,False,3.0492738589211617
ORD00069,2022-02-07,CUST9090,Customer_130,58.0,Male,Hyderabad,Headphones,Audio,1,15166.61,15,12891.62,Credit Card,False,2.0
ORD00070,2022-02-07,CUST9051,Customer_175,28.0,Female,Mumbai,Charger,Accessories,5,80208.74,5,380991.52,UPI,False,2.0
ORD00071,2022-02-08,CUST6292,Customer_108,41.0,Other,Mumbai,Webcam,Accessories,4,21964.85,15,74680.49,Net Banking,False,5.0
ORD00072,2022-02-08,CUST7645,Customer_414,23.0,Other,Ahmedabad,Keyboard,Accessories,4,32077.14,0,128308.56,Cash on Delivery,False,3.0492738589211617
ORD00073,2022-02-09,CUST6403,Customer_283,43.0,Female,Ahmedabad,Phone,Mobile,2,9748.49,15,16572.43,Debit Card,False,4.0
ORD00074,2022-02-09,CUST4430,Customer_71,24.0,Male,Bangalore,Keyboard,Accessories,5,20244.81,5,96162.85,Cash on Delivery,True,1.0
ORD00075,2022-02-10,CUST2995,Customer_404,56.0,Other,Delhi,Webcam,Accessories,4,46873.44,15,159369.7,Net Banking,False,1.0
ORD00076,2022-02-11,CUST7030,Customer_50,36.0,Male,Mumbai,Speaker,Audio,1,54814.42,20,43851.54,Net Banking,False,3.0
ORD00077,2022-02-11,CUST4891,Customer_95,23.0,Female,Chennai,Charger,Accessories,2,22307.1,10,40152.78,Credit Card,False,1.0
ORD00078,2022-02-12,CUST8145,Customer_279,60.0,Female,Pune,Charger,Accessories,5,5477.57,0,27387.85,Credit Card,False,3.0
ORD00079,2022-02-12,CUST9498,Customer_397,46.0,Male,Hyderabad,Laptop,Computers,2,35374.65,20,56599.44,Debit Card,False,3.0
ORD00080,2022-02-13,CUST3102,Customer_337,60.0,Female,Delhi,Charger,Accessories,1,21307.04,20,17045.63,Credit Card,False,2.0
ORD00081,2022-02-13,CUST4030,Unkown,56.0,Female,Mumbai,Headphones,Audio,5,19992.99,5,94966.7,UPI,True,2.0
ORD00082,2022-02-14,CUST9524,Customer_398,19.0,Other,Pune,Charger,Accessories,2,86398.69,10,155517.64,Debit Card,False,4.0
ORD00083,2022-02-14,CUST9107,Customer_276,36.0,Male,Bangalore,Webcam,Accessories,3,55581.15,10,150069.11,UPI,False,5.0
ORD00084,2022-02-15,CUST1242,Customer_380,21.0,Other,Hyderabad,Laptop,Computers,1,50251.0,25,37688.25,Credit Card,False,5.0
ORD00085,2022-02-16,CUST2884,Customer_13,23.0,Male,Mumbai,Webcam,Accessories,1,37594.03,0,37594.03,Debit Card,False,3.0
ORD00086,2022-02-16,CUST9015,Customer_3,54.0,Other,Bangalore,Webcam,Accessories,1,38775.31,5,36836.54,Net Banking,False,5.0
ORD00087,2022-02-17,CUST7747,Customer_474,45.0,Female,Mumbai,Tablet,Mobile,3,48818.18,0,146454.54,Cash on Delivery,False,3.0
ORD00088,2022-02-17,CUST9494,Customer_474,47.0,Male,Hyderabad,Laptop,Computers,3,62768.75,25,141229.69,Net Banking,False,5.0
ORD00089,2022-02-18,CUST5330,Customer_466,24.0,Male,Chennai,Webcam,Accessories,4,63281.5,15,215157.1,UPI,False,4.0
ORD00090,2022-02-18,CUST8863,Customer_224,26.0,Male,Kolkata,Tablet,Mobile,2,15699.94,20,25119.9,Net Banking,False,3.0492738589211617
ORD00091,2022-02-19,CUST4109,Customer_462,42.0,Male,Chennai,Tablet,Mobile,4,45159.11,0,180636.44,Net Banking,False,2.0
ORD00092,2022-02-19,CUST3186,Customer_175,50.0,Female,Kolkata,Laptop,Computers,2,37251.64,20,59602.62,Cash on Delivery,False,3.0
ORD00093,2022-02-20,CUST2550,Customer_387,18.0,Female,Pune,Keyboard,Accessories,3,78385.27,5,223398.02,Cash on Delivery,False,5.0
ORD00094,2022-02-20,CUST1646,Unkown,23.0,Female,Bangalore,Speaker,Audio,3,56937.28,15,145190.06,Net Banking,False,1.0
ORD00095,2022-02-21,CUST7144,Customer_90,35.0,Other,Kolkata,Headphones,Audio,4,48064.61,5,182645.52,Cash on Delivery,False,3.0492738589211617
ORD00096,2022-02-22,CUST5656,Customer_408,27.0,Female,Chennai,Speaker,Audio,5,10649.9,15,45262.08,Net Banking,False,5.0
ORD00097,2022-02-22,CUST9904,Customer_241,45.0,Other,Hyderabad,Charger,Accessories,4,54624.72,15,185724.05,Debit Card,False,1.0
ORD00098,2022-02-23,CUST1537,Customer_35,28.0,Other,Bangalore,Headphones,Audio,2,10812.19,20,17299.5,Net Banking,False,4.0
ORD00099,2022-02-23,CUST7572,Unkown,50.0,Female,Mumbai,Charger,Accessories,4,30546.43,5,116076.43,Credit Card,False,4.0
ORD00100,2022-02-24,CUST1234,Customer_195,18.0,Female,Kolkata,Webcam,Accessories,1,13111.92,5,12456.32,Cash on Delivery,False,2.0
ORD00101,2022-02-24,CUST7539,Unkown,40.325388601036266,Female,Ahmedabad,Phone,Mobile,2,62378.01,0,124756.02,Cash on Delivery,False,3.0
ORD00102,2022-02-25,CUST2374,Customer_431,54.0,Other,Kolkata,Laptop,Computers,2,18799.81,5,35719.64,UPI,True,5.0
ORD00103,2022-02-25,CUST2909,Customer_306,37.0,Male,Delhi,Headphones,Audio,5,35448.79,0,177243.95,UPI,True,4.0
ORD00104,2022-02-26,CUST8218,Customer_334,18.0,Female,Kolkata,Headphones,Audio,3,80641.03,10,217730.78,Credit Card,False,5.0
ORD00105,2022-02-26,CUST1080,Customer_213,20.0,Other,Kolkata,Webcam,Accessories,2,18626.18,10,33527.12,Cash on Delivery,False,4.0
ORD00106,2022-02-27,CUST3083,Customer_410,35.0,Other,Mumbai,Keyboard,Accessories,3,45849.11,10,123792.6,Cash on Delivery,False,2.0
ORD00107,2022-02-28,CUST2690,Customer_3,58.0,Female,Hyderabad,Tablet,Mobile,4,37907.67,25,113723.01,UPI,False,3.0
ORD00108,2022-02-28,CUST1756,Customer_179,31.0,Other,Pune,Webcam,Accessories,1,1924.73,5,1828.49,UPI,False,1.0
ORD00109,2022-03-01,CUST3670,Customer_40,48.0,Female,Bangalore,Mouse,Accessories,5,71409.4,25,267785.25,Net Banking,False,1.0
ORD00110,2022-03-01,CUST4751,Customer_452,44.0,Other,Mumbai,Tablet,Mobile,3,6492.42,5,18503.4,Cash on Delivery,False,2.0
ORD00111,2022-03-02,CUST9659,Customer_164,34.0,Male,Bangalore,Laptop,Computers,2,42839.68,0,85679.36,Cash on Delivery,False,4.0
ORD00112,2022-03-02,CUST6261,Customer_307,63.0,Other,Ahmedabad,Tablet,Mobile,3,50591.84,25,113831.64,Net Banking,False,2.0
ORD00113,2022-03-03,CUST7852,Customer_235,46.0,Female,Chennai,Keyboard,Accessories,2,56668.85,25,85003.28,Cash on Delivery,False,3.0
ORD00114,2022-03-03,CUST2494,Customer_257,53.0,Male,Delhi,Tablet,Mobile,3,62069.26,25,139655.84,Credit Card,False,1.0
ORD00115,2022-03-04,CUST6740,Customer_360,54.0,Female,Ahmedabad,Laptop,Computers,2,23017.53,15,39129.8,UPI,False,5.0
ORD00116,2022-03-04,CUST9055,Customer_495,43.0,Other,Hyderabad,Keyboard,Accessories,4,1194.1,0,4776.4,UPI,False,1.0
ORD00117,2022-03-05,CUST1901,Customer_417,34.0,Male,Mumbai,Speaker,Audio,2,65191.9,10,117345.42,UPI,False,3.0
ORD00118,2022-03-06,CUST1672,Customer_391,39.0,Male,Delhi,Headphones,Audio,2,48347.4,0,96694.8,Debit Card,False,3.0492738589211617
ORD00119,2022-03-06,CUST9630,Unkown,42.0,Other,Kolkata,Headphones,Audio,1,75298.76,15,64003.95,Credit Card,False,2.0
ORD00120,2022-03-07,CUST1444,Customer_116,19.0,Male,Hyderabad,Charger,Accessories,2,73977.54,5,140557.33,Credit Card,False,3.0492738589211617
ORD00121,2022-03-07,CUST9655,Customer_52,39.0,Male,Ahmedabad,Speaker,Audio,1,75945.36,0,75945.36,Net Banking,False,1.0
ORD00122,2022-03-08,CUST3198,Customer_376,22.0,Male,Hyderabad,Speaker,Audio,5,43811.99,25,164294.96,Debit Card,False,5.0
ORD00123,2022-03-08,CUST3287,Unkown,21.0,Female,Pune,Tablet,Mobile,1,30225.47,10,27202.92,Cash on Delivery,False,2.0
ORD00124,2022-03-09,CUST5008,Customer_411,53.0,Female,Ahmedabad,Headphones,Audio,4,71301.77,10,256686.37,Credit Card,False,3.0492738589211617
ORD00125,2022-03-09,CUST1496,Customer_142,23.0,Male,Ahmedabad,Laptop,Computers,1,40780.08,5,38741.08,Debit Card,False,5.0
ORD00126,2022-03-10,CUST2463,Customer_86,38.0,Other,Chennai,Monitor,Computers,5,16753.77,0,83768.85,Debit Card,False,4.0
ORD00127,2022-03-11,CUST7828,Customer_464,30.0,Other,Pune,Monitor,Computers,4,76990.17,15,261766.58,Credit Card,False,1.0
ORD00128,2022-03-11,CUST5253,Customer_46,54.0,Female,Pune,Keyboard,Accessories,3,79464.62,5,226474.17,Net Banking,False,2.0
ORD00129,2022-03-12,CUST1493,Customer_332,42.0,Other,Bangalore,Headphones,Audio,3,42126.99,0,126380.97,Debit Card,False,4.0
ORD00130,2022-03-12,CUST6065,Unkown,43.0,Male,Bangalore,Headphones,Audio,1,7089.27,20,5671.42,UPI,False,4.0
ORD00131,2022-03-13,CUST6430,Customer_238,56.0,Other,Kolkata,Monitor,Computers,1,35087.0,10,31578.3,Debit Card,False,4.0
ORD00132,2022-03-13,CUST2426,Customer_10,40.325388601036266,Female,Delhi,Headphones,Audio,5,72376.33,15,307599.4,Cash on Delivery,False,3.0
ORD00133,2022-03-14,CUST2793,Customer_152,50.0,Female,Chennai,Tablet,Mobile,5,81188.13,25,304455.49,Credit Card,False,3.0
ORD00134,2022-03-14,CUST3723,Customer_61,31.0,Male,Ahmedabad,Mouse,Accessories,2,18550.51,15,31535.87,Cash on Delivery,False,4.0
ORD00135,2022-03-15,CUST1658,Customer_494,53.0,Female,Hyderabad,Phone,Mobile,5,6306.53,25,23649.49,Net Banking,False,3.0
ORD00136,2022-03-15,CUST5761,Customer_18,34.0,Female,Kolkata,Speaker,Audio,2,78997.34,15,134295.48,UPI,False,2.0
ORD00137,2022-03-16,CUST8630,Customer_86,38.0,Female,Chennai,Charger,Accessories,4,35228.62,10,126823.03,Credit Card,False,1.0
ORD00138,2022-03-17,CUST9741,Customer_137,63.0,Other,Chennai,Keyboard,Accessories,1,48894.96,25,36671.22,Debit Card,False,2.0
ORD00139,2022-03-17,CUST9834,Unkown,33.0,Female,Ahmedabad,Mouse,Accessories,4,87134.5,0,348538.0,UPI,False,1.0
ORD00140,2022-03-18,CUST5350,Customer_230,63.0,Other,Ahmedabad,Monitor,Computers,5,6269.86,25,23511.98,Debit Card,False,3.0
ORD00141,2022-03-18,CUST1207,Customer_128,33.0,Female,Delhi,Speaker,Audio,4,58453.13,5,222121.89,Net Banking,False,2.0
ORD00142,2022-03-19,CUST5190,Unkown,37.0,Female,Bangalore,Headphones,Audio,4,6946.26,0,27785.04,Credit Card,False,5.0
ORD00143,2022-03-19,CUST2883,Customer_186,46.0,Other,Ahmedabad,Charger,Accessories,4,33978.56,5,129118.53,Net Banking,False,4.0
ORD00144,2022-03-20,CUST3886,Customer_397,45.0,Other,Chennai,Headphones,Audio,5,72401.16,15,307704.93,Net Banking,False,1.0
ORD00145,2022-03-20,CUST1477,Customer_178,25.0,Male,Chennai,Laptop,Computers,4,39181.46,0,156725.84,Net Banking,True,1.0
ORD00146,2022-03-21,CUST9953,Customer_357,41.0,Male,Chennai,Laptop,Computers,2,89746.26,15,152568.64,Net Banking,True,5.0
ORD00147,2022-03-21,CUST9381,Customer_6,20.0,Other,Mumbai,Charger,Accessories,5,50446.62,20,201786.48,Debit Card,False,5.0
ORD00148,2022-03-22,CUST7854,Customer_341,42.0,Female,Chennai,Charger,Accessories,4,29107.25,15,98964.65,Cash on Delivery,False,4.0
ORD00149,2022-03-23,CUST1755,Customer_307,36.0,Male,Chennai,Monitor,Computers,5,20042.99,15,85182.71,Debit Card,False,3.0
ORD00150,2022-03-23,CUST5931,Customer_36,50.0,Other,Ahmedabad,Charger,Accessories,3,31740.69,5,90460.97,UPI,False,2.0
ORD00151,2022-03-24,CUST6724,Customer_327,19.0,Other,Hyderabad,Tablet,Mobile,2,33715.23,25,50572.84,Net Banking,False,2.0
ORD00152,2022-03-24,CUST5150,Customer_356,32.0,Female,Pune,Headphones,Audio,4,6462.62,20,20680.38,UPI,False,2.0
ORD00153,2022-03-25,CUST5060,Customer_281,39.0,Other,Mumbai,Mouse,Accessories,3,33449.81,15,85297.02,Debit Card,False,3.0
ORD00154,2022-03-25,CUST5765,Customer_395,27.0,Male,Chennai,Webcam,Accessories,3,41941.2,15,106950.06,Net Banking,False,4.0
ORD00155,2022-03-26,CUST4612,Customer_300,35.0,Female,Pune,Charger,Accessories,5,65128.58,20,260514.32,Debit Card,False,2.0
ORD00156,2022-03-26,CUST7553,Customer_14,39.0,Other,Chennai,Keyboard,Accessories,3,59207.63,20,142098.31,Net Banking,False,1.0
ORD00157,2022-03-27,CUST8378,Customer_237,63.0,Other,Delhi,Laptop,Computers,2,63875.28,0,127750.56,Debit Card,False,1.0
ORD00158,2022-03-28,CUST2689,Customer_285,44.0,Female,Ahmedabad,Tablet,Mobile,2,1049.22,5,1993.52,Credit Card,False,1.0
ORD00159,2022-03-28,CUST2316,Customer_330,30.0,Female,Ahmedabad,Speaker,Audio,1,19823.77,20,15859.02,Cash on Delivery,False,5.0
ORD00160,2022-03-29,CUST8130,Customer_50,40.325388601036266,Female,Delhi,Webcam,Accessories,2,59652.08,20,95443.33,Cash on Delivery,False,5.0
ORD00161,2022-03-29,CUST4186,Customer_496,22.0,Male,Pune,Mouse,Accessories,3,43712.85,10,118024.7,Net Banking,False,3.0
ORD00162,2022-03-30,CUST6789,Customer_261,43.0,Male,Ahmedabad,Webcam,Accessories,2,775.62,25,1163.43,Credit Card,False,2.0
ORD00163,2022-03-30,CUST2145,Customer_456,30.0,Other,Mumbai,Charger,Accessories,5,72462.17,20,289848.68,UPI,False,5.0
ORD00164,2022-03-31,CUST5394,Unkown,44.0,Other,Hyderabad,Monitor,Computers,1,69620.02,5,66139.02,Credit Card,False,1.0
ORD00165,2022-03-31,CUST8942,Customer_197,31.0,Female,Mumbai,Laptop,Computers,3,49492.2,25,111357.45,Net Banking,False,5.0
ORD00166,2022-04-01,CUST8548,Customer_378,41.0,Other,Mumbai,Laptop,Computers,1,6260.76,25,4695.57,Credit Card,False,3.0492738589211617
ORD00167,2022-04-01,CUST1560,Customer_252,20.0,Other,Delhi,Speaker,Audio,3,69055.4,15,176091.27,UPI,False,2.0
ORD00168,2022-04-02,CUST2912,Customer_88,64.0,Female,Delhi,Monitor,Computers,5,52658.11,15,223796.97,Net Banking,False,3.0
ORD00169,2022-04-03,CUST2864,Customer_488,47.0,Male,Hyderabad,Headphones,Audio,1,70440.81,15,59874.69,Cash on Delivery,False,4.0
ORD00170,2022-04-03,CUST1296,Customer_313,52.0,Male,Kolkata,Phone,Mobile,4,67730.71,15,230284.41,Credit Card,True,4.0
ORD00171,2022-04-04,CUST3409,Customer_26,31.0,Male,Kolkata,Tablet,Mobile,3,72328.29,10,195286.38,Cash on Delivery,False,1.0
ORD00172,2022-04-04,CUST8630,Customer_262,29.0,Other,Kolkata,Laptop,Computers,4,46764.32,20,149645.82,Cash on Delivery,False,5.0
ORD00173,2022-04-05,CUST2461,Customer_144,45.0,Female,Chennai,Keyboard,Accessories,1,12886.11,15,10953.19,Debit Card,False,5.0
ORD00174,2022-04-05,CUST5292,Customer_60,61.0,Male,Hyderabad,Laptop,Computers,4,60501.83,0,242007.32,UPI,True,3.0492738589211617
ORD00175,2022-04-06,CUST3268,Customer_356,46.0,Other,Chennai,Webcam,Accessories,4,55955.5,15,190248.7,Credit Card,False,2.0
ORD00176,2022-04-06,CUST1994,Customer_268,60.0,Female,Pune,Laptop,Computers,1,66879.11,20,53503.29,Cash on Delivery,False,3.0492738589211617
ORD00177,2022-04-07,CUST7554,Customer_75,34.0,Male,Pune,Laptop,Computers,5,15537.33,15,66033.65,Cash on Delivery,False,2.0
ORD00178,2022-04-07,CUST1007,Customer_3,57.0,Male,Bangalore,Phone,Mobile,4,17788.28,10,64037.81,UPI,False,3.0
ORD00179,2022-04-08,CUST3515,Customer_63,38.0,Female,Kolkata,Phone,Mobile,4,80168.73,5,304641.17,Cash on Delivery,False,3.0
ORD00180,2022-04-09,CUST2417,Customer_236,40.0,Other,Delhi,Mouse,Accessories,5,67572.01,5,320967.05,Cash on Delivery,False,1.0
ORD00181,2022-04-09,CUST3316,Customer_448,37.0,Other,Bangalore,Headphones,Audio,4,81767.1,20,261654.72,Cash on Delivery,False,3.0
ORD00182,2022-04-10,CUST8358,Unkown,28.0,Male,Bangalore,Keyboard,Accessories,4,68355.76,5,259751.89,Cash on Delivery,False,5.0
ORD00183,2022-04-10,CUST4932,Customer_229,51.0,Female,Delhi,Laptop,Computers,4,53863.83,5,204682.55,Debit Card,False,2.0
ORD00184,2022-04-11,CUST7204,Customer_390,27.0,Other,Ahmedabad,Laptop,Computers,2,58974.71,0,117949.42,Debit Card,False,3.0492738589211617
ORD00185,2022-04-11,CUST2287,Customer_275,27.0,Female,Bangalore,Tablet,Mobile,5,80053.77,20,320215.08,Net Banking,False,4.0
ORD00186,2022-04-12,CUST2118,Customer_18,60.0,Female,Ahmedabad,Phone,Mobile,4,52217.97,20,167097.5,Credit Card,False,3.0
ORD00187,2022-04-12,CUST9744,Customer_80,23.0,Male,Kolkata,Keyboard,Accessories,5,57024.5,5,270866.38,UPI,False,2.0
ORD00188,2022-04-13,CUST8637,Customer_215,40.325388601036266,Female,Mumbai,Speaker,Audio,3,14334.96,5,40854.64,Net Banking,False,5.0
ORD00189,2022-04-13,CUST1660,Customer_171,41.0,Female,Ahmedabad,Mouse,Accessories,3,42809.73,5,122007.73,Debit Card,False,4.0
ORD00190,2022-04-14,CUST9907,Customer_485,29.0,Female,Chennai,Headphones,Audio,4,64559.82,25,193679.46,Debit Card,False,5.0
ORD00191,2022-04-15,CUST7922,Customer_329,60.0,Other,Kolkata,Monitor,Computers,5,24602.56,10,110711.52,Debit Card,False,5.0
ORD00192,2022-04-15,CUST9104,Customer_255,40.0,Male,Ahmedabad,Headphones,Audio,5,18441.2,15,78375.1,Net Banking,False,4.0
ORD00193,2022-04-16,CUST7337,Customer_387,44.0,Male,Hyderabad,Webcam,Accessories,5,28449.26,10,128021.67,Debit Card,False,4.0
ORD00194,2022-04-16,CUST3529,Customer_126,62.0,Female,Delhi,Laptop,Computers,2,21961.61,20,35138.58,Net Banking,False,3.0
ORD00195,2022-04-17,CUST4970,Customer_255,54.0,Female,Mumbai,Mouse,Accessories,3,19576.66,0,58729.98,Debit Card,False,2.0
ORD00196,2022-04-17,CUST4407,Customer_72,23.0,Other,Pune,Webcam,Accessories,5,38408.12,15,163234.51,Cash on Delivery,False,1.0
ORD00197,2022-04-18,CUST8416,Customer_38,18.0,Male,Hyderabad,Keyboard,Accessories,5,81732.11,0,408660.55,Cash on Delivery,False,2.0
ORD00198,2022-04-18,CUST5760,Customer_324,23.0,Other,Hyderabad,Monitor,Computers,2,45782.25,25,68673.38,Credit Card,False,1.0
ORD00199,2022-04-19,CUST2897,Customer_204,39.0,Male,Ahmedabad,Phone,Mobile,2,17155.46,20,27448.74,Debit Card,True,3.0492738589211617
ORD00200,2022-04-20,CUST7364,Unkown,58.0,Other,Hyderabad,Mouse,Accessories,5,7203.36,25,27012.6,Credit Card,False,3.0492738589211617
ORD00201,2022-04-20,CUST9464,Customer_223,41.0,Female,Bangalore,Mouse,Accessories,1,62744.21,20,50195.37,Net Banking,False,2.0
ORD00202,2022-04-21,CUST5087,Customer_217,42.0,Other,Bangalore,Laptop,Computers,5,34636.05,0,173180.25,Credit Card,False,5.0
ORD00203,2022-04-21,CUST5374,Customer_245,32.0,Female,Bangalore,Charger,Accessories,5,74017.24,0,370086.2,Debit Card,False,2.0
ORD00204,2022-04-22,CUST8607,Customer_336,43.0,Male,Kolkata,Mouse,Accessories,2,59457.12,0,118914.24,Net Banking,False,2.0
ORD00205,2022-04-22,CUST5019,Customer_191,25.0,Male,Ahmedabad,Tablet,Mobile,2,71721.86,20,114754.98,Net Banking,False,5.0
ORD00206,2022-04-23,CUST1815,Unkown,41.0,Female,Bangalore,Monitor,Computers,5,24692.56,5,117289.66,Cash on Delivery,False,3.0
ORD00207,2022-04-23,CUST8255,Customer_320,55.0,Male,Mumbai,Monitor,Computers,5,62403.6,0,312018.0,Net Banking,True,4.0
ORD00208,2022-04-24,CUST1922,Customer_182,23.0,Other,Bangalore,Tablet,Mobile,5,23985.36,25,89945.1,Net Banking,False,3.0
ORD00209,2022-04-24,CUST5867,Customer_334,52.0,Female,Ahmedabad,Speaker,Audio,2,84533.44,15,143706.85,Credit Card,True,3.0
ORD00210,2022-04-25,CUST2264,Customer_383,59.0,Male,Delhi,Tablet,Mobile,5,57381.77,20,229527.08,Net Banking,False,2.0
ORD00211,2022-04-26,CUST4724,Customer_205,40.325388601036266,Other,Hyderabad,Tablet,Mobile,5,29407.71,25,110278.91,UPI,False,4.0
ORD00212,2022-04-26,CUST3722,Customer_361,63.0,Other,Mumbai,Monitor,Computers,4,24474.21,10,88107.16,Cash on Delivery,False,2.0
ORD00213,2022-04-27,CUST6355,Customer_199,40.325388601036266,Male,Ahmedabad,Headphones,Audio,1,17425.11,10,15682.6,Cash on Delivery,False,1.0
ORD00214,2022-04-27,CUST3550,Customer_332,40.325388601036266,Male,Pune,Monitor,Computers,3,62608.29,15,159651.14,Net Banking,False,2.0
ORD00215,2022-04-28,CUST6319,Customer_165,55.0,Other,Bangalore,Charger,Accessories,1,19917.79,5,18921.9,Credit Card,False,5.0
ORD00216,2022-04-28,CUST7686,Customer_242,28.0,Female,Pune,Laptop,Computers,4,53697.7,0,214790.8,Cash on Delivery,False,2.0
ORD00217,2022-04-29,CUST2673,Customer_388,29.0,Male,Hyderabad,Webcam,Accessories,3,24036.76,20,57688.22,Cash on Delivery,False,1.0
ORD00218,2022-04-29,CUST5587,Unkown,59.0,Male,Mumbai,Headphones,Audio,5,59677.61,25,223791.04,UPI,False,2.0
ORD00219,2022-04-30,CUST6353,Customer_227,56.0,Female,Hyderabad,Phone,Mobile,4,73399.09,0,293596.36,Net Banking,True,1.0
ORD00220,2022-04-30,CUST7857,Customer_122,24.0,Female,Pune,Webcam,Accessories,5,70087.86,25,262829.47,Cash on Delivery,False,4.0
ORD00221,2022-05-01,CUST2666,Customer_44,28.0,Male,Kolkata,Laptop,Computers,2,68547.36,20,109675.78,Cash on Delivery,False,2.0
ORD00222,2022-05-02,CUST5511,Customer_451,53.0,Female,Mumbai,Charger,Accessories,4,17137.7,10,61695.72,Cash on Delivery,False,1.0
ORD00223,2022-05-02,CUST7172,Customer_196,48.0,Other,Chennai,Charger,Accessories,2,8227.13,0,16454.26,Cash on Delivery,False,4.0
ORD00224,2022-05-03,CUST2384,Unkown,50.0,Other,Kolkata,Phone,Mobile,4,62994.71,15,214182.01,Credit Card,True,5.0
ORD00225,2022-05-03,CUST5403,Unkown,30.0,Other,Mumbai,Headphones,Audio,4,33339.75,5,126691.05,Debit Card,False,3.0
ORD00226,2022-05-04,CUST4954,Customer_467,35.0,Male,Bangalore,Speaker,Audio,2,39080.46,15,66436.78,UPI,False,1.0
ORD00227,2022-05-04,CUST7305,Customer_458,58.0,Female,Ahmedabad,Tablet,Mobile,3,3093.07,5,8815.25,Credit Card,True,5.0
ORD00228,2022-05-05,CUST9252,Customer_318,41.0,Other,Pune,Headphones,Audio,1,23583.01,25,17687.26,UPI,False,4.0
ORD00229,2022-05-05,CUST8238,Customer_257,26.0,Female,Hyderabad,Speaker,Audio,5,3319.77,0,16598.85,Cash on Delivery,False,5.0
ORD00230,2022-05-06,CUST7981,Customer_17,48.0,Other,Ahmedabad,Charger,Accessories,4,79161.96,0,316647.84,UPI,False,2.0
ORD00231,2022-05-06,CUST7026,Customer_272,58.0,Female,Hyderabad,Monitor,Computers,5,22131.68,5,105125.48,Net Banking,False,3.0
ORD00232,2022-05-07,CUST7609,Customer_9,27.0,Other,Hyderabad,Laptop,Computers,2,50292.14,10,90525.85,Net Banking,False,1.0
ORD00233,2022-05-08,CUST9664,Customer_249,19.0,Other,Delhi,Phone,Mobile,5,3795.45,20,15181.8,Debit Card,False,4.0
ORD00234,2022-05-08,CUST1958,Customer_437,55.0,Other,Delhi,Laptop,Computers,2,60115.21,15,102195.86,Debit Card,False,3.0
ORD00235,2022-05-09,CUST9724,Customer_201,32.0,Other,Bangalore,Keyboard,Accessories,5,29274.55,25,109779.56,UPI,False,3.0492738589211617
ORD00236,2022-05-09,CUST1493,Customer_59,20.0,Other,Chennai,Keyboard,Accessories,1,80842.35,15,68716.0,Credit Card,False,5.0
ORD00237,2022-05-10,CUST8042,Customer_375,60.0,Other,Ahmedabad,Headphones,Audio,1,79963.2,15,67968.72,Credit Card,False,4.0
ORD00238,2022-05-10,CUST1081,Customer_393,48.0,Other,Delhi,Charger,Accessories,1,29477.57,25,22108.18,Cash on Delivery,False,4.0
ORD00239,2022-05-11,CUST7999,Customer_140,23.0,Other,Mumbai,Charger,Accessories,1,81115.19,25,60836.39,Credit Card,False,5.0
ORD00240,2022-05-11,CUST3970,Customer_119,20.0,Other,Kolkata,Tablet,Mobile,1,89654.34,0,89654.34,Debit Card,False,5.0
ORD00241,2022-05-12,CUST1011,Customer_41,28.0,Female,Pune,Tablet,Mobile,1,74338.79,15,63187.97,Credit Card,False,3.0
ORD00242,2022-05-13,CUST8824,Customer_399,32.0,Female,Bangalore,Tablet,Mobile,2,76083.96,20,121734.34,Cash on Delivery,False,1.0
ORD00243,2022-05-13,CUST1761,Customer_322,62.0,Male,Kolkata,Monitor,Computers,4,22635.08,20,72432.26,Net Banking,False,5.0
ORD00244,2022-05-14,CUST4185,Customer_331,45.0,Other,Chennai,Webcam,Accessories,5,52029.21,5,247138.75,Credit Card,False,3.0
ORD00245,2022-05-14,CUST1025,Customer_267,27.0,Female,Kolkata,Mouse,Accessories,1,6331.86,25,4748.89,Credit Card,False,4.0
ORD00246,2022-05-15,CUST2806,Customer_8,55.0,Female,Ahmedabad,Webcam,Accessories,2,8813.14,0,17626.28,Debit Card,False,4.0
ORD00247,2022-05-15,CUST7651,Customer_183,64.0,Female,Mumbai,Laptop,Computers,2,89899.67,20,143839.47,UPI,False,2.0
ORD00248,2022-05-16,CUST6664,Customer_480,24.0,Female,Hyderabad,Webcam,Accessories,2,29598.54,10,53277.37,Net Banking,True,5.0
ORD00249,2022-05-16,CUST6154,Customer_134,32.0,Female,Delhi,Monitor,Computers,4,67411.1,0,269644.4,UPI,False,3.0492738589211617
ORD00250,2022-05-17,CUST6824,Customer_181,35.0,Female,Mumbai,Laptop,Computers,5,72656.86,0,363284.3,Cash on Delivery,False,3.0
ORD00251,2022-05-17,CUST4659,Customer_404,35.0,Male,Chennai,Webcam,Accessories,4,77263.69,20,247243.81,Cash on Delivery,False,1.0
ORD00252,2022-05-18,CUST2525,Customer_423,40.325388601036266,Female,Bangalore,Monitor,Computers,3,89786.26,10,242422.9,UPI,False,3.0
ORD00253,2022-05-19,CUST1760,Customer_355,40.325388601036266,Male,Kolkata,Mouse,Accessories,2,21961.23,5,41726.34,Debit Card,False,5.0
ORD00254,2022-05-19,CUST1594,Customer_72,19.0,Male,Mumbai,Webcam,Accessories,3,3918.47,20,9404.33,Debit Card,False,3.0
ORD00255,2022-05-20,CUST8192,Customer_498,40.325388601036266,Other,Ahmedabad,Monitor,Computers,1,37182.88,10,33464.59,Debit Card,False,2.0
ORD00256,2022-05-20,CUST2055,Customer_113,37.0,Other,Bangalore,Tablet,Mobile,1,11967.24,0,11967.24,Net Banking,False,4.0
ORD00257,2022-05-21,CUST4083,Customer_107,51.0,Other,Hyderabad,Charger,Accessories,4,2310.6,10,8318.16,Cash on Delivery,False,4.0
ORD00258,2022-05-21,CUST4675,Customer_290,60.0,Female,Chennai,Tablet,Mobile,5,32629.29,0,163146.45,Cash on Delivery,False,3.0
ORD00259,2022-05-22,CUST6957,Customer_313,43.0,Other,Chennai,Charger,Accessories,3,70600.32,20,169440.77,Cash on Delivery,False,3.0
ORD00260,2022-05-22,CUST6255,Customer_117,24.0,Female,Kolkata,Phone,Mobile,5,51085.41,25,191570.29,Net Banking,False,3.0
ORD00261,2022-05-23,CUST5228,Customer_120,55.0,Female,Delhi,Phone,Mobile,4,28355.19,20,90736.61,Cash on Delivery,False,3.0
ORD00262,2022-05-23,CUST5181,Customer_147,47.0,Other,Pune,Phone,Mobile,1,58993.48,15,50144.46,UPI,False,2.0
ORD00263,2022-05-24,CUST2830,Customer_327,59.0,Other,Chennai,Mouse,Accessories,5,21111.03,15,89721.88,Credit Card,False,5.0
ORD00264,2022-05-25,CUST4395,Customer_415,22.0,Male,Ahmedabad,Tablet,Mobile,5,1589.02,15,6753.34,Net Banking,False,2.0
ORD00265,2022-05-25,CUST2203,Customer_210,28.0,Male,Mumbai,Charger,Accessories,1,68861.5,20,55089.2,Credit Card,False,2.0
ORD00266,2022-05-26,CUST3810,Customer_296,18.0,Female,Ahmedabad,Monitor,Computers,3,56248.75,5,160308.94,UPI,True,2.0
ORD00267,2022-05-26,CUST4092,Customer_398,51.0,Female,Mumbai,Laptop,Computers,1,68677.55,20,54942.04,Debit Card,False,4.0
ORD00268,2022-05-27,CUST4044,Customer_103,18.0,Other,Mumbai,Monitor,Computers,5,3791.74,25,14219.02,Debit Card,False,2.0
ORD00269,2022-05-27,CUST7071,Customer_124,36.0,Other,Hyderabad,Laptop,Computers,3,75388.63,10,203549.3,Debit Card,False,3.0
ORD00270,2022-05-28,CUST8272,Customer_245,19.0,Male,Chennai,Keyboard,Accessories,3,55870.5,20,134089.2,Net Banking,False,2.0
ORD00271,2022-05-28,CUST5673,Customer_379,38.0,Other,Chennai,Monitor,Computers,1,50835.56,20,40668.45,Debit Card,False,3.0
ORD00272,2022-05-29,CUST4514,Customer_356,37.0,Female,Mumbai,Webcam,Accessories,5,56326.88,0,281634.4,Net Banking,False,5.0
ORD00273,2022-05-29,CUST7192,Customer_209,40.0,Other,Kolkata,Webcam,Accessories,4,77838.66,0,311354.64,Net Banking,False,4.0
ORD00274,2022-05-30,CUST1144,Customer_421,38.0,Male,Ahmedabad,Headphones,Audio,5,52947.2,0,264736.0,Credit Card,False,5.0
ORD00275,2022-05-31,CUST8507,Customer_428,41.0,Female,Delhi,Tablet,Mobile,2,52410.25,20,83856.4,Debit Card,False,5.0
ORD00276,2022-05-31,CUST5857,Customer_393,21.0,Male,Kolkata,Laptop,Computers,4,89162.92,5,338819.1,Cash on Delivery,False,4.0
ORD00277,2022-06-01,CUST2377,Customer_314,29.0,Male,Delhi,Laptop,Computers,3,68177.7,10,184079.79,Debit Card,False,3.0
ORD00278,2022-06-01,CUST4146,Customer_404,39.0,Female,Chennai,Tablet,Mobile,4,39972.75,10,143901.9,Debit Card,False,3.0
ORD00279,2022-06-02,CUST6024,Customer_109,37.0,Male,Kolkata,Mouse,Accessories,3,63752.51,25,143443.15,Debit Card,False,3.0
ORD00280,2022-06-02,CUST1793,Unkown,35.0,Other,Ahmedabad,Headphones,Audio,3,35212.97,5,100356.96,Cash on Delivery,False,4.0
ORD00281,2022-06-03,CUST6756,Customer_348,18.0,Other,Chennai,Mouse,Accessories,4,20829.13,5,79150.69,Cash on Delivery,False,2.0
ORD00282,2022-06-03,CUST5414,Customer_50,47.0,Male,Bangalore,Mouse,Accessories,3,53836.61,10,145358.85,Net Banking,False,1.0
ORD00283,2022-06-04,CUST2110,Customer_404,50.0,Other,Chennai,Mouse,Accessories,3,83556.93,15,213070.17,Cash on Delivery,False,2.0
ORD00284,2022-06-05,CUST6672,Customer_105,41.0,Male,Kolkata,Tablet,Mobile,2,83642.81,0,167285.62,Net Banking,False,2.0
ORD00285,2022-06-05,CUST5053,Customer_420,31.0,Other,Ahmedabad,Mouse,Accessories,5,30967.9,0,154839.5,Credit Card,False,5.0
ORD00286,2022-06-06,CUST4937,Customer_373,53.0,Male,Mumbai,Webcam,Accessories,5,47631.67,10,214342.52,Net Banking,False,1.0
ORD00287,2022-06-06,CUST4963,Customer_27,22.0,Other,Pune,Phone,Mobile,2,19282.74,5,36637.21,Debit Card,False,3.0
ORD00288,2022-06-07,CUST5942,Customer_456,28.0,Female,Hyderabad,Keyboard,Accessories,4,89607.11,25,268821.33,UPI,False,2.0
ORD00289,2022-06-07,CUST6897,Customer_288,41.0,Female,Ahmedabad,Laptop,Computers,1,88305.28,15,75059.49,UPI,False,4.0
ORD00290,2022-06-08,CUST9974,Customer_257,48.0,Other,Chennai,Laptop,Computers,1,58559.95,10,52703.96,Debit Card,True,2.0
ORD00291,2022-06-08,CUST2116,Customer_273,30.0,Male,Chennai,Keyboard,Accessories,1,72454.94,0,72454.94,Net Banking,False,3.0
ORD00292,2022-06-09,CUST2750,Customer_137,33.0,Other,Mumbai,Tablet,Mobile,2,64443.48,20,103109.57,Debit Card,False,2.0
ORD00293,2022-06-09,CUST5027,Customer_340,41.0,Male,Ahmedabad,Monitor,Computers,2,53505.29,5,101660.05,Cash on Delivery,False,5.0
ORD00294,2022-06-10,CUST6745,Customer_301,30.0,Other,Bangalore,Tablet,Mobile,3,5084.32,20,12202.37,Net Banking,False,5.0
ORD00295,2022-06-11,CUST6064,Customer_480,40.325388601036266,Other,Pune,Laptop,Computers,1,41091.36,25,30818.52,Debit Card,False,3.0492738589211617
ORD00296,2022-06-11,CUST6938,Customer_322,43.0,Female,Ahmedabad,Laptop,Computers,4,60827.33,10,218978.39,Cash on Delivery,False,5.0
ORD00297,2022-06-12,CUST4397,Customer_32,19.0,Male,Chennai,Keyboard,Accessories,4,61073.59,0,244294.36,Cash on Delivery,False,4.0
ORD00298,2022-06-12,CUST9265,Customer_45,33.0,Male,Delhi,Mouse,Accessories,1,33768.1,15,28702.88,Net Banking,True,1.0
ORD00299,2022-06-13,CUST2359,Customer_265,55.0,Male,Delhi,Tablet,Mobile,1,84768.77,20,67815.02,Credit Card,False,2.0
ORD00300,2022-06-13,CUST5853,Customer_30,63.0,Male,Delhi,Charger,Accessories,1,15310.93,15,13014.29,Credit Card,True,4.0
ORD00301,2022-06-14,CUST2941,Customer_84,18.0,Male,Hyderabad,Keyboard,Accessories,2,45181.24,25,67771.86,Cash on Delivery,True,4.0
ORD00302,2022-06-14,CUST4148,Customer_166,28.0,Female,Hyderabad,Webcam,Accessories,2,62271.29,0,124542.58,Credit Card,False,4.0
ORD00303,2022-06-15,CUST8933,Customer_316,52.0,Other,Ahmedabad,Laptop,Computers,2,62832.08,20,100531.33,Cash on Delivery,False,3.0
ORD00304,2022-06-15,CUST2285,Customer_1,60.0,Male,Pune,Keyboard,Accessories,5,58481.91,25,219307.16,Credit Card,False,2.0
ORD00305,2022-06-16,CUST7474,Customer_249,40.325388601036266,Male,Chennai,Tablet,Mobile,4,24992.35,15,84973.99,Cash on Delivery,False,2.0
ORD00306,2022-06-17,CUST1770,Customer_261,54.0,Other,Chennai,Laptop,Computers,4,14310.73,15,48656.48,Cash on Delivery,False,2.0
ORD00307,2022-06-17,CUST2843,Customer_63,34.0,Female,Chennai,Monitor,Computers,3,57342.85,20,137622.84,Cash on Delivery,False,1.0
ORD00308,2022-06-18,CUST1073,Customer_483,56.0,Female,Hyderabad,Keyboard,Accessories,2,54056.4,0,108112.8,Cash on Delivery,False,4.0
ORD00309,2022-06-18,CUST2660,Unkown,59.0,Female,Pune,Headphones,Audio,5,16387.23,15,69645.73,UPI,True,2.0
ORD00310,2022-06-19,CUST5349,Customer_321,45.0,Other,Chennai,Laptop,Computers,5,63549.98,10,285974.91,Credit Card,False,5.0
ORD00311,2022-06-19,CUST8102,Customer_334,46.0,Other,Mumbai,Tablet,Mobile,4,41127.93,25,123383.79,Cash on Delivery,True,3.0
ORD00312,2022-06-20,CUST9000,Customer_201,60.0,Female,Bangalore,Phone,Mobile,2,60197.13,20,96315.41,Debit Card,False,1.0
ORD00313,2022-06-20,CUST4818,Customer_222,20.0,Female,Kolkata,Charger,Accessories,3,75410.83,5,214920.87,Net Banking,False,3.0492738589211617
ORD00314,2022-06-21,CUST1331,Customer_152,27.0,Other,Ahmedabad,Speaker,Audio,2,15523.64,5,29494.92,Debit Card,False,4.0
ORD00315,2022-06-22,CUST2421,Customer_132,59.0,Female,Ahmedabad,Mouse,Accessories,1,2016.29,0,2016.29,Debit Card,False,5.0
ORD00316,2022-06-22,CUST8512,Customer_114,31.0,Male,Delhi,Speaker,Audio,2,70184.5,10,126332.1,UPI,False,4.0
ORD00317,2022-06-23,CUST7890,Customer_462,29.0,Other,Delhi,Tablet,Mobile,1,54988.86,15,46740.53,Credit Card,False,2.0
ORD00318,2022-06-23,CUST5931,Customer_217,64.0,Female,Ahmedabad,Webcam,Accessories,1,63056.67,5,59903.84,UPI,False,3.0
ORD00319,2022-06-24,CUST7025,Customer_196,59.0,Male,Mumbai,Webcam,Accessories,3,75481.5,0,226444.5,Credit Card,False,5.0
ORD00320,2022-06-24,CUST5408,Customer_281,47.0,Other,Chennai,Phone,Mobile,4,72311.14,25,216933.42,Cash on Delivery,False,3.0
ORD00321,2022-06-25,CUST6113,Customer_202,49.0,Other,Pune,Mouse,Accessories,2,86493.54,10,155688.37,UPI,False,3.0492738589211617
ORD00322,2022-06-25,CUST9419,Customer_483,49.0,Male,Pune,Headphones,Audio,1,48372.38,10,43535.14,Net Banking,False,5.0
ORD00323,2022-06-26,CUST3881,Customer_135,59.0,Other,Hyderabad,Phone,Mobile,2,44117.06,0,88234.12,Credit Card,False,1.0
ORD00324,2022-06-26,CUST3865,Customer_234,49.0,Female,Chennai,Speaker,Audio,4,36348.28,0,145393.12,UPI,False,5.0
ORD00325,2022-06-27,CUST3575,Customer_141,43.0,Other,Pune,Phone,Mobile,4,14085.09,15,47889.31,Net Banking,False,2.0
ORD00326,2022-06-28,CUST7185,Customer_196,18.0,Female,Chennai,Speaker,Audio,5,51661.87,0,258309.35,Debit Card,False,3.0
ORD00327,2022-06-28,CUST9656,Customer_498,59.0,Male,Delhi,Laptop,Computers,4,25147.02,15,85499.87,Cash on Delivery,False,3.0
ORD00328,2022-06-29,CUST6741,Customer_43,19.0,Male,Kolkata,Webcam,Accessories,3,82940.28,15,211497.71,Cash on Delivery,False,4.0
ORD00329,2022-06-29,CUST1277,Customer_57,34.0,Other,Kolkata,Laptop,Computers,1,52611.22,20,42088.98,Debit Card,False,5.0
ORD00330,2022-06-30,CUST1065,Customer_420,47.0,Male,Kolkata,Charger,Accessories,5,53476.76,10,240645.42,UPI,False,5.0
ORD00331,2022-06-30,CUST5262,Customer_142,56.0,Male,Delhi,Mouse,Accessories,3,32135.74,25,72305.42,Debit Card,False,1.0
ORD00332,2022-07-01,CUST6704,Customer_210,24.0,Other,Hyderabad,Headphones,Audio,2,4962.44,10,8932.39,Net Banking,False,5.0
ORD00333,2022-07-01,CUST9594,Customer_72,44.0,Female,Kolkata,Speaker,Audio,1,3146.42,10,2831.78,Credit Card,False,3.0
ORD00334,2022-07-02,CUST8989,Customer_224,26.0,Other,Delhi,Headphones,Audio,4,38272.16,20,122470.91,UPI,False,5.0
ORD00335,2022-07-02,CUST7255,Customer_27,39.0,Other,Chennai,Speaker,Audio,1,7884.51,15,6701.83,Credit Card,False,4.0
ORD00336,2022-07-03,CUST8441,Customer_128,51.0,Female,Kolkata,Tablet,Mobile,2,54733.17,15,93046.39,Debit Card,False,4.0
ORD00337,2022-07-04,CUST5692,Customer_106,63.0,Female,Mumbai,Phone,Mobile,5,79322.28,0,396611.4,Cash on Delivery,False,3.0
ORD00338,2022-07-04,CUST5419,Customer_165,18.0,Female,Hyderabad,Charger,Accessories,5,79496.46,20,317985.84,Credit Card,False,3.0
ORD00339,2022-07-05,CUST8960,Customer_215,26.0,Other,Mumbai,Webcam,Accessories,5,59415.37,0,297076.85,Credit Card,False,3.0
ORD00340,2022-07-05,CUST7078,Customer_71,37.0,Female,Ahmedabad,Speaker,Audio,4,19246.5,20,61588.8,Cash on Delivery,False,5.0
ORD00341,2022-07-06,CUST2437,Customer_204,36.0,Male,Chennai,Headphones,Audio,3,77709.82,0,233129.46,Credit Card,False,5.0
ORD00342,2022-07-06,CUST9620,Customer_153,53.0,Female,Hyderabad,Charger,Accessories,3,79781.58,5,227377.5,Credit Card,False,2.0
ORD00343,2022-07-07,CUST8032,Customer_67,57.0,Male,Mumbai,Monitor,Computers,1,17938.83,10,16144.95,Cash on Delivery,True,1.0
ORD00344,2022-07-07,CUST6731,Customer_90,62.0,Female,Hyderabad,Monitor,Computers,4,66446.12,10,239206.03,Cash on Delivery,True,5.0
ORD00345,2022-07-08,CUST4378,Customer_260,40.325388601036266,Male,Chennai,Laptop,Computers,5,25999.8,25,97499.25,Debit Card,False,2.0
ORD00346,2022-07-08,CUST9584,Unkown,26.0,Male,Ahmedabad,Webcam,Accessories,5,72295.84,15,307257.32,Debit Card,False,3.0492738589211617
ORD00347,2022-07-09,CUST7347,Customer_228,58.0,Male,Pune,Tablet,Mobile,2,89751.24,25,134626.86,Credit Card,False,4.0
ORD00348,2022-07-10,CUST7401,Customer_79,39.0,Male,Kolkata,Headphones,Audio,2,2992.33,5,5685.43,UPI,False,5.0
ORD00349,2022-07-10,CUST7629,Customer_96,35.0,Male,Ahmedabad,Phone,Mobile,5,80792.72,25,302972.7,Debit Card,False,2.0
ORD00350,2022-07-11,CUST5541,Customer_349,29.0,Female,Hyderabad,Phone,Mobile,5,56148.96,10,252670.32,Debit Card,False,4.0
ORD00351,2022-07-11,CUST8876,Customer_330,59.0,Other,Kolkata,Headphones,Audio,4,87611.42,15,297878.83,UPI,False,1.0
ORD00352,2022-07-12,CUST9533,Customer_469,40.325388601036266,Other,Ahmedabad,Mouse,Accessories,3,42010.35,5,119729.5,UPI,False,4.0
ORD00353,2022-07-12,CUST9324,Customer_382,56.0,Other,Kolkata,Tablet,Mobile,2,76309.7,10,137357.46,Cash on Delivery,False,1.0
ORD00354,2022-07-13,CUST1264,Customer_246,26.0,Other,Pune,Charger,Accessories,3,5895.75,0,17687.25,Debit Card,False,3.0492738589211617
ORD00355,2022-07-13,CUST2434,Customer_272,23.0,Other,Chennai,Speaker,Audio,4,30373.53,20,97195.3,Net Banking,False,3.0
ORD00356,2022-07-14,CUST6327,Customer_495,36.0,Male,Hyderabad,Mouse,Accessories,5,6310.38,5,29974.3,Net Banking,False,4.0
ORD00357,2022-07-15,CUST6097,Customer_403,64.0,Female,Hyderabad,Speaker,Audio,3,87787.28,15,223857.56,Credit Card,False,3.0
ORD00358,2022-07-15,CUST2660,Customer_157,24.0,Male,Pune,Speaker,Audio,5,73581.56,25,275930.85,Debit Card,False,5.0
ORD00359,2022-07-16,CUST6692,Customer_116,33.0,Female,Delhi,Mouse,Accessories,5,76772.5,25,287896.88,Net Banking,False,4.0
ORD00360,2022-07-16,CUST3354,Customer_435,22.0,Female,Pune,Laptop,Computers,1,84434.48,5,80212.76,Debit Card,False,2.0
ORD00361,2022-07-17,CUST9457,Customer_18,33.0,Female,Pune,Monitor,Computers,3,7932.78,15,20228.59,Debit Card,False,5.0
ORD00362,2022-07-17,CUST7461,Customer_442,18.0,Female,Pune,Speaker,Audio,3,34887.1,5,99428.23,Net Banking,False,4.0
ORD00363,2022-07-18,CUST8044,Customer_172,54.0,Other,Chennai,Mouse,Accessories,5,6670.83,15,28351.03,Debit Card,False,1.0
ORD00364,2022-07-18,CUST6497,Customer_16,56.0,Female,Ahmedabad,Mouse,Accessories,4,19207.14,25,57621.42,UPI,False,3.0
ORD00365,2022-07-19,CUST5549,Customer_449,36.0,Female,Bangalore,Keyboard,Accessories,1,20873.11,10,18785.8,Credit Card,False,3.0
ORD00366,2022-07-19,CUST7334,Customer_240,54.0,Other,Pune,Laptop,Computers,5,42377.92,0,211889.6,Cash on Delivery,False,3.0
ORD00367,2022-07-20,CUST7010,Customer_386,34.0,Male,Hyderabad,Webcam,Accessories,2,24389.03,10,43900.25,Net Banking,False,4.0
ORD00368,2022-07-21,CUST5926,Customer_56,43.0,Male,Mumbai,Keyboard,Accessories,2,9356.74,0,18713.48,Cash on Delivery,False,5.0
ORD00369,2022-07-21,CUST7065,Customer_79,39.0,Male,Delhi,Keyboard,Accessories,1,15322.95,25,11492.21,Credit Card,False,1.0
ORD00370,2022-07-22,CUST3179,Customer_103,25.0,Male,Pune,Headphones,Audio,4,13509.62,10,48634.63,UPI,False,3.0
ORD00371,2022-07-22,CUST5967,Customer_284,50.0,Female,Pune,Monitor,Computers,5,87583.99,10,394127.96,UPI,False,5.0
ORD00372,2022-07-23,CUST1634,Customer_193,19.0,Other,Delhi,Mouse,Accessories,3,68407.54,5,194961.49,UPI,False,3.0492738589211617
ORD00373,2022-07-23,CUST4631,Customer_5,47.0,Other,Pune,Monitor,Computers,1,87107.2,20,69685.76,UPI,False,2.0
ORD00374,2022-07-24,CUST5677,Customer_106,40.325388601036266,Male,Hyderabad,Tablet,Mobile,4,39743.72,25,119231.16,Net Banking,False,1.0
ORD00375,2022-07-24,CUST3218,Customer_278,37.0,Other,Bangalore,Headphones,Audio,3,25268.65,15,64435.06,Net Banking,False,3.0
ORD00376,2022-07-25,CUST2389,Unkown,35.0,Female,Pune,Webcam,Accessories,2,71905.9,25,107858.85,Debit Card,False,2.0
ORD00377,2022-07-25,CUST5276,Customer_100,60.0,Male,Delhi,Monitor,Computers,2,29563.98,15,50258.77,Debit Card,False,5.0
ORD00378,2022-07-26,CUST2249,Customer_238,27.0,Female,Pune,Phone,Mobile,3,27153.69,15,69241.91,Credit Card,False,5.0
ORD00379,2022-07-27,CUST8640,Customer_269,41.0,Female,Chennai,Speaker,Audio,1,21154.79,0,21154.79,Debit Card,False,3.0492738589211617
ORD00380,2022-07-27,CUST6712,Customer_321,21.0,Female,Hyderabad,Tablet,Mobile,2,11931.2,15,20283.04,Credit Card,False,3.0
ORD00381,2022-07-28,CUST2245,Customer_400,54.0,Female,Hyderabad,Laptop,Computers,5,23303.74,15,99040.9,Credit Card,False,1.0
ORD00382,2022-07-28,CUST9245,Customer_489,21.0,Female,Bangalore,Webcam,Accessories,3,32171.18,5,91687.86,Credit Card,False,3.0
ORD00383,2022-07-29,CUST1442,Customer_86,30.0,Male,Ahmedabad,Tablet,Mobile,3,60756.28,10,164041.96,UPI,False,4.0
ORD00384,2022-07-29,CUST7976,Customer_320,42.0,Female,Chennai,Speaker,Audio,2,5911.07,25,8866.6,Cash on Delivery,True,2.0
ORD00385,2022-07-30,CUST5675,Customer_32,30.0,Male,Chennai,Headphones,Audio,1,19181.47,25,14386.1,Cash on Delivery,False,4.0
ORD00386,2022-07-30,CUST8953,Customer_336,35.0,Other,Bangalore,Speaker,Audio,5,72868.42,15,309690.78,Net Banking,False,2.0
ORD00387,2022-07-31,CUST5377,Customer_51,41.0,Female,Kolkata,Keyboard,Accessories,1,13477.9,20,10782.32,Credit Card,False,1.0
ORD00388,2022-07-31,CUST8058,Customer_79,19.0,Female,Kolkata,Speaker,Audio,4,31034.27,25,93102.81,UPI,False,3.0
ORD00389,2022-08-01,CUST1822,Customer_186,50.0,Other,Ahmedabad,Keyboard,Accessories,4,77858.91,15,264720.29,Debit Card,False,3.0
ORD00390,2022-08-02,CUST3939,Customer_174,36.0,Male,Mumbai,Headphones,Audio,2,14195.8,0,28391.6,Debit Card,False,2.0
ORD00391,2022-08-02,CUST8096,Customer_436,26.0,Female,Ahmedabad,Charger,Accessories,2,7720.49,0,15440.98,Net Banking,False,5.0
ORD00392,2022-08-03,CUST6765,Customer_106,45.0,Other,Kolkata,Keyboard,Accessories,2,43762.06,0,87524.12,Net Banking,False,4.0
ORD00393,2022-08-03,CUST2031,Customer_63,52.0,Other,Ahmedabad,Laptop,Computers,4,27426.03,15,93248.5,Credit Card,False,3.0
ORD00394,2022-08-04,CUST1562,Customer_76,56.0,Female,Pune,Speaker,Audio,1,50836.73,5,48294.89,Credit Card,False,3.0492738589211617
ORD00395,2022-08-04,CUST1340,Unkown,27.0,Male,Chennai,Speaker,Audio,1,72400.3,20,57920.24,Debit Card,False,2.0
ORD00396,2022-08-05,CUST5567,Customer_321,18.0,Male,Ahmedabad,Laptop,Computers,2,12601.22,15,21422.07,Debit Card,True,5.0
ORD00397,2022-08-05,CUST8862,Unkown,59.0,Female,Mumbai,Phone,Mobile,5,52387.71,5,248841.62,Debit Card,False,4.0
ORD00398,2022-08-06,CUST3296,Customer_81,38.0,Other,Mumbai,Mouse,Accessories,1,45643.14,5,43360.98,Debit Card,False,3.0492738589211617
ORD00399,2022-08-07,CUST1234,Customer_361,26.0,Female,Hyderabad,Charger,Accessories,4,13222.87,25,39668.61,Cash on Delivery,False,5.0
ORD00400,2022-08-07,CUST6202,Customer_128,64.0,Male,Pune,Webcam,Accessories,3,56271.66,15,143492.73,Credit Card,False,2.0
ORD00401,2022-08-08,CUST2291,Customer_183,32.0,Other,Hyderabad,Keyboard,Accessories,3,24844.55,15,63353.6,Credit Card,False,5.0
ORD00402,2022-08-08,CUST5727,Customer_243,52.0,Female,Delhi,Laptop,Computers,3,44057.74,5,125564.56,Debit Card,False,4.0
ORD00403,2022-08-09,CUST9720,Customer_185,22.0,Other,Kolkata,Headphones,Audio,5,7678.83,5,36474.44,UPI,False,1.0
ORD00404,2022-08-09,CUST3939,Customer_498,58.0,Male,Hyderabad,Keyboard,Accessories,2,41523.69,5,78895.01,Debit Card,False,1.0
ORD00405,2022-08-10,CUST6435,Customer_220,39.0,Male,Chennai,Mouse,Accessories,4,27788.77,25,83366.31,Net Banking,False,4.0
ORD00406,2022-08-10,CUST7981,Customer_71,58.0,Male,Chennai,Headphones,Audio,5,74066.59,15,314783.01,UPI,False,2.0
ORD00407,2022-08-11,CUST6392,Customer_457,40.0,Female,Pune,Tablet,Mobile,4,5409.99,5,20557.96,Net Banking,False,3.0
ORD00408,2022-08-11,CUST8972,Unkown,24.0,Other,Mumbai,Speaker,Audio,4,37848.07,0,151392.28,UPI,False,2.0
ORD00409,2022-08-12,CUST2233,Customer_154,40.0,Female,Chennai,Tablet,Mobile,2,41420.3,15,70414.51,Net Banking,False,4.0
ORD00410,2022-08-13,CUST3800,Customer_245,61.0,Female,Kolkata,Keyboard,Accessories,3,65332.05,25,146997.11,Debit Card,False,5.0
ORD00411,2022-08-13,CUST3775,Customer_140,42.0,Female,Hyderabad,Mouse,Accessories,2,51812.6,0,103625.2,Debit Card,True,1.0
ORD00412,2022-08-14,CUST7044,Customer_71,44.0,Female,Kolkata,Charger,Accessories,5,60147.95,10,270665.78,UPI,False,5.0
ORD00413,2022-08-14,CUST4487,Customer_46,58.0,Other,Ahmedabad,Keyboard,Accessories,5,70000.32,15,297501.36,Net Banking,False,2.0
ORD00414,2022-08-15,CUST8383,Customer_47,23.0,Other,Hyderabad,Laptop,Computers,5,77638.61,10,349373.74,Cash on Delivery,False,4.0
ORD00415,2022-08-15,CUST4850,Customer_79,51.0,Female,Pune,Monitor,Computers,2,28453.63,5,54061.9,UPI,False,1.0
ORD00416,2022-08-16,CUST5997,Customer_422,26.0,Female,Ahmedabad,Keyboard,Accessories,4,48559.64,25,145678.92,UPI,False,4.0
ORD00417,2022-08-16,CUST1890,Customer_149,50.0,Male,Kolkata,Speaker,Audio,4,75656.69,5,287495.42,Credit Card,False,3.0492738589211617
ORD00418,2022-08-17,CUST6920,Customer_398,23.0,Male,Hyderabad,Speaker,Audio,1,89052.77,25,66789.58,UPI,False,1.0
ORD00419,2022-08-17,CUST2188,Customer_130,54.0,Other,Kolkata,Keyboard,Accessories,5,80088.88,20,320355.52,Cash on Delivery,False,1.0
ORD00420,2022-08-18,CUST6644,Customer_456,48.0,Male,Bangalore,Headphones,Audio,4,33619.61,5,127754.52,Debit Card,False,2.0
ORD00421,2022-08-19,CUST1740,Customer_127,51.0,Other,Pune,Monitor,Computers,1,17805.44,10,16024.9,Net Banking,False,4.0
ORD00422,2022-08-19,CUST2369,Customer_365,58.0,Other,Pune,Laptop,Computers,4,44197.51,25,132592.53,Credit Card,False,3.0
ORD00423,2022-08-20,CUST3000,Customer_119,46.0,Other,Chennai,Keyboard,Accessories,5,66824.24,5,317415.14,Net Banking,False,3.0
ORD00424,2022-08-20,CUST2471,Customer_454,40.325388601036266,Male,Pune,Headphones,Audio,3,44482.45,15,113430.25,Debit Card,False,3.0
ORD00425,2022-08-21,CUST2536,Customer_485,53.0,Male,Delhi,Speaker,Audio,5,43640.32,25,163651.2,UPI,False,4.0
ORD00426,2022-08-21,CUST1318,Customer_357,53.0,Other,Chennai,Speaker,Audio,2,75488.27,25,113232.4,Cash on Delivery,False,5.0
ORD00427,2022-08-22,CUST6153,Customer_417,32.0,Other,Chennai,Mouse,Accessories,4,32716.92,5,124324.3,Credit Card,False,4.0
ORD00428,2022-08-22,CUST2894,Customer_489,25.0,Female,Ahmedabad,Keyboard,Accessories,4,77422.58,20,247752.26,Cash on Delivery,False,1.0
ORD00429,2022-08-23,CUST8991,Customer_262,43.0,Other,Ahmedabad,Monitor,Computers,2,36789.39,5,69899.84,Cash on Delivery,False,5.0
ORD00430,2022-08-23,CUST9592,Customer_244,53.0,Other,Kolkata,Phone,Mobile,2,29741.51,10,53534.72,Cash on Delivery,False,1.0
ORD00431,2022-08-24,CUST6935,Customer_474,38.0,Female,Bangalore,Monitor,Computers,3,41021.9,10,110759.13,Cash on Delivery,False,1.0
ORD00432,2022-08-25,CUST1723,Customer_382,45.0,Other,Chennai,Speaker,Audio,4,68690.49,25,206071.47,Debit Card,False,4.0
ORD00433,2022-08-25,CUST3329,Customer_103,21.0,Other,Ahmedabad,Speaker,Audio,4,11601.38,25,34804.14,Cash on Delivery,False,3.0
ORD00434,2022-08-26,CUST3770,Customer_489,33.0,Other,Mumbai,Tablet,Mobile,3,17917.8,5,51065.73,Cash on Delivery,False,5.0
ORD00435,2022-08-26,CUST8545,Customer_37,39.0,Female,Hyderabad,Speaker,Audio,1,85643.6,10,77079.24,Debit Card,False,2.0
ORD00436,2022-08-27,CUST5846,Customer_142,29.0,Male,Hyderabad,Laptop,Computers,3,16040.6,10,43309.62,Net Banking,False,3.0
ORD00437,2022-08-27,CUST1267,Customer_37,33.0,Other,Pune,Webcam,Accessories,5,51224.14,20,204896.56,Debit Card,False,2.0
ORD00438,2022-08-28,CUST1569,Customer_8,57.0,Female,Kolkata,Keyboard,Accessories,4,52263.51,15,177695.93,UPI,False,4.0
ORD00439,2022-08-28,CUST2973,Customer_231,55.0,Other,Bangalore,Monitor,Computers,2,44218.31,20,70749.3,Debit Card,False,5.0
ORD00440,2022-08-29,CUST9737,Customer_333,59.0,Female,Hyderabad,Webcam,Accessories,5,58132.65,0,290663.25,Net Banking,False,4.0
ORD00441,2022-08-30,CUST3822,Customer_397,54.0,Other,Mumbai,Headphones,Audio,4,20914.46,20,66926.27,UPI,False,2.0
ORD00442,2022-08-30,CUST5460,Customer_296,46.0,Female,Bangalore,Phone,Mobile,3,49872.81,5,142137.51,UPI,False,1.0
ORD00443,2022-08-31,CUST1270,Customer_107,35.0,Male,Delhi,Laptop,Computers,5,33682.94,15,143152.5,Credit Card,False,4.0
ORD00444,2022-08-31,CUST8641,Customer_348,27.0,Male,Hyderabad,Monitor,Computers,4,59650.55,5,226672.09,Cash on Delivery,False,5.0
ORD00445,2022-09-01,CUST9930,Customer_442,59.0,Male,Chennai,Webcam,Accessories,1,12966.75,0,12966.75,UPI,False,4.0
ORD00446,2022-09-01,CUST7680,Customer_18,56.0,Other,Mumbai,Phone,Mobile,1,51506.7,15,43780.7,UPI,False,3.0
ORD00447,2022-09-02,CUST2257,Customer_313,35.0,Female,Kolkata,Tablet,Mobile,2,16917.75,25,25376.62,Net Banking,False,4.0
ORD00448,2022-09-02,CUST9250,Customer_83,18.0,Other,Kolkata,Laptop,Computers,4,25293.28,10,91055.81,UPI,False,2.0
ORD00449,2022-09-03,CUST6370,Customer_422,56.0,Other,Mumbai,Laptop,Computers,1,19917.27,20,15933.82,Net Banking,False,4.0
ORD00450,2022-09-03,CUST5858,Customer_288,38.0,Female,Hyderabad,Tablet,Mobile,3,16699.55,5,47593.72,Cash on Delivery,False,5.0
ORD00451,2022-09-04,CUST9581,Customer_470,18.0,Other,Ahmedabad,Keyboard,Accessories,4,74365.27,0,297461.08,Credit Card,False,4.0
ORD00452,2022-09-05,CUST9910,Customer_194,32.0,Female,Ahmedabad,Tablet,Mobile,3,25926.97,10,70002.82,Credit Card,False,4.0
ORD00453,2022-09-05,CUST7999,Customer_461,21.0,Female,Pune,Laptop,Computers,3,83462.0,20,200308.8,Cash on Delivery,False,5.0
ORD00454,2022-09-06,CUST1120,Customer_215,37.0,Male,Delhi,Laptop,Computers,1,87301.41,10,78571.27,Cash on Delivery,False,4.0
ORD00455,2022-09-06,CUST7908,Customer_281,27.0,Male,Chennai,Webcam,Accessories,4,51541.06,20,164931.39,Debit Card,False,5.0
ORD00456,2022-09-07,CUST3303,Customer_220,40.0,Male,Delhi,Speaker,Audio,5,13126.2,25,49223.25,UPI,False,2.0
ORD00457,2022-09-07,CUST5861,Customer_442,58.0,Female,Delhi,Phone,Mobile,1,33895.98,15,28811.58,UPI,False,5.0
ORD00458,2022-09-08,CUST3911,Customer_459,51.0,Male,Hyderabad,Tablet,Mobile,1,71855.58,10,64670.02,UPI,False,2.0
ORD00459,2022-09-08,CUST9991,Customer_289,63.0,Female,Chennai,Phone,Mobile,4,33253.95,10,119714.22,Net Banking,False,3.0492738589211617
ORD00460,2022-09-09,CUST8236,Customer_344,50.0,Other,Hyderabad,Tablet,Mobile,4,8104.44,10,29175.98,Debit Card,False,5.0
ORD00461,2022-09-09,CUST6565,Customer_194,51.0,Male,Hyderabad,Headphones,Audio,3,50242.61,15,128118.66,UPI,False,4.0
ORD00462,2022-09-10,CUST7531,Customer_158,56.0,Female,Pune,Laptop,Computers,4,76106.34,0,304425.36,Net Banking,False,3.0
ORD00463,2022-09-11,CUST2109,Unkown,27.0,Female,Mumbai,Speaker,Audio,3,71693.6,20,172064.64,Net Banking,False,5.0
ORD00464,2022-09-11,CUST7929,Customer_104,37.0,Female,Kolkata,Webcam,Accessories,1,16007.55,25,12005.66,Credit Card,False,4.0
ORD00465,2022-09-12,CUST2250,Customer_34,40.325388601036266,Female,Pune,Speaker,Audio,2,60645.99,10,109162.78,Net Banking,False,2.0
ORD00466,2022-09-12,CUST9177,Customer_102,30.0,Male,Kolkata,Speaker,Audio,5,20078.23,15,85332.48,Cash on Delivery,False,1.0
ORD00467,2022-09-13,CUST2649,Customer_127,18.0,Male,Pune,Speaker,Audio,1,19872.22,0,19872.22,Net Banking,False,3.0
ORD00468,2022-09-13,CUST8351,Customer_214,22.0,Male,Hyderabad,Phone,Mobile,4,78703.24,20,251850.37,Cash on Delivery,True,4.0
ORD00469,2022-09-14,CUST6911,Customer_325,33.0,Female,Pune,Tablet,Mobile,5,22694.31,15,96450.82,Cash on Delivery,False,3.0
ORD00470,2022-09-14,CUST3956,Customer_432,32.0,Other,Kolkata,Charger,Accessories,2,23912.29,25,35868.44,Credit Card,False,3.0492738589211617
ORD00471,2022-09-15,CUST6828,Customer_296,45.0,Female,Pune,Headphones,Audio,2,357.61,25,536.42,Credit Card,False,1.0
ORD00472,2022-09-16,CUST5994,Customer_179,48.0,Other,Bangalore,Monitor,Computers,3,78398.01,20,188155.22,Net Banking,False,1.0
ORD00473,2022-09-16,CUST7436,Customer_80,40.0,Male,Chennai,Speaker,Audio,5,71394.75,10,321276.38,Credit Card,False,5.0
ORD00474,2022-09-17,CUST9676,Customer_141,62.0,Female,Mumbai,Keyboard,Accessories,3,56570.41,25,127283.42,Credit Card,False,3.0
ORD00475,2022-09-17,CUST8614,Customer_474,60.0,Female,Kolkata,Phone,Mobile,1,67597.84,0,67597.84,UPI,False,3.0492738589211617
ORD00476,2022-09-18,CUST9994,Customer_31,34.0,Male,Chennai,Webcam,Accessories,5,13937.76,15,59235.48,Net Banking,False,1.0
ORD00477,2022-09-18,CUST2715,Customer_372,51.0,Female,Mumbai,Monitor,Computers,1,41410.63,0,41410.63,Net Banking,False,4.0
ORD00478,2022-09-19,CUST9150,Customer_423,30.0,Other,Ahmedabad,Charger,Accessories,3,31803.38,10,85869.13,Net Banking,False,1.0
ORD00479,2022-09-19,CUST4483,Customer_63,40.325388601036266,Other,Bangalore,Keyboard,Accessories,5,8710.75,0,43553.75,Credit Card,False,5.0
ORD00480,2022-09-20,CUST8675,Customer_48,28.0,Other,Hyderabad,Charger,Accessories,3,43904.9,0,131714.7,Credit Card,False,1.0
ORD00481,2022-09-20,CUST2757,Customer_87,45.0,Female,Ahmedabad,Monitor,Computers,5,82889.35,5,393724.41,Cash on Delivery,False,1.0
ORD00482,2022-09-21,CUST2809,Customer_304,40.325388601036266,Female,Kolkata,Speaker,Audio,3,3892.3,0,11676.9,Debit Card,False,5.0
ORD00483,2022-09-22,CUST6539,Customer_61,49.0,Other,Ahmedabad,Keyboard,Accessories,2,26443.04,20,42308.86,Debit Card,False,5.0
ORD00484,2022-09-22,CUST7048,Customer_396,52.0,Female,Mumbai,Charger,Accessories,3,18915.42,15,48234.32,Debit Card,False,4.0
ORD00485,2022-09-23,CUST2151,Customer_334,48.0,Other,Mumbai,Webcam,Accessories,2,21660.75,5,41155.42,UPI,True,5.0
ORD00486,2022-09-23,CUST6492,Customer_440,34.0,Male,Mumbai,Tablet,Mobile,3,81785.58,15,208553.23,Credit Card,False,4.0
ORD00487,2022-09-24,CUST7711,Customer_274,64.0,Other,Bangalore,Laptop,Computers,5,42284.79,15,179710.36,Cash on Delivery,False,2.0
ORD00488,2022-09-24,CUST7302,Unkown,26.0,Male,Ahmedabad,Tablet,Mobile,5,42126.06,10,189567.27,Cash on Delivery,False,2.0
ORD00489,2022-09-25,CUST5747,Unkown,27.0,Male,Chennai,Monitor,Computers,5,68522.64,10,308351.88,Debit Card,False,5.0
ORD00490,2022-09-25,CUST9402,Customer_466,25.0,Male,Bangalore,Phone,Mobile,4,14156.95,5,53796.41,UPI,False,1.0
ORD00491,2022-09-26,CUST5681,Customer_80,38.0,Other,Mumbai,Laptop,Computers,1,44006.7,25,33005.02,UPI,False,3.0
ORD00492,2022-09-26,CUST3507,Customer_180,30.0,Other,Pune,Headphones,Audio,5,38868.67,10,174909.02,Debit Card,False,1.0
ORD00493,2022-09-27,CUST3963,Customer_272,22.0,Female,Mumbai,Webcam,Accessories,2,53841.89,10,96915.4,Debit Card,False,5.0
ORD00494,2022-09-28,CUST4428,Customer_77,23.0,Female,Pune,Headphones,Audio,5,89959.33,10,404816.99,Credit Card,False,4.0
ORD00495,2022-09-28,CUST8494,Customer_442,47.0,Male,Hyderabad,Keyboard,Accessories,4,69318.57,15,235683.14,UPI,False,1.0
ORD00496,2022-09-29,CUST4955,Customer_221,48.0,Other,Bangalore,Laptop,Computers,2,35987.55,5,68376.34,Cash on Delivery,False,2.0
ORD00497,2022-09-29,CUST4705,Customer_393,34.0,Female,Pune,Headphones,Audio,4,74530.51,15,253403.73,Debit Card,True,5.0
ORD00498,2022-09-30,CUST5038,Customer_282,28.0,Female,Bangalore,Headphones,Audio,2,15611.54,20,24978.46,Credit Card,True,1.0
ORD00499,2022-09-30,CUST1713,Customer_28,37.0,Female,Delhi,Charger,Accessories,3,3031.59,15,7730.55,Cash on Delivery,False,1.0
ORD00500,2022-10-01,CUST8260,Customer_361,40.325388601036266,Other,Chennai,Tablet,Mobile,1,18638.02,20,14910.42,UPI,False,3.0492738589211617
ORD00501,2022-10-01,CUST8011,Customer_77,40.325388601036266,Female,Delhi,Charger,Accessories,1,30833.92,0,30833.92,Debit Card,False,4.0
ORD00502,2022-10-02,CUST9879,Customer_164,54.0,Male,Pune,Laptop,Computers,4,46098.09,0,184392.36,Debit Card,False,4.0
ORD00503,2022-10-02,CUST9521,Customer_9,18.0,Other,Delhi,Laptop,Computers,1,55476.08,20,44380.86,Credit Card,False,3.0
ORD00504,2022-10-03,CUST2746,Customer_175,21.0,Female,Ahmedabad,Monitor,Computers,4,81980.33,20,262337.06,Credit Card,False,5.0
ORD00505,2022-10-04,CUST2207,Customer_462,53.0,Female,Kolkata,Charger,Accessories,4,46032.9,15,156511.86,UPI,False,5.0
ORD00506,2022-10-04,CUST1784,Customer_307,42.0,Other,Chennai,Mouse,Accessories,4,45263.43,20,144842.98,Debit Card,False,2.0
ORD00507,2022-10-05,CUST3696,Customer_76,20.0,Female,Pune,Tablet,Mobile,1,4805.8,5,4565.51,Credit Card,False,2.0
ORD00508,2022-10-05,CUST8073,Customer_245,26.0,Female,Hyderabad,Laptop,Computers,4,3430.57,0,13722.28,Debit Card,False,5.0
ORD00509,2022-10-06,CUST6036,Customer_122,39.0,Male,Ahmedabad,Monitor,Computers,1,49738.05,0,49738.05,UPI,False,1.0
ORD00510,2022-10-06,CUST8127,Customer_185,40.0,Other,Hyderabad,Charger,Accessories,4,39603.62,25,118810.86,Debit Card,False,5.0
ORD00511,2022-10-07,CUST4718,Customer_32,29.0,Female,Chennai,Tablet,Mobile,5,75573.48,20,302293.92,Cash on Delivery,False,3.0
ORD00512,2022-10-07,CUST6775,Customer_486,27.0,Other,Chennai,Charger,Accessories,4,14711.96,10,52963.06,Debit Card,False,2.0
ORD00513,2022-10-08,CUST8910,Customer_451,51.0,Other,Pune,Headphones,Audio,2,2538.96,10,4570.13,Net Banking,False,2.0
ORD00514,2022-10-09,CUST3693,Customer_250,60.0,Male,Bangalore,Monitor,Computers,4,40577.78,20,129848.9,Net Banking,False,2.0
ORD00515,2022-10-09,CUST1625,Customer_57,27.0,Male,Kolkata,Tablet,Mobile,3,21600.83,5,61562.37,UPI,False,5.0
ORD00516,2022-10-10,CUST4708,Customer_310,47.0,Other,Pune,Speaker,Audio,4,4749.41,10,17097.88,UPI,False,2.0
ORD00517,2022-10-10,CUST7859,Customer_372,39.0,Male,Ahmedabad,Keyboard,Accessories,2,65295.47,25,97943.2,UPI,False,2.0
ORD00518,2022-10-11,CUST9953,Customer_144,23.0,Male,Bangalore,Keyboard,Accessories,2,10308.89,20,16494.22,Cash on Delivery,False,5.0
ORD00519,2022-10-11,CUST8692,Customer_318,19.0,Female,Bangalore,Tablet,Mobile,1,54865.26,5,52122.0,Cash on Delivery,False,1.0
ORD00520,2022-10-12,CUST7398,Customer_84,47.0,Male,Bangalore,Charger,Accessories,5,25509.16,5,121168.51,Debit Card,False,2.0
ORD00521,2022-10-12,CUST8252,Customer_480,19.0,Male,Pune,Monitor,Computers,4,15861.6,15,53929.44,Credit Card,False,2.0
ORD00522,2022-10-13,CUST2555,Customer_56,49.0,Female,Mumbai,Keyboard,Accessories,1,34362.71,5,32644.57,Net Banking,False,2.0
ORD00523,2022-10-13,CUST9867,Unkown,59.0,Female,Mumbai,Monitor,Computers,5,72188.69,10,324849.11,Net Banking,False,3.0
ORD00524,2022-10-14,CUST5187,Customer_273,33.0,Other,Hyderabad,Keyboard,Accessories,4,35469.79,10,127691.24,Net Banking,False,5.0
ORD00525,2022-10-15,CUST8767,Customer_464,40.325388601036266,Male,Mumbai,Headphones,Audio,3,67643.04,20,162343.3,Debit Card,False,2.0
ORD00526,2022-10-15,CUST1036,Customer_166,18.0,Female,Mumbai,Charger,Accessories,4,11555.12,20,36976.38,Debit Card,True,3.0
ORD00527,2022-10-16,CUST2787,Customer_456,25.0,Male,Bangalore,Headphones,Audio,2,69616.6,5,132271.54,UPI,True,1.0
ORD00528,2022-10-16,CUST7283,Customer_467,30.0,Other,Bangalore,Keyboard,Accessories,2,21551.92,25,32327.88,Credit Card,False,1.0
ORD00529,2022-10-17,CUST9060,Customer_158,32.0,Male,Chennai,Speaker,Audio,3,61061.16,0,183183.48,UPI,False,3.0
ORD00530,2022-10-17,CUST9065,Customer_249,61.0,Male,Bangalore,Speaker,Audio,1,51049.61,15,43392.17,Debit Card,True,1.0
ORD00531,2022-10-18,CUST4880,Customer_186,25.0,Male,Pune,Headphones,Audio,5,83643.28,0,418216.4,Cash on Delivery,False,4.0
ORD00532,2022-10-18,CUST6932,Customer_482,27.0,Female,Chennai,Speaker,Audio,4,35041.83,5,133158.95,UPI,False,1.0
ORD00533,2022-10-19,CUST9328,Customer_78,63.0,Female,Kolkata,Keyboard,Accessories,2,6234.02,5,11844.64,Debit Card,False,4.0
ORD00534,2022-10-19,CUST7333,Customer_22,22.0,Other,Chennai,Tablet,Mobile,1,2017.25,0,2017.25,Debit Card,False,3.0
ORD00535,2022-10-20,CUST6759,Customer_108,36.0,Male,Ahmedabad,Headphones,Audio,3,74468.21,15,189893.94,Cash on Delivery,False,4.0
ORD00536,2022-10-21,CUST7485,Customer_273,64.0,Other,Mumbai,Phone,Mobile,2,47367.79,0,94735.58,Cash on Delivery,False,1.0
ORD00537,2022-10-21,CUST6067,Customer_252,55.0,Other,Ahmedabad,Charger,Accessories,3,69838.39,20,167612.14,Cash on Delivery,False,2.0
ORD00538,2022-10-22,CUST1661,Customer_15,28.0,Female,Bangalore,Speaker,Audio,4,21326.98,10,76777.13,Credit Card,False,4.0
ORD00539,2022-10-22,CUST8973,Customer_370,60.0,Male,Mumbai,Speaker,Audio,5,31253.01,25,117198.79,Debit Card,False,1.0
ORD00540,2022-10-23,CUST7386,Customer_304,37.0,Male,Bangalore,Laptop,Computers,2,2999.32,20,4798.91,Cash on Delivery,False,2.0
ORD00541,2022-10-23,CUST8887,Customer_160,37.0,Other,Mumbai,Mouse,Accessories,2,86544.86,10,155780.75,Credit Card,False,3.0492738589211617
ORD00542,2022-10-24,CUST1414,Customer_205,38.0,Male,Kolkata,Headphones,Audio,4,60206.75,25,180620.25,Net Banking,False,3.0
ORD00543,2022-10-24,CUST7850,Unkown,35.0,Female,Mumbai,Webcam,Accessories,1,84007.5,25,63005.62,Net Banking,False,5.0
ORD00544,2022-10-25,CUST9534,Customer_113,27.0,Other,Mumbai,Speaker,Audio,5,24114.03,25,90427.61,Net Banking,False,3.0
ORD00545,2022-10-25,CUST3729,Customer_168,51.0,Other,Pune,Charger,Accessories,2,55147.29,5,104779.85,Debit Card,False,5.0
ORD00546,2022-10-26,CUST4897,Customer_353,43.0,Female,Kolkata,Phone,Mobile,5,61160.45,25,229351.69,Credit Card,False,3.0
ORD00547,2022-10-27,CUST3169,Customer_253,47.0,Female,Ahmedabad,Speaker,Audio,2,28783.21,15,48931.46,Credit Card,False,3.0
ORD00548,2022-10-27,CUST2878,Customer_441,26.0,Female,Hyderabad,Phone,Mobile,5,76374.4,0,381872.0,Net Banking,False,3.0
ORD00549,2022-10-28,CUST7454,Customer_186,63.0,Female,Kolkata,Keyboard,Accessories,3,85259.38,15,217411.42,UPI,False,5.0
ORD00550,2022-10-28,CUST5570,Customer_347,48.0,Female,Mumbai,Keyboard,Accessories,2,79670.5,0,159341.0,Net Banking,False,5.0
ORD00551,2022-10-29,CUST2515,Customer_227,59.0,Female,Delhi,Mouse,Accessories,5,66593.31,20,266373.24,Debit Card,False,4.0
ORD00552,2022-10-29,CUST1574,Customer_16,21.0,Other,Delhi,Tablet,Mobile,1,25187.58,20,20150.06,Net Banking,False,1.0
ORD00553,2022-10-30,CUST3867,Customer_156,23.0,Male,Delhi,Webcam,Accessories,3,25559.96,0,76679.88,Net Banking,False,1.0
ORD00554,2022-10-30,CUST4544,Customer_354,31.0,Male,Pune,Laptop,Computers,3,86712.42,15,221116.67,Credit Card,False,1.0
ORD00555,2022-10-31,CUST5477,Customer_111,21.0,Other,Chennai,Mouse,Accessories,1,1221.52,0,1221.52,Net Banking,False,3.0
ORD00556,2022-11-01,CUST1071,Customer_1,43.0,Male,Ahmedabad,Monitor,Computers,5,64528.68,25,241982.55,Cash on Delivery,False,1.0
ORD00557,2022-11-01,CUST3980,Customer_41,64.0,Male,Mumbai,Laptop,Computers,4,63649.28,5,241867.26,Cash on Delivery,False,5.0
ORD00558,2022-11-02,CUST6492,Customer_48,56.0,Other,Kolkata,Headphones,Audio,1,56154.25,20,44923.4,UPI,False,3.0492738589211617
ORD00559,2022-11-02,CUST5759,Unkown,34.0,Male,Delhi,Charger,Accessories,5,89111.76,5,423280.86,Debit Card,False,2.0
ORD00560,2022-11-03,CUST9084,Customer_420,36.0,Male,Pune,Monitor,Computers,1,28274.59,25,21205.94,Debit Card,False,4.0
ORD00561,2022-11-03,CUST1039,Unkown,23.0,Other,Chennai,Monitor,Computers,1,30794.48,25,23095.86,Credit Card,False,1.0
ORD00562,2022-11-04,CUST6373,Customer_161,46.0,Male,Ahmedabad,Mouse,Accessories,2,7379.86,20,11807.78,Debit Card,False,1.0
ORD00563,2022-11-04,CUST8565,Customer_161,28.0,Female,Delhi,Tablet,Mobile,5,40017.99,20,160071.96,UPI,False,5.0
ORD00564,2022-11-05,CUST2900,Customer_359,33.0,Other,Bangalore,Mouse,Accessories,4,23715.05,25,71145.15,Cash on Delivery,False,3.0492738589211617
ORD00565,2022-11-05,CUST3217,Customer_128,47.0,Male,Hyderabad,Headphones,Audio,2,31100.79,10,55981.42,Credit Card,False,5.0
ORD00566,2022-11-06,CUST5796,Customer_210,42.0,Male,Mumbai,Speaker,Audio,1,75160.09,5,71402.09,Cash on Delivery,True,5.0
ORD00567,2022-11-07,CUST5606,Customer_151,57.0,Female,Hyderabad,Speaker,Audio,1,84211.96,5,80001.36,UPI,False,2.0
ORD00568,2022-11-07,CUST2283,Customer_444,28.0,Other,Hyderabad,Tablet,Mobile,1,16959.26,10,15263.33,Credit Card,False,5.0
ORD00569,2022-11-08,CUST9775,Customer_255,24.0,Other,Bangalore,Headphones,Audio,5,33713.05,15,143280.46,Net Banking,False,5.0
ORD00570,2022-11-08,CUST9650,Customer_471,43.0,Male,Bangalore,Tablet,Mobile,5,83597.16,5,397086.51,Debit Card,False,3.0492738589211617
ORD00571,2022-11-09,CUST1815,Customer_463,39.0,Female,Bangalore,Phone,Mobile,2,5843.22,0,11686.44,UPI,False,3.0
ORD00572,2022-11-09,CUST3511,Customer_218,42.0,Female,Chennai,Speaker,Audio,4,8583.74,25,25751.22,Credit Card,False,3.0
ORD00573,2022-11-10,CUST1246,Customer_30,36.0,Female,Delhi,Monitor,Computers,2,14901.35,25,22352.02,Cash on Delivery,True,2.0
ORD00574,2022-11-10,CUST5825,Customer_473,48.0,Female,Kolkata,Webcam,Accessories,3,53689.59,10,144961.89,Credit Card,False,5.0
ORD00575,2022-11-11,CUST7516,Customer_45,43.0,Female,Mumbai,Charger,Accessories,1,13796.36,5,13106.54,Net Banking,False,1.0
ORD00576,2022-11-11,CUST1416,Customer_80,59.0,Female,Bangalore,Headphones,Audio,1,87135.45,15,74065.13,UPI,False,4.0
ORD00577,2022-11-12,CUST7702,Customer_39,58.0,Other,Pune,Laptop,Computers,1,40369.29,5,38350.83,Credit Card,False,1.0
ORD00578,2022-11-13,CUST4717,Customer_240,53.0,Male,Ahmedabad,Tablet,Mobile,2,45285.16,25,67927.74,UPI,False,1.0
ORD00579,2022-11-13,CUST1107,Customer_45,40.0,Male,Mumbai,Charger,Accessories,2,22424.28,20,35878.85,UPI,False,5.0
ORD00580,2022-11-14,CUST5513,Customer_78,64.0,Female,Ahmedabad,Laptop,Computers,1,42544.13,0,42544.13,Cash on Delivery,True,4.0
ORD00581,2022-11-14,CUST2421,Customer_337,30.0,Other,Kolkata,Charger,Accessories,2,59672.65,10,107410.77,Debit Card,False,4.0
ORD00582,2022-11-15,CUST8283,Customer_396,42.0,Other,Mumbai,Webcam,Accessories,5,67679.59,20,270718.36,Net Banking,False,3.0
ORD00583,2022-11-15,CUST1255,Customer_349,19.0,Female,Mumbai,Laptop,Computers,5,67920.97,15,288664.12,Credit Card,False,2.0
ORD00584,2022-11-16,CUST8248,Customer_288,19.0,Male,Bangalore,Mouse,Accessories,2,52135.83,20,83417.33,Debit Card,False,5.0
ORD00585,2022-11-16,CUST3962,Customer_440,33.0,Female,Bangalore,Keyboard,Accessories,1,81420.07,20,65136.06,Cash on Delivery,False,4.0
ORD00586,2022-11-17,CUST3282,Unkown,26.0,Other,Delhi,Mouse,Accessories,2,73620.48,15,125154.82,Debit Card,True,5.0
ORD00587,2022-11-17,CUST9744,Customer_116,45.0,Female,Kolkata,Speaker,Audio,2,68206.22,20,109129.95,UPI,True,3.0
ORD00588,2022-11-18,CUST9372,Customer_269,30.0,Male,Bangalore,Keyboard,Accessories,2,5286.82,10,9516.28,UPI,False,1.0
ORD00589,2022-11-19,CUST2477,Unkown,52.0,Male,Bangalore,Mouse,Accessories,3,915.95,25,2060.89,Net Banking,False,4.0
ORD00590,2022-11-19,CUST9762,Customer_335,40.325388601036266,Other,Mumbai,Keyboard,Accessories,5,19355.52,5,91938.72,Credit Card,False,3.0
ORD00591,2022-11-20,CUST5952,Customer_312,30.0,Female,Delhi,Keyboard,Accessories,4,59817.07,20,191414.62,Credit Card,False,3.0492738589211617
ORD00592,2022-11-20,CUST6880,Customer_53,48.0,Female,Hyderabad,Monitor,Computers,4,37183.41,10,133860.28,Cash on Delivery,False,3.0
ORD00593,2022-11-21,CUST6592,Customer_68,38.0,Other,Bangalore,Tablet,Mobile,3,36394.84,5,103725.29,Net Banking,False,3.0
ORD00594,2022-11-21,CUST8091,Customer_182,49.0,Female,Pune,Tablet,Mobile,2,79646.44,5,151328.24,Credit Card,False,3.0
ORD00595,2022-11-22,CUST1591,Customer_34,51.0,Other,Bangalore,Monitor,Computers,3,80630.99,20,193514.38,UPI,False,3.0
ORD00596,2022-11-22,CUST7277,Customer_284,25.0,Female,Hyderabad,Charger,Accessories,3,81852.02,10,221000.45,Net Banking,False,3.0
ORD00597,2022-11-23,CUST3260,Customer_306,40.325388601036266,Male,Mumbai,Phone,Mobile,1,28453.86,25,21340.4,Debit Card,False,3.0
ORD00598,2022-11-24,CUST1347,Customer_386,19.0,Other,Kolkata,Charger,Accessories,5,62286.71,20,249146.84,Net Banking,False,2.0
ORD00599,2022-11-24,CUST9357,Customer_249,55.0,Female,Delhi,Laptop,Computers,4,24664.5,15,83859.3,Net Banking,False,5.0
ORD00600,2022-11-25,CUST6032,Unkown,40.325388601036266,Female,Mumbai,Laptop,Computers,2,17396.7,5,33053.73,Credit Card,False,1.0
ORD00601,2022-11-25,CUST5443,Customer_94,40.325388601036266,Female,Kolkata,Keyboard,Accessories,4,16860.53,20,53953.7,Cash on Delivery,False,5.0
ORD00602,2022-11-26,CUST9774,Customer_410,45.0,Other,Chennai,Mouse,Accessories,4,30986.05,5,117746.99,Cash on Delivery,False,4.0
ORD00603,2022-11-26,CUST7869,Customer_179,54.0,Male,Bangalore,Mouse,Accessories,5,38866.2,10,174897.9,Credit Card,False,4.0
ORD00604,2022-11-27,CUST6696,Customer_47,58.0,Female,Kolkata,Tablet,Mobile,4,74835.14,0,299340.56,Credit Card,False,5.0
ORD00605,2022-11-27,CUST4038,Customer_282,40.325388601036266,Other,Pune,Headphones,Audio,4,11053.23,20,35370.34,Credit Card,False,3.0
ORD00606,2022-11-28,CUST3845,Customer_340,58.0,Female,Kolkata,Charger,Accessories,3,66221.85,25,148999.16,Cash on Delivery,False,2.0
ORD00607,2022-11-28,CUST8864,Customer_362,27.0,Male,Chennai,Speaker,Audio,5,47970.51,20,191882.04,Credit Card,False,3.0492738589211617
ORD00608,2022-11-29,CUST7609,Customer_92,21.0,Male,Bangalore,Webcam,Accessories,1,26127.7,5,24821.32,Debit Card,False,3.0
ORD00609,2022-11-30,CUST2265,Customer_376,52.0,Male,Chennai,Mouse,Accessories,2,44504.92,10,80108.86,Debit Card,False,5.0
ORD00610,2022-11-30,CUST3274,Customer_212,27.0,Other,Hyderabad,Webcam,Accessories,4,27203.8,15,92492.92,UPI,False,5.0
ORD00611,2022-12-01,CUST3470,Customer_75,40.325388601036266,Female,Bangalore,Keyboard,Accessories,2,53767.55,25,80651.33,Debit Card,False,2.0
ORD00612,2022-12-01,CUST3577,Customer_378,28.0,Other,Pune,Webcam,Accessories,1,39214.8,10,35293.32,Net Banking,True,2.0
ORD00613,2022-12-02,CUST4660,Customer_202,31.0,Female,Bangalore,Speaker,Audio,2,15046.18,20,24073.89,UPI,False,5.0
ORD00614,2022-12-02,CUST2068,Customer_445,55.0,Other,Chennai,Monitor,Computers,1,10756.5,15,9143.02,Debit Card,False,3.0
ORD00615,2022-12-03,CUST6591,Customer_407,29.0,Female,Ahmedabad,Speaker,Audio,3,49337.6,10,133211.52,Net Banking,True,3.0
ORD00616,2022-12-03,CUST6974,Customer_421,62.0,Other,Delhi,Webcam,Accessories,4,81245.45,0,324981.8,Debit Card,False,3.0
ORD00617,2022-12-04,CUST5829,Customer_297,34.0,Female,Chennai,Speaker,Audio,1,31152.0,25,23364.0,Net Banking,False,1.0
ORD00618,2022-12-04,CUST2950,Customer_308,33.0,Other,Bangalore,Phone,Mobile,2,66049.11,5,125493.31,Credit Card,True,1.0
ORD00619,2022-12-05,CUST9283,Customer_211,52.0,Male,Ahmedabad,Keyboard,Accessories,4,59380.92,10,213771.31,Net Banking,False,3.0
ORD00620,2022-12-06,CUST4093,Customer_493,19.0,Other,Bangalore,Charger,Accessories,3,83859.48,10,226420.6,Credit Card,False,3.0492738589211617
ORD00621,2022-12-06,CUST6311,Customer_338,28.0,Male,Kolkata,Monitor,Computers,4,73941.0,0,295764.0,Net Banking,False,2.0
ORD00622,2022-12-07,CUST2387,Customer_433,58.0,Male,Ahmedabad,Mouse,Accessories,1,51123.49,20,40898.79,Net Banking,False,4.0
ORD00623,2022-12-07,CUST5274,Customer_411,20.0,Female,Delhi,Laptop,Computers,3,59234.64,25,133277.94,Debit Card,True,2.0
ORD00624,2022-12-08,CUST3285,Customer_134,46.0,Male,Mumbai,Charger,Accessories,2,80884.27,25,121326.4,Net Banking,False,2.0
ORD00625,2022-12-08,CUST4206,Customer_330,35.0,Male,Delhi,Laptop,Computers,3,36135.83,5,102987.12,Debit Card,False,4.0
ORD00626,2022-12-09,CUST3924,Customer_66,37.0,Female,Mumbai,Keyboard,Accessories,3,29612.49,10,79953.72,Net Banking,False,3.0
ORD00627,2022-12-09,CUST8045,Customer_280,64.0,Other,Pune,Monitor,Computers,5,1268.75,15,5392.19,Cash on Delivery,False,2.0
ORD00628,2022-12-10,CUST9471,Customer_422,31.0,Other,Bangalore,Tablet,Mobile,3,74440.63,10,200989.7,UPI,False,4.0
ORD00629,2022-12-11,CUST2618,Customer_28,51.0,Male,Kolkata,Mouse,Accessories,3,72146.97,5,205618.86,Debit Card,False,5.0
ORD00630,2022-12-11,CUST9562,Unkown,48.0,Other,Ahmedabad,Phone,Mobile,4,9668.57,10,34806.85,Debit Card,False,5.0
ORD00631,2022-12-12,CUST6896,Customer_117,57.0,Male,Hyderabad,Tablet,Mobile,2,52043.11,0,104086.22,Credit Card,False,5.0
ORD00632,2022-12-12,CUST8843,Customer_493,59.0,Other,Hyderabad,Keyboard,Accessories,4,41918.16,10,150905.38,Cash on Delivery,True,3.0
ORD00633,2022-12-13,CUST8063,Customer_370,35.0,Other,Chennai,Charger,Accessories,4,10947.21,10,39409.96,Credit Card,False,2.0
ORD00634,2022-12-13,CUST9495,Customer_487,47.0,Other,Delhi,Phone,Mobile,1,88255.97,15,75017.57,Cash on Delivery,False,2.0
ORD00635,2022-12-14,CUST2348,Customer_450,42.0,Male,Ahmedabad,Speaker,Audio,4,19557.22,0,78228.88,Cash on Delivery,False,1.0
ORD00636,2022-12-14,CUST6556,Customer_317,36.0,Female,Delhi,Webcam,Accessories,5,6329.91,0,31649.55,Net Banking,False,5.0
ORD00637,2022-12-15,CUST6289,Customer_430,25.0,Other,Ahmedabad,Phone,Mobile,5,53656.81,10,241455.64,Credit Card,False,3.0
ORD00638,2022-12-15,CUST3422,Unkown,45.0,Other,Hyderabad,Keyboard,Accessories,1,66575.34,25,49931.5,UPI,False,4.0
ORD00639,2022-12-16,CUST4628,Customer_114,25.0,Other,Mumbai,Headphones,Audio,2,3209.18,15,5455.61,Cash on Delivery,True,3.0
ORD00640,2022-12-17,CUST3428,Customer_75,48.0,Male,Delhi,Webcam,Accessories,2,59385.97,10,106894.75,Cash on Delivery,False,2.0
ORD00641,2022-12-17,CUST4033,Customer_202,20.0,Female,Mumbai,Laptop,Computers,4,48045.58,10,172964.09,Debit Card,False,5.0
ORD00642,2022-12-18,CUST7157,Customer_427,20.0,Male,Mumbai,Mouse,Accessories,4,9561.87,5,36335.11,Net Banking,False,1.0
ORD00643,2022-12-18,CUST9860,Customer_59,61.0,Other,Mumbai,Laptop,Computers,4,15774.39,5,59942.68,UPI,False,3.0
ORD00644,2022-12-19,CUST9691,Customer_386,39.0,Male,Mumbai,Phone,Mobile,2,51246.29,25,76869.44,Cash on Delivery,False,3.0492738589211617
ORD00645,2022-12-19,CUST8813,Customer_15,34.0,Other,Kolkata,Laptop,Computers,3,26882.28,15,68549.81,Debit Card,False,2.0
ORD00646,2022-12-20,CUST2414,Customer_231,53.0,Other,Chennai,Keyboard,Accessories,5,84465.92,20,337863.68,Credit Card,False,4.0
ORD00647,2022-12-20,CUST7708,Customer_105,34.0,Male,Chennai,Speaker,Audio,3,73740.0,5,210159.0,Cash on Delivery,False,3.0
ORD00648,2022-12-21,CUST9721,Customer_165,31.0,Other,Kolkata,Charger,Accessories,3,88524.98,20,212459.95,Debit Card,False,2.0
ORD00649,2022-12-21,CUST7635,Customer_199,26.0,Other,Hyderabad,Mouse,Accessories,2,23591.47,0,47182.94,Credit Card,False,3.0492738589211617
ORD00650,2022-12-22,CUST4621,Customer_404,47.0,Female,Ahmedabad,Laptop,Computers,3,87283.21,5,248757.15,Net Banking,False,3.0
ORD00651,2022-12-23,CUST6315,Unkown,40.325388601036266,Male,Chennai,Laptop,Computers,1,38980.68,5,37031.65,Credit Card,False,1.0
ORD00652,2022-12-23,CUST1754,Customer_35,29.0,Male,Ahmedabad,Phone,Mobile,4,31471.44,15,107002.9,Cash on Delivery,False,3.0
ORD00653,2022-12-24,CUST3347,Customer_162,54.0,Other,Pune,Charger,Accessories,1,4815.35,25,3611.51,UPI,False,2.0
ORD00654,2022-12-24,CUST1726,Customer_245,49.0,Other,Kolkata,Tablet,Mobile,5,5032.04,20,20128.16,Credit Card,True,2.0
ORD00655,2022-12-25,CUST5923,Customer_470,28.0,Male,Delhi,Laptop,Computers,4,62372.41,5,237015.16,UPI,False,1.0
ORD00656,2022-12-25,CUST3649,Customer_287,37.0,Male,Pune,Keyboard,Accessories,3,41375.23,5,117919.41,UPI,False,2.0
ORD00657,2022-12-26,CUST3815,Customer_383,52.0,Male,Kolkata,Headphones,Audio,5,20617.99,15,87626.46,Credit Card,False,3.0
ORD00658,2022-12-26,CUST4279,Customer_471,64.0,Other,Chennai,Mouse,Accessories,4,55372.14,15,188265.28,Net Banking,False,1.0
ORD00659,2022-12-27,CUST3984,Customer_19,63.0,Female,Delhi,Laptop,Computers,3,22980.37,25,51705.83,Credit Card,False,2.0
ORD00660,2022-12-27,CUST4807,Customer_452,28.0,Female,Ahmedabad,Keyboard,Accessories,1,52112.57,20,41690.06,Debit Card,False,2.0
ORD00661,2022-12-28,CUST8876,Customer_280,25.0,Other,Delhi,Keyboard,Accessories,4,32520.02,0,130080.08,UPI,False,3.0
ORD00662,2022-12-29,CUST7099,Customer_340,21.0,Other,Ahmedabad,Mouse,Accessories,3,74171.63,25,166886.17,Cash on Delivery,False,2.0
ORD00663,2022-12-29,CUST1607,Customer_423,44.0,Other,Mumbai,Tablet,Mobile,1,73915.45,0,73915.45,UPI,False,3.0
ORD00664,2022-12-30,CUST7169,Customer_348,61.0,Male,Hyderabad,Keyboard,Accessories,5,43117.33,10,194027.98,Cash on Delivery,False,5.0
ORD00665,2022-12-30,CUST8790,Customer_182,57.0,Other,Mumbai,Headphones,Audio,5,31767.47,5,150895.48,Debit Card,False,3.0
ORD00666,2022-12-31,CUST6573,Customer_423,55.0,Male,Kolkata,Keyboard,Accessories,5,32820.61,20,131282.44,Debit Card,True,4.0
ORD00667,2022-12-31,CUST1634,Customer_401,64.0,Female,Mumbai,Keyboard,Accessories,5,72571.59,25,272143.46,Debit Card,False,2.0
ORD00668,2023-01-01,CUST2074,Customer_147,47.0,Other,Pune,Keyboard,Accessories,2,29736.7,5,56499.73,Credit Card,False,5.0
ORD00669,2023-01-01,CUST2914,Customer_374,61.0,Other,Ahmedabad,Speaker,Audio,4,19051.63,20,60965.22,UPI,False,1.0
ORD00670,2023-01-02,CUST1588,Customer_176,44.0,Male,Ahmedabad,Speaker,Audio,4,7895.54,20,25265.73,Cash on Delivery,False,4.0
ORD00671,2023-01-03,CUST4231,Customer_163,38.0,Male,Chennai,Tablet,Mobile,2,42161.37,20,67458.19,Debit Card,False,1.0
ORD00672,2023-01-03,CUST7351,Customer_416,37.0,Male,Ahmedabad,Laptop,Computers,3,43546.25,5,124106.81,Debit Card,False,4.0
ORD00673,2023-01-04,CUST4838,Customer_175,21.0,Female,Pune,Keyboard,Accessories,3,75728.51,25,170389.15,Cash on Delivery,False,5.0
ORD00674,2023-01-04,CUST2973,Customer_494,28.0,Female,Chennai,Charger,Accessories,5,20144.11,15,85612.47,UPI,False,5.0
ORD00675,2023-01-05,CUST6044,Customer_47,30.0,Other,Pune,Laptop,Computers,1,34473.92,5,32750.22,UPI,False,5.0
ORD00676,2023-01-05,CUST7103,Customer_256,26.0,Other,Delhi,Tablet,Mobile,3,72812.99,20,174751.18,Cash on Delivery,False,4.0
ORD00677,2023-01-06,CUST7683,Customer_448,21.0,Male,Chennai,Monitor,Computers,1,74178.04,25,55633.53,Net Banking,False,3.0
ORD00678,2023-01-06,CUST6837,Customer_174,29.0,Female,Ahmedabad,Laptop,Computers,4,34798.61,10,125275.0,UPI,False,1.0
ORD00679,2023-01-07,CUST7783,Customer_103,26.0,Other,Chennai,Laptop,Computers,1,41482.42,0,41482.42,Cash on Delivery,False,3.0
ORD00680,2023-01-07,CUST6594,Customer_121,30.0,Male,Pune,Webcam,Accessories,4,27503.74,20,88011.97,Cash on Delivery,False,3.0
ORD00681,2023-01-08,CUST4822,Customer_419,43.0,Male,Bangalore,Phone,Mobile,2,83949.17,10,151108.51,Debit Card,False,2.0
ORD00682,2023-01-09,CUST4389,Customer_350,40.325388601036266,Female,Delhi,Webcam,Accessories,2,10941.35,15,18600.3,Cash on Delivery,False,3.0492738589211617
ORD00683,2023-01-09,CUST6914,Customer_145,59.0,Female,Kolkata,Headphones,Audio,5,84056.32,20,336225.28,Credit Card,False,3.0492738589211617
ORD00684,2023-01-10,CUST2780,Customer_42,30.0,Other,Ahmedabad,Speaker,Audio,3,61641.82,10,166432.91,Debit Card,False,3.0492738589211617
ORD00685,2023-01-10,CUST4688,Customer_367,56.0,Other,Delhi,Speaker,Audio,5,47981.02,20,191924.08,Debit Card,False,2.0
ORD00686,2023-01-11,CUST8211,Customer_29,40.325388601036266,Male,Ahmedabad,Phone,Mobile,4,3228.52,5,12268.38,UPI,False,5.0
ORD00687,2023-01-11,CUST6037,Customer_454,36.0,Male,Kolkata,Mouse,Accessories,5,42959.98,25,161099.93,Net Banking,True,4.0
ORD00688,2023-01-12,CUST7319,Customer_380,41.0,Male,Bangalore,Mouse,Accessories,1,36874.01,10,33186.61,UPI,False,3.0
ORD00689,2023-01-12,CUST9640,Customer_273,36.0,Other,Pune,Tablet,Mobile,4,14760.33,25,44280.99,Credit Card,False,3.0
ORD00690,2023-01-13,CUST1081,Customer_465,30.0,Female,Pune,Phone,Mobile,2,59178.94,5,112439.99,Debit Card,False,3.0
ORD00691,2023-01-13,CUST7278,Customer_14,30.0,Other,Delhi,Laptop,Computers,3,87411.24,5,249122.03,Debit Card,False,5.0
ORD00692,2023-01-14,CUST7999,Customer_408,45.0,Female,Pune,Mouse,Accessories,4,50727.34,25,152182.02,Cash on Delivery,False,3.0
ORD00693,2023-01-15,CUST2406,Unkown,19.0,Other,Hyderabad,Keyboard,Accessories,4,64412.37,10,231884.53,Net Banking,False,1.0
ORD00694,2023-01-15,CUST8410,Customer_306,27.0,Other,Hyderabad,Charger,Accessories,1,6439.01,25,4829.26,Net Banking,False,3.0
ORD00695,2023-01-16,CUST2480,Customer_313,39.0,Female,Ahmedabad,Laptop,Computers,3,37763.73,25,84968.39,Cash on Delivery,False,3.0
ORD00696,2023-01-16,CUST4598,Customer_485,30.0,Other,Kolkata,Headphones,Audio,2,10736.36,0,21472.72,Credit Card,False,1.0
ORD00697,2023-01-17,CUST8993,Customer_189,26.0,Other,Bangalore,Keyboard,Accessories,4,55266.79,10,198960.44,Net Banking,False,5.0
ORD00698,2023-01-17,CUST5183,Customer_360,50.0,Male,Ahmedabad,Keyboard,Accessories,4,84480.85,0,337923.4,Debit Card,False,2.0
ORD00699,2023-01-18,CUST4680,Customer_295,31.0,Female,Chennai,Phone,Mobile,1,59660.46,20,47728.37,Credit Card,False,4.0
ORD00700,2023-01-18,CUST8644,Customer_183,37.0,Female,Ahmedabad,Tablet,Mobile,5,7188.23,25,26955.86,UPI,False,5.0
ORD00701,2023-01-19,CUST5310,Customer_352,32.0,Male,Hyderabad,Headphones,Audio,2,32112.56,20,51380.1,UPI,False,3.0
ORD00702,2023-01-19,CUST2758,Customer_36,49.0,Female,Ahmedabad,Mouse,Accessories,3,49693.51,10,134172.48,Credit Card,False,2.0
ORD00703,2023-01-20,CUST3599,Customer_370,50.0,Male,Kolkata,Phone,Mobile,4,36466.74,25,109400.22,Debit Card,False,4.0
ORD00704,2023-01-21,CUST6616,Customer_37,34.0,Female,Ahmedabad,Mouse,Accessories,4,75076.87,20,240245.98,UPI,False,4.0
ORD00705,2023-01-21,CUST6813,Customer_496,40.325388601036266,Female,Pune,Phone,Mobile,2,73374.99,15,124737.48,Debit Card,False,4.0
ORD00706,2023-01-22,CUST4853,Customer_14,40.325388601036266,Female,Bangalore,Phone,Mobile,5,55180.24,5,262106.14,Cash on Delivery,False,1.0
ORD00707,2023-01-22,CUST3292,Customer_411,30.0,Female,Kolkata,Phone,Mobile,4,33798.18,25,101394.54,Net Banking,False,1.0
ORD00708,2023-01-23,CUST2501,Customer_123,64.0,Male,Kolkata,Tablet,Mobile,2,23202.67,5,44085.07,Credit Card,True,2.0
ORD00709,2023-01-23,CUST9422,Customer_83,33.0,Male,Hyderabad,Phone,Mobile,1,9795.93,0,9795.93,Net Banking,False,3.0
ORD00710,2023-01-24,CUST8550,Customer_159,19.0,Female,Mumbai,Monitor,Computers,5,32133.32,20,128533.28,Cash on Delivery,False,2.0
ORD00711,2023-01-24,CUST5250,Customer_494,34.0,Other,Bangalore,Charger,Accessories,3,37360.57,0,112081.71,UPI,False,3.0
ORD00712,2023-01-25,CUST7991,Customer_329,49.0,Male,Delhi,Mouse,Accessories,4,60920.32,25,182760.96,Debit Card,False,5.0
ORD00713,2023-01-26,CUST1114,Customer_102,60.0,Female,Kolkata,Laptop,Computers,2,59335.94,5,112738.29,Debit Card,False,4.0
ORD00714,2023-01-26,CUST5406,Customer_337,25.0,Male,Hyderabad,Webcam,Accessories,1,6587.7,5,6258.32,Cash on Delivery,False,4.0
ORD00715,2023-01-27,CUST3347,Customer_83,20.0,Other,Delhi,Headphones,Audio,3,35753.76,20,85809.02,Credit Card,False,1.0
ORD00716,2023-01-27,CUST2041,Customer_44,29.0,Other,Bangalore,Speaker,Audio,2,16604.56,25,24906.84,Net Banking,False,5.0
ORD00717,2023-01-28,CUST7927,Customer_68,37.0,Other,Hyderabad,Tablet,Mobile,2,14365.1,15,24420.67,UPI,False,5.0
ORD00718,2023-01-28,CUST1011,Customer_48,33.0,Female,Delhi,Laptop,Computers,3,74508.0,15,189995.4,Credit Card,False,3.0
ORD00719,2023-01-29,CUST8980,Customer_57,31.0,Female,Ahmedabad,Keyboard,Accessories,1,4058.79,20,3247.03,Cash on Delivery,False,3.0492738589211617
ORD00720,2023-01-29,CUST8871,Customer_75,33.0,Other,Chennai,Monitor,Computers,1,37899.7,25,28424.78,Cash on Delivery,False,1.0
ORD00721,2023-01-30,CUST7375,Customer_22,60.0,Male,Kolkata,Speaker,Audio,5,15386.87,20,61547.48,Debit Card,False,3.0
ORD00722,2023-01-30,CUST8098,Customer_132,50.0,Male,Chennai,Webcam,Accessories,4,79174.92,25,237524.76,UPI,False,2.0
ORD00723,2023-01-31,CUST4676,Customer_465,47.0,Other,Mumbai,Laptop,Computers,3,50265.53,0,150796.59,Credit Card,False,3.0
ORD00724,2023-02-01,CUST7109,Unkown,29.0,Female,Pune,Speaker,Audio,3,21053.84,20,50529.22,Debit Card,False,2.0
ORD00725,2023-02-01,CUST6397,Customer_302,32.0,Male,Bangalore,Laptop,Computers,3,45366.73,25,102075.14,UPI,False,3.0
ORD00726,2023-02-02,CUST4065,Customer_443,35.0,Male,Pune,Monitor,Computers,1,65913.33,15,56026.33,Net Banking,False,4.0
ORD00727,2023-02-02,CUST3036,Customer_418,45.0,Male,Pune,Webcam,Accessories,4,86242.19,25,258726.57,Net Banking,False,2.0
ORD00728,2023-02-03,CUST4046,Customer_267,40.0,Female,Delhi,Keyboard,Accessories,5,20073.01,25,75273.79,Debit Card,False,1.0
ORD00729,2023-02-03,CUST1540,Customer_287,31.0,Other,Mumbai,Phone,Mobile,2,79789.5,20,127663.2,Credit Card,False,2.0
ORD00730,2023-02-04,CUST1076,Customer_395,47.0,Female,Bangalore,Mouse,Accessories,2,84106.08,0,168212.16,UPI,False,2.0
ORD00731,2023-02-04,CUST4067,Customer_120,50.0,Male,Chennai,Keyboard,Accessories,3,82501.92,0,247505.76,Net Banking,False,3.0
ORD00732,2023-02-05,CUST1023,Customer_246,62.0,Other,Pune,Phone,Mobile,4,57295.67,0,229182.68,Net Banking,False,4.0
ORD00733,2023-02-05,CUST6134,Customer_56,32.0,Female,Delhi,Tablet,Mobile,1,56793.91,0,56793.91,Credit Card,False,3.0
ORD00734,2023-02-06,CUST1675,Customer_38,24.0,Other,Pune,Charger,Accessories,4,36466.99,10,131281.16,Debit Card,False,3.0
ORD00735,2023-02-07,CUST7668,Customer_245,32.0,Male,Hyderabad,Headphones,Audio,4,67789.09,20,216925.09,Cash on Delivery,False,4.0
ORD00736,2023-02-07,CUST5267,Customer_21,59.0,Female,Chennai,Headphones,Audio,1,47956.07,5,45558.27,UPI,False,3.0
ORD00737,2023-02-08,CUST6988,Customer_110,63.0,Other,Pune,Mouse,Accessories,3,61065.19,20,146556.46,Net Banking,False,4.0
ORD00738,2023-02-08,CUST8652,Customer_94,55.0,Female,Hyderabad,Webcam,Accessories,4,38731.67,10,139434.01,Cash on Delivery,False,1.0
ORD00739,2023-02-09,CUST9680,Customer_394,63.0,Male,Hyderabad,Monitor,Computers,2,65914.23,0,131828.46,Credit Card,False,4.0
ORD00740,2023-02-09,CUST2485,Customer_410,61.0,Other,Delhi,Webcam,Accessories,1,74254.1,10,66828.69,Debit Card,False,5.0
ORD00741,2023-02-10,CUST4659,Customer_475,28.0,Male,Delhi,Monitor,Computers,5,13434.33,15,57095.9,UPI,False,4.0
ORD00742,2023-02-10,CUST3419,Customer_136,46.0,Other,Hyderabad,Webcam,Accessories,3,75012.8,15,191282.64,Credit Card,False,4.0
ORD00743,2023-02-11,CUST8740,Customer_231,48.0,Male,Mumbai,Charger,Accessories,1,48763.6,20,39010.88,Debit Card,False,5.0
ORD00744,2023-02-11,CUST8143,Customer_8,42.0,Male,Pune,Tablet,Mobile,5,76065.53,20,304262.12,Credit Card,False,4.0
ORD00745,2023-02-12,CUST4495,Customer_444,41.0,Female,Hyderabad,Tablet,Mobile,5,38986.76,5,185187.11,Net Banking,False,2.0
ORD00746,2023-02-13,CUST1756,Customer_328,36.0,Male,Hyderabad,Phone,Mobile,4,34298.93,5,130335.93,Net Banking,False,3.0
ORD00747,2023-02-13,CUST9448,Customer_375,19.0,Female,Delhi,Speaker,Audio,4,82379.95,15,280091.83,Cash on Delivery,False,3.0
ORD00748,2023-02-14,CUST2779,Customer_290,40.325388601036266,Male,Pune,Tablet,Mobile,4,22828.88,0,91315.52,Credit Card,False,1.0
ORD00749,2023-02-14,CUST7487,Customer_251,37.0,Male,Bangalore,Tablet,Mobile,1,76024.85,10,68422.37,Net Banking,False,1.0
ORD00750,2023-02-15,CUST1258,Customer_400,50.0,Male,Chennai,Keyboard,Accessories,1,43715.65,5,41529.87,Debit Card,False,5.0
ORD00751,2023-02-15,CUST5075,Customer_361,25.0,Other,Delhi,Keyboard,Accessories,3,46413.36,25,104430.06,Cash on Delivery,False,2.0
ORD00752,2023-02-16,CUST9498,Customer_397,42.0,Female,Pune,Phone,Mobile,4,27968.6,5,106280.68,UPI,False,1.0
ORD00753,2023-02-16,CUST9014,Customer_87,63.0,Other,Pune,Speaker,Audio,5,51700.89,0,258504.45,Credit Card,False,3.0
ORD00754,2023-02-17,CUST2118,Customer_204,26.0,Female,Ahmedabad,Mouse,Accessories,2,29470.44,0,58940.88,Net Banking,False,1.0
ORD00755,2023-02-18,CUST8631,Customer_219,51.0,Male,Kolkata,Keyboard,Accessories,3,3821.47,20,9171.53,Debit Card,False,1.0
ORD00756,2023-02-18,CUST4017,Customer_406,40.0,Other,Mumbai,Mouse,Accessories,1,24697.27,10,22227.54,Credit Card,False,4.0
ORD00757,2023-02-19,CUST5341,Customer_480,22.0,Female,Chennai,Laptop,Computers,3,871.2,0,2613.6,Debit Card,False,1.0
ORD00758,2023-02-19,CUST2658,Customer_241,42.0,Male,Delhi,Keyboard,Accessories,3,88057.42,5,250963.65,Cash on Delivery,False,5.0
ORD00759,2023-02-20,CUST9378,Customer_411,25.0,Female,Delhi,Charger,Accessories,3,86926.52,5,247740.58,Net Banking,False,3.0
ORD00760,2023-02-20,CUST2797,Customer_320,33.0,Female,Bangalore,Speaker,Audio,3,35744.43,15,91148.3,Net Banking,False,5.0
ORD00761,2023-02-21,CUST1784,Customer_258,62.0,Male,Kolkata,Phone,Mobile,2,65633.87,0,131267.74,Cash on Delivery,False,3.0492738589211617
ORD00762,2023-02-21,CUST6691,Customer_109,32.0,Other,Kolkata,Laptop,Computers,4,31317.81,25,93953.43,Debit Card,True,2.0
ORD00763,2023-02-22,CUST4196,Customer_256,18.0,Male,Mumbai,Speaker,Audio,5,60496.06,20,241984.24,Credit Card,False,4.0
ORD00764,2023-02-22,CUST9532,Customer_481,39.0,Other,Ahmedabad,Charger,Accessories,3,72546.07,10,195874.39,Debit Card,False,5.0
ORD00765,2023-02-23,CUST1562,Customer_282,20.0,Female,Ahmedabad,Speaker,Audio,3,85223.04,25,191751.84,Credit Card,False,2.0
ORD00766,2023-02-24,CUST5746,Customer_220,55.0,Female,Kolkata,Charger,Accessories,3,36198.04,20,86875.3,Cash on Delivery,False,3.0
ORD00767,2023-02-24,CUST3999,Customer_83,31.0,Female,Mumbai,Charger,Accessories,4,70560.83,5,268131.15,UPI,False,3.0
ORD00768,2023-02-25,CUST2193,Customer_107,53.0,Other,Ahmedabad,Mouse,Accessories,1,24152.78,25,18114.58,Credit Card,False,2.0
ORD00769,2023-02-25,CUST1068,Customer_69,35.0,Male,Pune,Webcam,Accessories,1,89131.81,20,71305.45,Net Banking,False,3.0492738589211617
ORD00770,2023-02-26,CUST6679,Customer_97,64.0,Other,Pune,Laptop,Computers,2,2610.53,5,4960.01,Net Banking,False,5.0
ORD00771,2023-02-26,CUST3428,Customer_212,58.0,Female,Delhi,Speaker,Audio,1,54435.53,5,51713.75,Net Banking,False,3.0492738589211617
ORD00772,2023-02-27,CUST7200,Customer_286,35.0,Female,Ahmedabad,Monitor,Computers,3,59456.69,5,169451.57,Debit Card,True,4.0
ORD00773,2023-02-27,CUST6396,Customer_237,20.0,Male,Bangalore,Laptop,Computers,3,62016.69,5,176747.57,Debit Card,False,3.0
ORD00774,2023-02-28,CUST7993,Customer_8,27.0,Other,Delhi,Webcam,Accessories,3,11097.77,5,31628.64,Debit Card,False,4.0
ORD00775,2023-02-28,CUST4598,Customer_294,56.0,Female,Kolkata,Laptop,Computers,2,84485.12,15,143624.7,Net Banking,True,2.0
ORD00776,2023-03-01,CUST1573,Customer_189,64.0,Other,Hyderabad,Tablet,Mobile,3,16551.14,25,37240.06,Credit Card,False,3.0
ORD00777,2023-03-02,CUST5214,Customer_81,18.0,Other,Pune,Monitor,Computers,1,56159.98,20,44927.98,Net Banking,False,5.0
ORD00778,2023-03-02,CUST8636,Customer_108,44.0,Male,Hyderabad,Webcam,Accessories,4,20273.04,15,68928.34,Credit Card,False,3.0
ORD00779,2023-03-03,CUST2478,Customer_321,44.0,Male,Kolkata,Mouse,Accessories,4,27856.31,15,94711.45,Debit Card,False,1.0
ORD00780,2023-03-03,CUST7127,Customer_67,28.0,Female,Ahmedabad,Speaker,Audio,5,49316.33,0,246581.65,UPI,False,3.0
ORD00781,2023-03-04,CUST7676,Customer_174,22.0,Male,Bangalore,Headphones,Audio,1,37721.25,0,37721.25,Debit Card,False,4.0
ORD00782,2023-03-04,CUST3196,Customer_346,24.0,Other,Delhi,Webcam,Accessories,3,14671.24,0,44013.72,Cash on Delivery,False,3.0492738589211617
ORD00783,2023-03-05,CUST9166,Customer_351,36.0,Male,Pune,Phone,Mobile,4,15632.0,10,56275.2,Credit Card,False,5.0
ORD00784,2023-03-05,CUST9846,Customer_328,46.0,Other,Bangalore,Speaker,Audio,1,37806.59,0,37806.59,UPI,False,5.0
ORD00785,2023-03-06,CUST7050,Customer_43,32.0,Female,Delhi,Webcam,Accessories,4,68227.28,20,218327.3,Debit Card,False,4.0
ORD00786,2023-03-07,CUST5650,Customer_187,52.0,Other,Delhi,Tablet,Mobile,3,80846.43,15,206158.4,UPI,False,4.0
ORD00787,2023-03-07,CUST9484,Unkown,64.0,Male,Hyderabad,Headphones,Audio,4,7845.25,20,25104.8,Net Banking,False,4.0
ORD00788,2023-03-08,CUST5526,Customer_200,54.0,Male,Chennai,Tablet,Mobile,5,35560.42,25,133351.57,Credit Card,True,1.0
ORD00789,2023-03-08,CUST5412,Customer_381,29.0,Female,Kolkata,Headphones,Audio,5,9291.03,0,46455.15,Cash on Delivery,True,2.0
ORD00790,2023-03-09,CUST6443,Customer_419,47.0,Male,Mumbai,Phone,Mobile,4,1787.35,10,6434.46,Net Banking,False,1.0
ORD00791,2023-03-09,CUST9787,Customer_39,37.0,Female,Pune,Speaker,Audio,1,59655.17,25,44741.38,UPI,False,4.0
ORD00792,2023-03-10,CUST3593,Customer_220,54.0,Female,Mumbai,Mouse,Accessories,1,54338.71,10,48904.84,Debit Card,False,2.0
ORD00793,2023-03-10,CUST7852,Customer_307,20.0,Male,Ahmedabad,Tablet,Mobile,1,14921.81,25,11191.36,Credit Card,False,4.0
ORD00794,2023-03-11,CUST7629,Customer_4,26.0,Other,Bangalore,Tablet,Mobile,4,21272.01,15,72324.83,Cash on Delivery,False,2.0
ORD00795,2023-03-11,CUST4869,Customer_121,58.0,Female,Ahmedabad,Charger,Accessories,1,2425.59,20,1940.47,Debit Card,False,5.0
ORD00796,2023-03-12,CUST8971,Customer_336,56.0,Other,Ahmedabad,Headphones,Audio,3,75193.76,5,214302.22,Cash on Delivery,False,1.0
ORD00797,2023-03-13,CUST8822,Customer_77,43.0,Male,Mumbai,Keyboard,Accessories,5,87728.75,20,350915.0,Credit Card,False,4.0
ORD00798,2023-03-13,CUST3989,Customer_468,19.0,Other,Hyderabad,Speaker,Audio,3,12449.72,0,37349.16,UPI,False,4.0
ORD00799,2023-03-14,CUST8062,Customer_179,40.0,Other,Chennai,Headphones,Audio,1,21062.33,5,20009.21,Cash on Delivery,False,3.0
ORD00800,2023-03-14,CUST6340,Customer_133,40.0,Other,Pune,Charger,Accessories,3,78195.33,10,211127.39,Credit Card,False,5.0
ORD00801,2023-03-15,CUST4823,Customer_311,38.0,Other,Kolkata,Laptop,Computers,1,83402.8,15,70892.38,Cash on Delivery,False,4.0
ORD00802,2023-03-15,CUST4932,Customer_229,33.0,Male,Delhi,Headphones,Audio,4,37939.58,15,128994.57,Debit Card,True,1.0
ORD00803,2023-03-16,CUST9554,Customer_276,26.0,Male,Delhi,Mouse,Accessories,3,4839.84,10,13067.57,Cash on Delivery,False,5.0
ORD00804,2023-03-16,CUST3429,Customer_152,30.0,Other,Kolkata,Speaker,Audio,4,3832.45,0,15329.8,Debit Card,False,4.0
ORD00805,2023-03-17,CUST8444,Customer_164,45.0,Male,Hyderabad,Charger,Accessories,4,51782.3,10,186416.28,Debit Card,False,1.0
ORD00806,2023-03-17,CUST8147,Customer_290,44.0,Male,Pune,Laptop,Computers,2,35541.69,25,53312.54,Credit Card,False,3.0
ORD00807,2023-03-18,CUST8631,Customer_378,34.0,Female,Mumbai,Monitor,Computers,1,2869.12,0,2869.12,Net Banking,False,3.0
ORD00808,2023-03-19,CUST4598,Customer_109,55.0,Male,Kolkata,Charger,Accessories,5,52616.74,5,249929.52,Cash on Delivery,False,1.0
ORD00809,2023-03-19,CUST5329,Customer_126,53.0,Other,Delhi,Monitor,Computers,1,1312.84,10,1181.56,UPI,True,5.0
ORD00810,2023-03-20,CUST7718,Customer_240,18.0,Male,Mumbai,Speaker,Audio,5,70926.26,0,354631.3,Debit Card,False,1.0
ORD00811,2023-03-20,CUST9218,Customer_310,35.0,Male,Hyderabad,Tablet,Mobile,1,27786.02,5,26396.72,Net Banking,False,1.0
ORD00812,2023-03-21,CUST1092,Customer_418,26.0,Male,Delhi,Charger,Accessories,4,3910.14,10,14076.5,Debit Card,False,3.0
ORD00813,2023-03-21,CUST9500,Customer_467,30.0,Male,Bangalore,Phone,Mobile,3,53074.19,15,135339.18,Net Banking,False,3.0
ORD00814,2023-03-22,CUST1051,Customer_401,57.0,Female,Chennai,Monitor,Computers,3,35971.29,10,97122.48,Net Banking,False,3.0
ORD00815,2023-03-22,CUST1318,Customer_389,62.0,Other,Mumbai,Mouse,Accessories,2,87648.9,20,140238.24,UPI,True,4.0
ORD00816,2023-03-23,CUST6688,Customer_345,32.0,Other,Kolkata,Phone,Mobile,5,49113.62,10,221011.29,Net Banking,False,4.0
ORD00817,2023-03-23,CUST8018,Customer_146,60.0,Male,Pune,Webcam,Accessories,5,24987.95,20,99951.8,UPI,False,2.0
ORD00818,2023-03-24,CUST8210,Customer_252,61.0,Male,Mumbai,Webcam,Accessories,5,63935.67,5,303694.43,Credit Card,False,4.0
ORD00819,2023-03-25,CUST4956,Customer_183,63.0,Female,Mumbai,Laptop,Computers,4,24651.83,10,88746.59,Debit Card,False,5.0
ORD00820,2023-03-25,CUST7057,Customer_309,21.0,Male,Mumbai,Tablet,Mobile,5,81409.62,5,386695.69,UPI,False,5.0
ORD00821,2023-03-26,CUST7875,Customer_306,50.0,Female,Kolkata,Speaker,Audio,3,33911.56,5,96647.95,Debit Card,False,3.0
ORD00822,2023-03-26,CUST5431,Customer_72,41.0,Other,Hyderabad,Charger,Accessories,4,49622.21,0,198488.84,Cash on Delivery,False,1.0
ORD00823,2023-03-27,CUST2525,Customer_219,53.0,Other,Hyderabad,Keyboard,Accessories,1,4835.41,5,4593.64,Credit Card,True,3.0
ORD00824,2023-03-27,CUST8043,Customer_207,58.0,Female,Pune,Mouse,Accessories,5,38522.08,5,182979.88,Cash on Delivery,False,1.0
ORD00825,2023-03-28,CUST2278,Customer_173,27.0,Other,Hyderabad,Monitor,Computers,5,74962.01,10,337329.04,Cash on Delivery,False,3.0
ORD00826,2023-03-28,CUST9705,Customer_141,53.0,Male,Kolkata,Speaker,Audio,1,72565.7,10,65309.13,Net Banking,False,3.0
ORD00827,2023-03-29,CUST7125,Customer_272,37.0,Male,Pune,Phone,Mobile,5,20420.37,15,86786.57,Net Banking,False,5.0
ORD00828,2023-03-30,CUST8874,Customer_214,58.0,Female,Ahmedabad,Webcam,Accessories,1,20578.29,0,20578.29,Cash on Delivery,False,1.0
ORD00829,2023-03-30,CUST7900,Customer_468,62.0,Other,Pune,Mouse,Accessories,4,73611.29,5,279722.9,Net Banking,False,2.0
ORD00830,2023-03-31,CUST3500,Customer_269,61.0,Other,Hyderabad,Keyboard,Accessories,3,83755.74,0,251267.22,Debit Card,False,2.0
ORD00831,2023-03-31,CUST4464,Customer_20,28.0,Female,Ahmedabad,Charger,Accessories,1,8852.87,20,7082.3,Net Banking,True,3.0
ORD00832,2023-04-01,CUST3259,Customer_66,29.0,Female,Delhi,Laptop,Computers,2,40669.26,5,77271.59,Cash on Delivery,False,3.0492738589211617
ORD00833,2023-04-01,CUST8496,Customer_483,35.0,Other,Hyderabad,Keyboard,Accessories,1,30568.65,0,30568.65,Net Banking,False,5.0
ORD00834,2023-04-02,CUST3659,Customer_303,47.0,Female,Delhi,Mouse,Accessories,5,78399.75,15,333198.94,Net Banking,True,1.0
ORD00835,2023-04-02,CUST1255,Customer_147,61.0,Male,Bangalore,Keyboard,Accessories,4,7791.18,15,26490.01,UPI,False,3.0
ORD00836,2023-04-03,CUST2502,Customer_429,54.0,Other,Hyderabad,Mouse,Accessories,4,19237.0,5,73100.6,UPI,False,2.0
ORD00837,2023-04-03,CUST5656,Customer_165,37.0,Female,Bangalore,Mouse,Accessories,1,67795.41,20,54236.33,Cash on Delivery,False,1.0
ORD00838,2023-04-04,CUST6430,Customer_378,40.325388601036266,Female,Hyderabad,Headphones,Audio,3,4900.06,15,12495.15,Debit Card,False,3.0
ORD00839,2023-04-05,CUST9598,Customer_310,29.0,Female,Bangalore,Monitor,Computers,2,44479.42,15,75615.01,Credit Card,False,1.0
ORD00840,2023-04-05,CUST4176,Customer_6,38.0,Other,Chennai,Webcam,Accessories,4,39956.0,20,127859.2,Credit Card,False,5.0
ORD00841,2023-04-06,CUST2860,Customer_14,42.0,Male,Bangalore,Headphones,Audio,5,30294.79,0,151473.95,Cash on Delivery,False,2.0
ORD00842,2023-04-06,CUST7158,Customer_132,28.0,Male,Delhi,Charger,Accessories,5,35692.14,15,151691.6,Debit Card,False,1.0
ORD00843,2023-04-07,CUST6806,Customer_342,26.0,Other,Mumbai,Headphones,Audio,3,47834.67,10,129153.61,Debit Card,False,2.0
ORD00844,2023-04-07,CUST5354,Customer_243,42.0,Female,Pune,Tablet,Mobile,4,14773.65,25,44320.95,Debit Card,False,3.0
ORD00845,2023-04-08,CUST1722,Customer_439,52.0,Other,Bangalore,Tablet,Mobile,1,51607.03,25,38705.27,UPI,False,4.0
ORD00846,2023-04-08,CUST8579,Customer_231,49.0,Other,Mumbai,Webcam,Accessories,5,72546.28,15,308321.69,Cash on Delivery,False,1.0
ORD00847,2023-04-09,CUST1613,Customer_228,31.0,Female,Kolkata,Keyboard,Accessories,3,68485.44,0,205456.32,Credit Card,False,2.0
ORD00848,2023-04-09,CUST4331,Customer_162,18.0,Other,Chennai,Monitor,Computers,4,14103.82,0,56415.28,Debit Card,False,1.0
ORD00849,2023-04-10,CUST6790,Customer_283,34.0,Male,Chennai,Webcam,Accessories,4,13686.68,5,52009.38,Cash on Delivery,False,3.0
ORD00850,2023-04-11,CUST4116,Customer_263,42.0,Other,Ahmedabad,Mouse,Accessories,4,24354.24,10,87675.26,Credit Card,False,3.0
ORD00851,2023-04-11,CUST1330,Customer_131,25.0,Female,Kolkata,Phone,Mobile,4,32687.4,0,130749.6,UPI,False,2.0
ORD00852,2023-04-12,CUST3212,Unkown,22.0,Other,Kolkata,Monitor,Computers,4,36937.47,20,118199.9,Net Banking,False,5.0
ORD00853,2023-04-12,CUST6493,Customer_225,40.325388601036266,Male,Ahmedabad,Monitor,Computers,5,61267.84,10,275705.28,Credit Card,False,1.0
ORD00854,2023-04-13,CUST8232,Customer_258,58.0,Other,Kolkata,Mouse,Accessories,3,5383.23,25,12112.27,Credit Card,False,1.0
ORD00855,2023-04-13,CUST6614,Customer_234,52.0,Other,Delhi,Mouse,Accessories,4,3409.14,10,12272.9,Credit Card,False,3.0
ORD00856,2023-04-14,CUST6913,Customer_336,36.0,Other,Kolkata,Laptop,Computers,2,35453.38,20,56725.41,Net Banking,False,1.0
ORD00857,2023-04-14,CUST6913,Customer_409,40.0,Other,Delhi,Webcam,Accessories,2,62834.58,15,106818.79,Debit Card,False,2.0
ORD00858,2023-04-15,CUST6611,Customer_316,26.0,Female,Ahmedabad,Mouse,Accessories,3,17650.15,20,42360.36,Net Banking,False,4.0
ORD00859,2023-04-15,CUST1319,Customer_463,47.0,Male,Bangalore,Tablet,Mobile,1,57841.95,20,46273.56,Credit Card,False,3.0
ORD00860,2023-04-16,CUST9085,Customer_24,33.0,Male,Ahmedabad,Charger,Accessories,1,23605.58,15,20064.74,UPI,False,4.0
ORD00861,2023-04-17,CUST5200,Customer_271,50.0,Male,Hyderabad,Phone,Mobile,1,79780.92,15,67813.78,Credit Card,False,1.0
ORD00862,2023-04-17,CUST5791,Unkown,19.0,Other,Kolkata,Webcam,Accessories,2,80642.39,15,137092.06,UPI,False,5.0
ORD00863,2023-04-18,CUST1329,Customer_142,31.0,Male,Kolkata,Speaker,Audio,1,26965.66,15,22920.81,Cash on Delivery,False,2.0
ORD00864,2023-04-18,CUST9851,Customer_182,63.0,Female,Chennai,Tablet,Mobile,5,20929.44,15,88950.12,UPI,False,1.0
ORD00865,2023-04-19,CUST7742,Customer_206,18.0,Other,Ahmedabad,Keyboard,Accessories,4,37192.97,20,119017.5,Credit Card,False,2.0
ORD00866,2023-04-19,CUST5916,Customer_390,43.0,Other,Ahmedabad,Mouse,Accessories,2,21874.68,5,41561.89,Net Banking,False,1.0
ORD00867,2023-04-20,CUST2793,Customer_462,42.0,Male,Mumbai,Speaker,Audio,3,60611.83,5,172743.72,Credit Card,False,1.0
ORD00868,2023-04-20,CUST7457,Customer_81,33.0,Other,Hyderabad,Mouse,Accessories,3,74397.0,0,223191.0,Credit Card,True,1.0
ORD00869,2023-04-21,CUST9125,Customer_274,32.0,Other,Chennai,Monitor,Computers,4,60675.36,5,230566.37,Cash on Delivery,False,3.0
ORD00870,2023-04-22,CUST6703,Customer_276,43.0,Male,Bangalore,Tablet,Mobile,2,74243.24,25,111364.86,Debit Card,True,4.0
ORD00871,2023-04-22,CUST7170,Customer_371,64.0,Female,Kolkata,Monitor,Computers,1,35909.2,5,34113.74,Credit Card,False,5.0
ORD00872,2023-04-23,CUST7644,Customer_446,61.0,Female,Chennai,Laptop,Computers,1,14320.63,20,11456.5,Cash on Delivery,False,4.0
ORD00873,2023-04-23,CUST8420,Customer_465,33.0,Male,Delhi,Monitor,Computers,5,66493.2,15,282596.1,Net Banking,False,4.0
ORD00874,2023-04-24,CUST5155,Customer_208,31.0,Female,Mumbai,Laptop,Computers,5,32633.56,15,138692.63,Cash on Delivery,False,2.0
ORD00875,2023-04-24,CUST9411,Customer_296,46.0,Female,Mumbai,Laptop,Computers,1,60511.99,20,48409.59,Cash on Delivery,False,3.0
ORD00876,2023-04-25,CUST3611,Customer_39,41.0,Female,Delhi,Speaker,Audio,3,24575.76,25,55295.46,UPI,False,3.0
ORD00877,2023-04-25,CUST6691,Customer_436,64.0,Other,Ahmedabad,Mouse,Accessories,3,7585.3,5,21618.1,Debit Card,False,1.0
ORD00878,2023-04-26,CUST3593,Customer_288,32.0,Other,Kolkata,Keyboard,Accessories,5,89333.59,20,357334.36,Debit Card,False,4.0
ORD00879,2023-04-26,CUST1095,Customer_124,36.0,Other,Kolkata,Monitor,Computers,4,14310.28,0,57241.12,Net Banking,False,5.0
ORD00880,2023-04-27,CUST7041,Customer_364,25.0,Female,Hyderabad,Tablet,Mobile,1,88960.36,15,75616.31,Cash on Delivery,False,2.0
ORD00881,2023-04-28,CUST6063,Customer_457,51.0,Other,Delhi,Laptop,Computers,5,87961.01,10,395824.54,Net Banking,False,3.0
ORD00882,2023-04-28,CUST9437,Customer_283,19.0,Female,Kolkata,Mouse,Accessories,5,71504.48,0,357522.4,Net Banking,False,1.0
ORD00883,2023-04-29,CUST4349,Customer_366,44.0,Male,Mumbai,Phone,Mobile,1,59449.24,25,44586.93,Debit Card,False,5.0
ORD00884,2023-04-29,CUST8644,Customer_180,27.0,Female,Kolkata,Webcam,Accessories,1,52128.29,0,52128.29,Debit Card,False,4.0
ORD00885,2023-04-30,CUST7560,Customer_97,52.0,Other,Bangalore,Speaker,Audio,3,77988.31,20,187171.94,Debit Card,True,5.0
ORD00886,2023-04-30,CUST6247,Unkown,40.0,Female,Kolkata,Keyboard,Accessories,4,26261.73,5,99794.57,Credit Card,False,3.0
ORD00887,2023-05-01,CUST6356,Customer_74,25.0,Other,Hyderabad,Headphones,Audio,4,42250.0,15,143650.0,Cash on Delivery,False,2.0
ORD00888,2023-05-01,CUST5077,Customer_447,45.0,Other,Pune,Speaker,Audio,1,55858.28,25,41893.71,Net Banking,True,4.0
ORD00889,2023-05-02,CUST5898,Customer_273,40.325388601036266,Male,Chennai,Phone,Mobile,2,37182.79,25,55774.18,Cash on Delivery,True,2.0
ORD00890,2023-05-02,CUST2417,Customer_497,21.0,Male,Pune,Webcam,Accessories,5,38644.53,10,173900.38,Net Banking,False,5.0
ORD00891,2023-05-03,CUST9846,Customer_49,31.0,Other,Bangalore,Phone,Mobile,5,29925.53,0,149627.65,Net Banking,False,5.0
ORD00892,2023-05-04,CUST1110,Customer_484,59.0,Female,Pune,Monitor,Computers,1,50910.59,10,45819.53,Net Banking,False,1.0
ORD00893,2023-05-04,CUST9281,Customer_337,46.0,Male,Kolkata,Laptop,Computers,2,76595.54,5,145531.53,Net Banking,False,4.0
ORD00894,2023-05-05,CUST9954,Customer_210,18.0,Male,Hyderabad,Keyboard,Accessories,3,18376.1,5,52371.88,UPI,False,5.0
ORD00895,2023-05-05,CUST8391,Customer_116,21.0,Other,Mumbai,Charger,Accessories,1,84117.64,10,75705.88,UPI,False,3.0
ORD00896,2023-05-06,CUST6132,Customer_23,49.0,Female,Mumbai,Laptop,Computers,1,62110.16,15,52793.64,Credit Card,False,3.0
ORD00897,2023-05-06,CUST3504,Customer_98,50.0,Male,Bangalore,Charger,Accessories,5,74146.61,5,352196.4,Debit Card,False,2.0
ORD00898,2023-05-07,CUST9289,Customer_328,43.0,Male,Pune,Webcam,Accessories,1,50189.31,10,45170.38,Net Banking,False,3.0
ORD00899,2023-05-07,CUST6239,Customer_397,34.0,Female,Ahmedabad,Mouse,Accessories,1,70221.65,0,70221.65,Cash on Delivery,False,5.0
ORD00900,2023-05-08,CUST1292,Customer_407,56.0,Male,Ahmedabad,Headphones,Audio,1,1752.18,10,1576.96,UPI,True,3.0
ORD00901,2023-05-08,CUST2734,Customer_313,40.0,Female,Hyderabad,Tablet,Mobile,5,73707.72,10,331684.74,Debit Card,False,4.0
ORD00902,2023-05-09,CUST6120,Unkown,49.0,Other,Chennai,Laptop,Computers,3,3899.46,20,9358.7,Credit Card,False,2.0
ORD00903,2023-05-10,CUST7393,Customer_182,32.0,Male,Kolkata,Keyboard,Accessories,3,80124.23,5,228354.06,Debit Card,False,4.0
ORD00904,2023-05-10,CUST3196,Customer_148,30.0,Other,Pune,Phone,Mobile,1,89278.06,15,75886.35,Net Banking,False,5.0
ORD00905,2023-05-11,CUST4466,Customer_342,19.0,Female,Ahmedabad,Keyboard,Accessories,5,26676.85,15,113376.61,Debit Card,False,5.0
ORD00906,2023-05-11,CUST2906,Customer_495,36.0,Other,Ahmedabad,Webcam,Accessories,3,19164.57,20,45994.97,Net Banking,False,3.0
ORD00907,2023-05-12,CUST2721,Customer_436,40.325388601036266,Other,Pune,Charger,Accessories,3,68952.09,25,155142.2,UPI,False,1.0
ORD00908,2023-05-12,CUST2816,Customer_23,62.0,Other,Chennai,Phone,Mobile,3,22995.46,15,58638.42,UPI,False,1.0
ORD00909,2023-05-13,CUST9444,Customer_105,40.325388601036266,Female,Delhi,Tablet,Mobile,5,77939.95,10,350729.78,Net Banking,False,3.0492738589211617
ORD00910,2023-05-13,CUST5227,Customer_163,28.0,Female,Kolkata,Tablet,Mobile,5,9523.98,20,38095.92,Cash on Delivery,False,5.0
ORD00911,2023-05-14,CUST6775,Customer_67,39.0,Female,Bangalore,Laptop,Computers,1,11597.18,0,11597.18,UPI,False,2.0
ORD00912,2023-05-15,CUST4849,Customer_290,32.0,Female,Kolkata,Webcam,Accessories,4,88128.89,5,334889.78,Cash on Delivery,False,5.0
ORD00913,2023-05-15,CUST6228,Customer_289,27.0,Female,Hyderabad,Mouse,Accessories,3,60742.35,5,173115.7,Net Banking,False,5.0
ORD00914,2023-05-16,CUST7849,Unkown,58.0,Male,Bangalore,Webcam,Accessories,4,76264.78,5,289806.16,Net Banking,False,2.0
ORD00915,2023-05-16,CUST2058,Customer_81,44.0,Male,Chennai,Charger,Accessories,5,29391.35,10,132261.08,UPI,False,4.0
ORD00916,2023-05-17,CUST3322,Customer_429,26.0,Male,Hyderabad,Keyboard,Accessories,5,60979.59,0,304897.95,Cash on Delivery,False,4.0
ORD00917,2023-05-17,CUST9378,Unkown,45.0,Other,Mumbai,Tablet,Mobile,5,53602.49,20,214409.96,Net Banking,False,2.0
ORD00918,2023-05-18,CUST1948,Customer_222,18.0,Other,Mumbai,Keyboard,Accessories,4,54401.57,20,174085.02,UPI,False,3.0492738589211617
ORD00919,2023-05-18,CUST9179,Customer_343,34.0,Female,Kolkata,Keyboard,Accessories,5,61522.16,5,292230.26,Net Banking,False,4.0
ORD00920,2023-05-19,CUST5359,Customer_15,48.0,Female,Hyderabad,Keyboard,Accessories,1,51908.72,0,51908.72,Debit Card,False,4.0
ORD00921,2023-05-19,CUST6660,Customer_379,61.0,Male,Bangalore,Tablet,Mobile,5,38785.89,0,193929.45,Debit Card,False,4.0
ORD00922,2023-05-20,CUST8254,Customer_121,27.0,Female,Bangalore,Speaker,Audio,2,25049.27,0,50098.54,UPI,False,4.0
ORD00923,2023-05-21,CUST9401,Customer_78,54.0,Other,Mumbai,Monitor,Computers,4,69240.75,15,235418.55,Net Banking,False,3.0
ORD00924,2023-05-21,CUST3093,Customer_322,46.0,Female,Mumbai,Charger,Accessories,2,20595.64,15,35012.59,UPI,False,2.0
ORD00925,2023-05-22,CUST2563,Customer_295,35.0,Male,Chennai,Speaker,Audio,5,62403.18,5,296415.1,Credit Card,False,1.0
ORD00926,2023-05-22,CUST9217,Customer_241,64.0,Female,Hyderabad,Charger,Accessories,1,21228.95,0,21228.95,UPI,False,3.0
ORD00927,2023-05-23,CUST1174,Customer_18,55.0,Other,Bangalore,Phone,Mobile,3,56391.12,25,126880.02,UPI,True,1.0
ORD00928,2023-05-23,CUST2334,Customer_256,56.0,Male,Ahmedabad,Webcam,Accessories,5,67311.92,0,336559.6,Debit Card,False,1.0
ORD00929,2023-05-24,CUST1321,Customer_454,23.0,Female,Chennai,Webcam,Accessories,1,19917.64,20,15934.11,Debit Card,False,5.0
ORD00930,2023-05-24,CUST6698,Customer_443,57.0,Other,Bangalore,Headphones,Audio,4,5675.91,20,18162.91,Net Banking,False,2.0
ORD00931,2023-05-25,CUST6604,Customer_416,29.0,Male,Mumbai,Webcam,Accessories,2,12047.34,5,22889.95,UPI,False,3.0
ORD00932,2023-05-25,CUST7742,Customer_277,31.0,Male,Hyderabad,Tablet,Mobile,2,54656.93,25,81985.4,UPI,False,2.0
ORD00933,2023-05-26,CUST8436,Customer_424,61.0,Other,Delhi,Mouse,Accessories,2,76494.34,0,152988.68,Net Banking,False,4.0
ORD00934,2023-05-27,CUST9524,Customer_476,27.0,Female,Hyderabad,Laptop,Computers,4,4335.21,25,13005.63,Cash on Delivery,False,2.0
ORD00935,2023-05-27,CUST6674,Customer_27,37.0,Female,Pune,Headphones,Audio,1,66152.37,5,62844.75,Net Banking,True,1.0
ORD00936,2023-05-28,CUST6002,Customer_2,32.0,Female,Ahmedabad,Laptop,Computers,4,30915.28,20,98928.9,Debit Card,False,4.0
ORD00937,2023-05-28,CUST1910,Customer_353,48.0,Male,Ahmedabad,Charger,Accessories,2,43222.99,20,69156.78,Debit Card,False,2.0
ORD00938,2023-05-29,CUST1949,Customer_464,40.325388601036266,Male,Ahmedabad,Laptop,Computers,5,83617.7,15,355375.22,UPI,False,2.0
ORD00939,2023-05-29,CUST6425,Customer_295,58.0,Female,Delhi,Laptop,Computers,3,30076.84,5,85718.99,Debit Card,False,1.0
ORD00940,2023-05-30,CUST3514,Unkown,27.0,Male,Kolkata,Headphones,Audio,4,42039.72,5,159750.94,Net Banking,False,4.0
ORD00941,2023-05-30,CUST8701,Customer_312,27.0,Male,Kolkata,Phone,Mobile,4,1526.31,0,6105.24,UPI,False,1.0
ORD00942,2023-05-31,CUST1100,Customer_363,56.0,Other,Chennai,Keyboard,Accessories,1,7618.41,0,7618.41,Net Banking,True,2.0
ORD00943,2023-06-01,CUST5646,Customer_383,45.0,Female,Delhi,Webcam,Accessories,1,23494.67,15,19970.47,Net Banking,False,3.0
ORD00944,2023-06-01,CUST7945,Customer_239,47.0,Female,Delhi,Webcam,Accessories,4,2797.35,10,10070.46,UPI,False,3.0
ORD00945,2023-06-02,CUST3400,Customer_13,54.0,Female,Chennai,Tablet,Mobile,2,56933.37,25,85400.06,Cash on Delivery,False,5.0
ORD00946,2023-06-02,CUST6801,Customer_382,20.0,Male,Hyderabad,Headphones,Audio,3,38546.93,10,104076.71,Debit Card,False,3.0
ORD00947,2023-06-03,CUST3343,Customer_184,60.0,Male,Chennai,Tablet,Mobile,1,49467.62,10,44520.86,Credit Card,False,4.0
ORD00948,2023-06-03,CUST1352,Customer_194,32.0,Male,Pune,Mouse,Accessories,2,15964.85,5,30333.22,Credit Card,False,5.0
ORD00949,2023-06-04,CUST3955,Customer_462,38.0,Female,Mumbai,Mouse,Accessories,5,26844.1,25,100665.38,Credit Card,False,4.0
ORD00950,2023-06-04,CUST2018,Customer_56,54.0,Male,Kolkata,Tablet,Mobile,1,59844.06,5,56851.86,Debit Card,True,3.0
ORD00951,2023-06-05,CUST2179,Customer_230,29.0,Female,Mumbai,Headphones,Audio,2,86886.65,25,130329.98,Cash on Delivery,False,3.0
ORD00952,2023-06-05,CUST6193,Customer_489,21.0,Male,Kolkata,Tablet,Mobile,2,4821.38,20,7714.21,Net Banking,False,2.0
ORD00953,2023-06-06,CUST4536,Customer_28,64.0,Female,Delhi,Webcam,Accessories,3,80166.47,5,228474.44,UPI,False,4.0
ORD00954,2023-06-07,CUST3502,Customer_320,26.0,Other,Ahmedabad,Speaker,Audio,3,52045.24,5,148328.93,Cash on Delivery,False,1.0
ORD00955,2023-06-07,CUST4819,Customer_71,56.0,Male,Chennai,Monitor,Computers,5,50882.59,5,241692.3,Credit Card,False,2.0
ORD00956,2023-06-08,CUST7855,Customer_210,59.0,Female,Chennai,Laptop,Computers,2,45173.98,15,76795.77,Debit Card,False,4.0
ORD00957,2023-06-08,CUST1979,Customer_448,45.0,Other,Chennai,Monitor,Computers,2,6523.65,5,12394.94,Debit Card,False,5.0
ORD00958,2023-06-09,CUST1976,Customer_184,40.0,Other,Ahmedabad,Headphones,Audio,3,8360.95,0,25082.85,UPI,False,4.0
ORD00959,2023-06-09,CUST3280,Customer_425,62.0,Male,Pune,Monitor,Computers,1,54200.81,0,54200.81,Net Banking,False,5.0
ORD00960,2023-06-10,CUST6897,Customer_375,57.0,Female,Pune,Mouse,Accessories,1,30882.98,25,23162.24,Cash on Delivery,False,5.0
ORD00961,2023-06-10,CUST1107,Customer_356,61.0,Male,Ahmedabad,Charger,Accessories,4,82577.95,20,264249.44,Cash on Delivery,False,3.0492738589211617
ORD00962,2023-06-11,CUST2626,Customer_41,39.0,Other,Hyderabad,Laptop,Computers,3,36770.17,15,93763.93,Cash on Delivery,False,1.0
ORD00963,2023-06-11,CUST9895,Customer_484,41.0,Male,Ahmedabad,Keyboard,Accessories,4,13151.35,25,39454.05,Net Banking,False,3.0492738589211617
ORD00964,2023-06-12,CUST7229,Customer_492,43.0,Female,Bangalore,Headphones,Audio,3,64409.28,0,193227.84,Net Banking,False,1.0
ORD00965,2023-06-13,CUST7877,Customer_260,47.0,Other,Kolkata,Laptop,Computers,5,26612.8,15,113104.4,Net Banking,False,5.0
ORD00966,2023-06-13,CUST1874,Customer_441,50.0,Male,Bangalore,Monitor,Computers,2,47433.69,15,80637.27,UPI,False,3.0
ORD00967,2023-06-14,CUST6543,Customer_414,33.0,Male,Bangalore,Mouse,Accessories,5,62894.6,20,251578.4,Debit Card,False,1.0
ORD00968,2023-06-14,CUST4809,Customer_344,39.0,Male,Ahmedabad,Phone,Mobile,3,81052.69,15,206684.36,Credit Card,False,2.0
ORD00969,2023-06-15,CUST3107,Customer_84,60.0,Male,Kolkata,Speaker,Audio,2,71358.55,5,135581.24,Net Banking,False,5.0
ORD00970,2023-06-15,CUST1559,Customer_46,35.0,Male,Hyderabad,Keyboard,Accessories,1,60968.59,15,51823.3,Debit Card,False,2.0
ORD00971,2023-06-16,CUST9308,Customer_440,24.0,Other,Chennai,Speaker,Audio,1,61262.1,20,49009.68,Net Banking,False,1.0
ORD00972,2023-06-16,CUST5969,Customer_159,43.0,Other,Bangalore,Laptop,Computers,4,85148.44,25,255445.32,Credit Card,False,1.0
ORD00973,2023-06-17,CUST4046,Unkown,25.0,Female,Ahmedabad,Mouse,Accessories,3,26834.42,20,64402.61,Net Banking,False,1.0
ORD00974,2023-06-17,CUST1043,Customer_7,23.0,Male,Chennai,Mouse,Accessories,3,398.75,20,957.0,Debit Card,False,4.0
ORD00975,2023-06-18,CUST1508,Customer_474,47.0,Female,Ahmedabad,Monitor,Computers,1,24693.32,0,24693.32,UPI,False,5.0
ORD00976,2023-06-19,CUST7107,Customer_333,56.0,Other,Delhi,Webcam,Accessories,5,19843.86,5,94258.34,Credit Card,False,5.0
ORD00977,2023-06-19,CUST4439,Customer_438,40.0,Male,Bangalore,Monitor,Computers,2,59665.56,0,119331.12,Debit Card,False,3.0492738589211617
ORD00978,2023-06-20,CUST4928,Unkown,49.0,Female,Delhi,Webcam,Accessories,5,57142.93,25,214285.99,Cash on Delivery,False,4.0
ORD00979,2023-06-20,CUST6411,Unkown,39.0,Male,Hyderabad,Webcam,Accessories,5,53532.49,10,240896.2,Cash on Delivery,False,1.0
ORD00980,2023-06-21,CUST1916,Customer_197,59.0,Male,Mumbai,Keyboard,Accessories,1,1756.04,25,1317.03,Cash on Delivery,False,1.0
ORD00981,2023-06-21,CUST1798,Customer_172,60.0,Female,Pune,Monitor,Computers,1,65670.39,5,62386.87,UPI,False,2.0
ORD00982,2023-06-22,CUST5971,Customer_397,40.325388601036266,Other,Kolkata,Phone,Mobile,1,29319.68,15,24921.73,Net Banking,False,4.0
ORD00983,2023-06-22,CUST2760,Customer_349,26.0,Female,Ahmedabad,Tablet,Mobile,4,59954.52,20,191854.46,Net Banking,False,3.0
ORD00984,2023-06-23,CUST4275,Customer_276,48.0,Female,Hyderabad,Tablet,Mobile,5,50224.09,10,226008.4,Net Banking,False,4.0
ORD00985,2023-06-24,CUST1818,Customer_78,24.0,Female,Hyderabad,Monitor,Computers,3,31041.96,5,88469.59,UPI,False,2.0
ORD00986,2023-06-24,CUST6040,Customer_416,26.0,Male,Hyderabad,Monitor,Computers,2,12370.49,0,24740.98,Cash on Delivery,False,2.0
ORD00987,2023-06-25,CUST4065,Customer_444,30.0,Other,Bangalore,Speaker,Audio,4,8768.38,20,28058.82,Net Banking,False,2.0
ORD00988,2023-06-25,CUST4259,Customer_178,20.0,Other,Delhi,Keyboard,Accessories,3,74886.19,25,168493.93,UPI,False,1.0
ORD00989,2023-06-26,CUST1906,Customer_27,52.0,Male,Pune,Monitor,Computers,5,82679.26,0,413396.3,UPI,False,3.0
ORD00990,2023-06-26,CUST1602,Customer_120,50.0,Other,Bangalore,Speaker,Audio,1,58584.99,5,55655.74,Debit Card,False,2.0
ORD00991,2023-06-27,CUST5295,Customer_281,38.0,Female,Mumbai,Webcam,Accessories,5,9577.04,5,45490.94,Net Banking,False,5.0
ORD00992,2023-06-27,CUST4527,Customer_308,48.0,Other,Kolkata,Mouse,Accessories,2,36360.84,25,54541.26,Cash on Delivery,False,1.0
ORD00993,2023-06-28,CUST5543,Customer_196,51.0,Male,Kolkata,Mouse,Accessories,4,65684.85,10,236465.46,Credit Card,False,3.0
ORD00994,2023-06-28,CUST2811,Customer_277,49.0,Other,Pune,Webcam,Accessories,4,70248.93,25,210746.79,UPI,False,5.0
ORD00995,2023-06-29,CUST8963,Customer_18,52.0,Male,Kolkata,Headphones,Audio,2,10903.21,15,18535.46,Debit Card,False,3.0
ORD00996,2023-06-30,CUST6249,Customer_295,32.0,Female,Kolkata,Speaker,Audio,3,301.76,0,905.28,Credit Card,False,3.0
ORD00997,2023-06-30,CUST5615,Customer_271,49.0,Male,Hyderabad,Speaker,Audio,3,64177.69,10,173279.76,UPI,False,5.0
ORD00998,2023-07-01,CUST9916,Customer_53,23.0,Other,Chennai,Webcam,Accessories,4,32285.68,20,103314.18,Debit Card,True,4.0
ORD00999,2023-07-01,CUST7766,Customer_294,62.0,Female,Mumbai,Phone,Mobile,4,23125.98,15,78628.33,Net Banking,False,3.0
ORD01000,2023-07-02,CUST1802,Customer_432,38.0,Other,Delhi,Charger,Accessories,1,1455.9,10,1310.31,Debit Card,False,4.0
ORD01001,2023-07-02,CUST3582,Customer_52,50.0,Male,Ahmedabad,Laptop,Computers,3,48763.86,0,146291.58,UPI,False,3.0
ORD01002,2023-07-03,CUST7445,Customer_216,49.0,Female,Mumbai,Webcam,Accessories,2,76647.22,5,145629.72,Net Banking,False,5.0
ORD01003,2023-07-03,CUST4837,Customer_72,36.0,Male,Bangalore,Monitor,Computers,3,86198.56,20,206876.54,Cash on Delivery,False,3.0
ORD01004,2023-07-04,CUST9718,Customer_28,50.0,Other,Kolkata,Monitor,Computers,1,51046.32,25,38284.74,Debit Card,True,2.0
ORD01005,2023-07-04,CUST2665,Customer_469,45.0,Male,Chennai,Keyboard,Accessories,4,46446.18,0,185784.72,Credit Card,False,2.0
ORD01006,2023-07-05,CUST9651,Customer_400,48.0,Other,Ahmedabad,Webcam,Accessories,4,7928.56,15,26957.1,Net Banking,False,3.0
ORD01007,2023-07-06,CUST7975,Customer_252,38.0,Other,Bangalore,Keyboard,Accessories,1,49532.89,15,42102.96,Net Banking,False,5.0
ORD01008,2023-07-06,CUST3552,Customer_374,51.0,Female,Pune,Webcam,Accessories,2,34383.12,5,65327.93,Cash on Delivery,False,3.0492738589211617
ORD01009,2023-07-07,CUST8475,Customer_400,32.0,Female,Hyderabad,Speaker,Audio,4,54759.03,5,208084.31,Debit Card,False,1.0
ORD01010,2023-07-07,CUST3808,Unkown,31.0,Male,Kolkata,Laptop,Computers,5,35167.75,20,140671.0,Credit Card,False,5.0
ORD01011,2023-07-08,CUST6633,Customer_401,36.0,Other,Hyderabad,Speaker,Audio,4,21853.83,25,65561.49,Cash on Delivery,False,4.0
ORD01012,2023-07-08,CUST7096,Customer_201,60.0,Other,Mumbai,Charger,Accessories,5,8817.39,20,35269.56,Debit Card,False,3.0
ORD01013,2023-07-09,CUST9823,Customer_249,32.0,Female,Hyderabad,Mouse,Accessories,1,28547.18,5,27119.82,Credit Card,False,2.0
ORD01014,2023-07-09,CUST3456,Customer_99,23.0,Female,Hyderabad,Tablet,Mobile,1,8968.04,5,8519.64,Credit Card,False,5.0
ORD01015,2023-07-10,CUST6423,Customer_308,26.0,Female,Pune,Webcam,Accessories,4,16166.66,15,54966.64,UPI,False,2.0
ORD01016,2023-07-10,CUST5317,Customer_477,54.0,Female,Delhi,Charger,Accessories,3,88863.05,5,253259.69,Credit Card,False,1.0
ORD01017,2023-07-11,CUST2556,Customer_487,37.0,Male,Delhi,Mouse,Accessories,5,40135.09,10,180607.9,Debit Card,True,3.0492738589211617
ORD01018,2023-07-12,CUST3205,Unkown,51.0,Male,Bangalore,Headphones,Audio,2,48007.9,0,96015.8,Cash on Delivery,False,5.0
ORD01019,2023-07-12,CUST4955,Customer_140,55.0,Male,Kolkata,Laptop,Computers,4,78662.58,5,298917.8,Cash on Delivery,False,2.0
ORD01020,2023-07-13,CUST7805,Customer_83,43.0,Male,Bangalore,Keyboard,Accessories,2,89601.53,20,143362.45,UPI,False,5.0
ORD01021,2023-07-13,CUST1404,Unkown,35.0,Female,Delhi,Keyboard,Accessories,4,52568.49,25,157705.47,Debit Card,False,1.0
ORD01022,2023-07-14,CUST2620,Customer_278,45.0,Male,Mumbai,Speaker,Audio,3,73177.9,25,164650.28,Credit Card,True,2.0
ORD01023,2023-07-14,CUST3952,Customer_379,26.0,Male,Delhi,Monitor,Computers,3,29625.61,25,66657.62,UPI,False,3.0492738589211617
ORD01024,2023-07-15,CUST9080,Customer_248,49.0,Male,Bangalore,Mouse,Accessories,3,27724.23,10,74855.42,Net Banking,False,3.0
ORD01025,2023-07-15,CUST4118,Customer_383,23.0,Female,Chennai,Headphones,Audio,3,36421.52,20,87411.65,Debit Card,False,3.0
ORD01026,2023-07-16,CUST8380,Customer_177,31.0,Other,Kolkata,Charger,Accessories,1,60622.9,10,54560.61,UPI,False,3.0492738589211617
ORD01027,2023-07-17,CUST7630,Customer_52,45.0,Female,Hyderabad,Laptop,Computers,1,61491.59,5,58417.01,Cash on Delivery,False,3.0492738589211617
ORD01028,2023-07-17,CUST1565,Customer_79,41.0,Other,Pune,Mouse,Accessories,5,28575.98,0,142879.9,UPI,False,2.0
ORD01029,2023-07-18,CUST5799,Customer_385,30.0,Other,Chennai,Headphones,Audio,2,12247.93,25,18371.9,Net Banking,False,3.0492738589211617
ORD01030,2023-07-18,CUST8670,Customer_322,60.0,Male,Chennai,Tablet,Mobile,4,57024.94,20,182479.81,Debit Card,False,5.0
ORD01031,2023-07-19,CUST3868,Customer_64,29.0,Male,Hyderabad,Webcam,Accessories,4,11809.83,25,35429.49,UPI,False,4.0
ORD01032,2023-07-19,CUST9776,Customer_8,40.325388601036266,Male,Delhi,Keyboard,Accessories,1,52189.78,10,46970.8,Credit Card,True,4.0
ORD01033,2023-07-20,CUST5327,Customer_214,38.0,Female,Ahmedabad,Charger,Accessories,4,62498.96,15,212496.46,Debit Card,False,5.0
ORD01034,2023-07-20,CUST7413,Customer_25,44.0,Female,Kolkata,Keyboard,Accessories,1,63143.85,5,59986.66,UPI,False,2.0
ORD01035,2023-07-21,CUST8614,Customer_450,36.0,Male,Mumbai,Charger,Accessories,5,67885.45,0,339427.25,UPI,False,2.0
ORD01036,2023-07-21,CUST2245,Customer_256,41.0,Female,Chennai,Speaker,Audio,2,78594.49,5,149329.53,Debit Card,False,3.0
ORD01037,2023-07-22,CUST9243,Customer_243,40.325388601036266,Female,Mumbai,Monitor,Computers,5,45145.32,15,191867.61,Cash on Delivery,True,1.0
ORD01038,2023-07-23,CUST1537,Customer_457,62.0,Other,Pune,Charger,Accessories,3,65802.35,0,197407.05,Credit Card,False,2.0
ORD01039,2023-07-23,CUST1540,Customer_457,45.0,Female,Pune,Keyboard,Accessories,3,55838.79,15,142388.91,Debit Card,False,5.0
ORD01040,2023-07-24,CUST1814,Unkown,63.0,Other,Pune,Speaker,Audio,3,17040.6,5,48565.71,Credit Card,False,1.0
ORD01041,2023-07-24,CUST2415,Customer_198,35.0,Male,Bangalore,Charger,Accessories,5,2603.36,10,11715.12,Credit Card,False,5.0
ORD01042,2023-07-25,CUST2652,Customer_94,61.0,Female,Chennai,Tablet,Mobile,4,25822.36,5,98124.97,Debit Card,False,5.0
ORD01043,2023-07-25,CUST5062,Customer_207,53.0,Other,Pune,Monitor,Computers,2,40039.12,5,76074.33,UPI,False,5.0
ORD01044,2023-07-26,CUST3356,Customer_435,59.0,Female,Bangalore,Charger,Accessories,3,55653.4,5,158612.19,Cash on Delivery,False,3.0492738589211617
ORD01045,2023-07-26,CUST4810,Customer_437,46.0,Other,Pune,Speaker,Audio,3,76540.35,20,183696.84,Credit Card,False,4.0
ORD01046,2023-07-27,CUST1185,Customer_15,34.0,Other,Delhi,Mouse,Accessories,3,17902.24,15,45650.71,Credit Card,False,5.0
ORD01047,2023-07-27,CUST2551,Customer_178,40.325388601036266,Female,Chennai,Phone,Mobile,2,11560.82,15,19653.39,UPI,True,3.0
ORD01048,2023-07-28,CUST8013,Customer_455,61.0,Male,Bangalore,Headphones,Audio,3,86723.15,25,195127.09,Debit Card,False,2.0
ORD01049,2023-07-29,CUST1761,Customer_378,62.0,Other,Pune,Phone,Mobile,2,9990.6,15,16984.02,Cash on Delivery,False,2.0
ORD01050,2023-07-29,CUST7163,Customer_75,46.0,Male,Kolkata,Phone,Mobile,3,43219.65,25,97244.21,Credit Card,False,2.0
ORD01051,2023-07-30,CUST8635,Customer_104,21.0,Female,Bangalore,Laptop,Computers,5,52824.07,20,211296.28,Credit Card,False,1.0
ORD01052,2023-07-30,CUST4281,Customer_294,40.325388601036266,Female,Pune,Tablet,Mobile,5,48860.29,10,219871.31,Debit Card,False,3.0
ORD01053,2023-07-31,CUST2536,Customer_168,42.0,Male,Delhi,Mouse,Accessories,2,8016.08,25,12024.12,UPI,False,3.0
ORD01054,2023-07-31,CUST7201,Customer_450,48.0,Female,Mumbai,Webcam,Accessories,5,5414.31,5,25717.97,Net Banking,False,3.0
ORD01055,2023-08-01,CUST4164,Customer_115,20.0,Other,Ahmedabad,Charger,Accessories,2,9760.86,10,17569.55,UPI,True,3.0
ORD01056,2023-08-01,CUST3770,Unkown,64.0,Male,Pune,Headphones,Audio,5,52826.22,20,211304.88,Credit Card,False,3.0
ORD01057,2023-08-02,CUST8399,Customer_39,19.0,Female,Mumbai,Monitor,Computers,5,49126.74,15,208788.64,Credit Card,False,4.0
ORD01058,2023-08-02,CUST4845,Customer_458,42.0,Female,Chennai,Mouse,Accessories,2,21265.55,25,31898.32,Cash on Delivery,False,3.0
ORD01059,2023-08-03,CUST4435,Customer_364,23.0,Male,Delhi,Keyboard,Accessories,4,57507.34,5,218527.89,UPI,False,3.0
ORD01060,2023-08-04,CUST5710,Customer_273,43.0,Other,Kolkata,Webcam,Accessories,5,73859.05,0,369295.25,Net Banking,False,1.0
ORD01061,2023-08-04,CUST1561,Customer_135,25.0,Male,Chennai,Laptop,Computers,3,4028.63,0,12085.89,Cash on Delivery,False,1.0
ORD01062,2023-08-05,CUST5717,Customer_374,52.0,Female,Kolkata,Laptop,Computers,4,44981.26,10,161932.54,Net Banking,False,3.0
ORD01063,2023-08-05,CUST8623,Customer_232,44.0,Female,Mumbai,Mouse,Accessories,2,62130.14,15,105621.24,Cash on Delivery,False,4.0
ORD01064,2023-08-06,CUST8187,Customer_39,42.0,Male,Delhi,Speaker,Audio,4,22931.38,0,91725.52,UPI,False,3.0
ORD01065,2023-08-06,CUST3180,Customer_452,35.0,Other,Hyderabad,Phone,Mobile,1,27906.05,10,25115.44,Credit Card,False,3.0
ORD01066,2023-08-07,CUST2960,Customer_291,18.0,Other,Delhi,Keyboard,Accessories,1,55342.32,20,44273.86,Net Banking,False,3.0
ORD01067,2023-08-07,CUST4879,Customer_307,56.0,Other,Delhi,Laptop,Computers,5,80843.8,10,363797.1,UPI,False,5.0
ORD01068,2023-08-08,CUST6153,Customer_47,20.0,Male,Kolkata,Headphones,Audio,5,72949.22,10,328271.49,Net Banking,True,4.0
ORD01069,2023-08-09,CUST8035,Customer_36,21.0,Other,Hyderabad,Laptop,Computers,3,52605.78,10,142035.61,UPI,True,2.0
ORD01070,2023-08-09,CUST4270,Customer_320,58.0,Other,Bangalore,Monitor,Computers,4,65799.89,5,250039.58,Cash on Delivery,False,3.0
ORD01071,2023-08-10,CUST5687,Customer_95,54.0,Other,Bangalore,Charger,Accessories,1,33023.58,10,29721.22,UPI,False,2.0
ORD01072,2023-08-10,CUST1582,Customer_473,32.0,Other,Bangalore,Laptop,Computers,5,57793.61,25,216726.04,Cash on Delivery,False,4.0
ORD01073,2023-08-11,CUST1288,Customer_361,25.0,Female,Mumbai,Monitor,Computers,4,42115.49,10,151615.76,Credit Card,False,3.0
ORD01074,2023-08-11,CUST6664,Customer_13,55.0,Male,Delhi,Mouse,Accessories,5,17336.27,5,82347.28,Cash on Delivery,False,2.0
ORD01075,2023-08-12,CUST8979,Customer_146,36.0,Male,Pune,Mouse,Accessories,5,63244.92,5,300413.37,Debit Card,False,2.0
ORD01076,2023-08-12,CUST4859,Customer_405,64.0,Other,Hyderabad,Webcam,Accessories,1,50213.88,20,40171.1,Credit Card,False,4.0
ORD01077,2023-08-13,CUST4060,Customer_368,43.0,Male,Pune,Laptop,Computers,1,32467.36,15,27597.26,UPI,False,3.0
ORD01078,2023-08-13,CUST2183,Customer_65,56.0,Male,Mumbai,Headphones,Audio,5,82046.13,0,410230.65,UPI,False,5.0
ORD01079,2023-08-14,CUST5335,Customer_228,27.0,Female,Hyderabad,Laptop,Computers,2,2176.79,0,4353.58,Debit Card,False,4.0
ORD01080,2023-08-15,CUST2446,Customer_242,55.0,Male,Pune,Headphones,Audio,5,28623.85,10,128807.32,UPI,False,5.0
ORD01081,2023-08-15,CUST7679,Customer_8,31.0,Female,Ahmedabad,Tablet,Mobile,5,5401.26,20,21605.04,Credit Card,False,3.0
ORD01082,2023-08-16,CUST7213,Customer_304,58.0,Male,Kolkata,Webcam,Accessories,3,69056.5,10,186452.55,Credit Card,False,2.0
ORD01083,2023-08-16,CUST2903,Customer_341,36.0,Female,Mumbai,Tablet,Mobile,3,63278.04,0,189834.12,Cash on Delivery,False,4.0
ORD01084,2023-08-17,CUST8894,Customer_43,47.0,Female,Mumbai,Laptop,Computers,3,30021.29,5,85560.68,Net Banking,False,4.0
ORD01085,2023-08-17,CUST3377,Customer_244,22.0,Male,Ahmedabad,Webcam,Accessories,2,60905.96,15,103540.13,UPI,False,4.0
ORD01086,2023-08-18,CUST1847,Customer_181,48.0,Female,Mumbai,Tablet,Mobile,2,35814.57,20,57303.31,Debit Card,False,1.0
ORD01087,2023-08-18,CUST8370,Customer_85,24.0,Female,Hyderabad,Phone,Mobile,5,68134.97,5,323641.11,Credit Card,False,3.0
ORD01088,2023-08-19,CUST7341,Customer_155,40.325388601036266,Male,Pune,Laptop,Computers,3,41039.27,15,104650.14,Credit Card,False,1.0
ORD01089,2023-08-19,CUST2239,Unkown,48.0,Female,Pune,Tablet,Mobile,2,37280.49,20,59648.78,Credit Card,False,4.0
ORD01090,2023-08-20,CUST6600,Customer_23,56.0,Female,Chennai,Phone,Mobile,1,84144.27,20,67315.42,Net Banking,False,3.0492738589211617
ORD01091,2023-08-21,CUST5791,Customer_115,41.0,Female,Mumbai,Phone,Mobile,5,22802.86,0,114014.3,Net Banking,False,5.0
ORD01092,2023-08-21,CUST3365,Customer_306,51.0,Female,Bangalore,Mouse,Accessories,4,11103.13,5,42191.89,UPI,False,1.0
ORD01093,2023-08-22,CUST6055,Customer_435,40.0,Female,Delhi,Laptop,Computers,5,52732.52,20,210930.08,Debit Card,False,2.0
ORD01094,2023-08-22,CUST6622,Customer_299,40.325388601036266,Other,Kolkata,Phone,Mobile,4,87247.17,25,261741.51,Net Banking,False,3.0
ORD01095,2023-08-23,CUST1372,Customer_99,57.0,Female,Kolkata,Mouse,Accessories,3,34191.18,20,82058.83,Cash on Delivery,False,2.0
ORD01096,2023-08-23,CUST8783,Customer_104,23.0,Female,Chennai,Tablet,Mobile,4,5863.7,15,19936.58,Net Banking,False,2.0
ORD01097,2023-08-24,CUST2949,Customer_372,55.0,Female,Chennai,Monitor,Computers,3,30734.68,0,92204.04,Credit Card,False,3.0
ORD01098,2023-08-24,CUST1244,Customer_51,58.0,Female,Hyderabad,Laptop,Computers,1,45681.07,10,41112.96,Debit Card,False,4.0
ORD01099,2023-08-25,CUST8795,Unkown,53.0,Male,Chennai,Webcam,Accessories,4,14823.49,0,59293.96,UPI,False,5.0
ORD01100,2023-08-26,CUST6772,Customer_112,44.0,Other,Pune,Headphones,Audio,5,59330.77,10,266988.46,Net Banking,False,4.0
ORD01101,2023-08-26,CUST1124,Customer_453,28.0,Male,Hyderabad,Headphones,Audio,3,89797.12,5,255921.79,Credit Card,False,4.0
ORD01102,2023-08-27,CUST2919,Customer_244,22.0,Other,Hyderabad,Tablet,Mobile,5,40820.03,5,193895.14,Cash on Delivery,True,1.0
ORD01103,2023-08-27,CUST1530,Customer_169,34.0,Female,Kolkata,Speaker,Audio,2,32118.15,20,51389.04,Cash on Delivery,True,3.0492738589211617
ORD01104,2023-08-28,CUST8849,Customer_72,24.0,Female,Kolkata,Speaker,Audio,3,36242.16,25,81544.86,UPI,False,2.0
ORD01105,2023-08-28,CUST7929,Customer_139,44.0,Other,Bangalore,Tablet,Mobile,4,10627.61,5,40384.92,UPI,False,2.0
ORD01106,2023-08-29,CUST5349,Customer_336,64.0,Other,Mumbai,Phone,Mobile,3,79528.64,20,190868.74,Net Banking,False,5.0
ORD01107,2023-08-29,CUST5756,Customer_231,32.0,Male,Ahmedabad,Laptop,Computers,5,37508.86,0,187544.3,UPI,True,5.0
ORD01108,2023-08-30,CUST2801,Customer_239,63.0,Other,Ahmedabad,Headphones,Audio,1,35037.51,5,33285.63,Credit Card,False,5.0
ORD01109,2023-08-30,CUST6156,Customer_472,30.0,Female,Chennai,Headphones,Audio,3,59473.22,0,178419.66,Credit Card,False,3.0
ORD01110,2023-08-31,CUST8856,Customer_253,28.0,Male,Mumbai,Phone,Mobile,4,39949.4,0,159797.6,Credit Card,False,5.0
ORD01111,2023-09-01,CUST6461,Customer_469,62.0,Other,Mumbai,Headphones,Audio,2,58445.54,25,87668.31,Net Banking,False,1.0
ORD01112,2023-09-01,CUST6302,Customer_436,43.0,Other,Mumbai,Webcam,Accessories,1,5810.73,5,5520.19,Net Banking,False,1.0
ORD01113,2023-09-02,CUST8432,Customer_407,40.325388601036266,Male,Hyderabad,Laptop,Computers,2,73289.98,0,146579.96,UPI,False,4.0
ORD01114,2023-09-02,CUST7189,Customer_49,45.0,Other,Mumbai,Charger,Accessories,3,84662.2,25,190489.95,Net Banking,False,4.0
ORD01115,2023-09-03,CUST2142,Customer_422,41.0,Female,Chennai,Headphones,Audio,5,58493.26,25,219349.72,Credit Card,False,4.0
ORD01116,2023-09-03,CUST8076,Customer_303,40.325388601036266,Male,Hyderabad,Tablet,Mobile,5,85923.56,5,408136.91,Debit Card,False,4.0
ORD01117,2023-09-04,CUST8614,Customer_72,26.0,Other,Chennai,Webcam,Accessories,4,13882.48,25,41647.44,Credit Card,False,1.0
ORD01118,2023-09-04,CUST5840,Customer_263,40.325388601036266,Female,Hyderabad,Headphones,Audio,5,43123.23,5,204835.34,Debit Card,False,4.0
ORD01119,2023-09-05,CUST2629,Customer_322,21.0,Other,Ahmedabad,Webcam,Accessories,1,54281.06,5,51567.01,UPI,False,1.0
ORD01120,2023-09-05,CUST6062,Customer_222,63.0,Male,Delhi,Mouse,Accessories,5,52480.78,10,236163.51,Cash on Delivery,False,5.0
ORD01121,2023-09-06,CUST1762,Customer_77,35.0,Other,Delhi,Charger,Accessories,4,36310.12,0,145240.48,Net Banking,False,5.0
ORD01122,2023-09-07,CUST7905,Customer_62,60.0,Other,Ahmedabad,Keyboard,Accessories,3,30625.17,15,78094.18,Net Banking,False,3.0
ORD01123,2023-09-07,CUST5889,Customer_471,33.0,Other,Delhi,Tablet,Mobile,3,11675.11,5,33274.06,Credit Card,False,4.0
ORD01124,2023-09-08,CUST5839,Customer_157,50.0,Female,Delhi,Tablet,Mobile,5,35438.3,0,177191.5,Credit Card,False,5.0
ORD01125,2023-09-08,CUST4957,Customer_294,46.0,Female,Ahmedabad,Laptop,Computers,2,14889.68,25,22334.52,Debit Card,False,5.0
ORD01126,2023-09-09,CUST1557,Customer_125,40.325388601036266,Other,Hyderabad,Webcam,Accessories,3,66171.6,20,158811.84,Net Banking,False,2.0
ORD01127,2023-09-09,CUST5621,Customer_229,27.0,Other,Mumbai,Phone,Mobile,5,19031.13,5,90397.87,UPI,False,2.0
ORD01128,2023-09-10,CUST1839,Customer_340,40.325388601036266,Male,Ahmedabad,Tablet,Mobile,4,5552.31,25,16656.93,Credit Card,False,1.0
ORD01129,2023-09-10,CUST9194,Customer_161,48.0,Other,Bangalore,Webcam,Accessories,5,49846.24,25,186923.4,Net Banking,False,3.0
ORD01130,2023-09-11,CUST9348,Customer_29,45.0,Male,Kolkata,Webcam,Accessories,3,53691.11,25,120805.0,Cash on Delivery,False,2.0
ORD01131,2023-09-11,CUST7998,Customer_114,20.0,Female,Pune,Monitor,Computers,4,78509.6,25,235528.8,Debit Card,False,3.0
ORD01132,2023-09-12,CUST1510,Customer_79,31.0,Other,Bangalore,Monitor,Computers,5,52054.25,25,195203.44,Credit Card,False,5.0
ORD01133,2023-09-13,CUST2137,Customer_23,42.0,Male,Delhi,Keyboard,Accessories,1,31288.63,5,29724.2,Credit Card,False,1.0
ORD01134,2023-09-13,CUST6606,Customer_106,32.0,Female,Mumbai,Mouse,Accessories,4,72329.17,15,245919.18,UPI,False,3.0
ORD01135,2023-09-14,CUST5666,Customer_131,19.0,Male,Chennai,Keyboard,Accessories,1,48762.02,10,43885.82,Credit Card,False,2.0
ORD01136,2023-09-14,CUST9906,Customer_357,41.0,Female,Mumbai,Headphones,Audio,2,7410.44,25,11115.66,Net Banking,False,5.0
ORD01137,2023-09-15,CUST6434,Customer_477,31.0,Other,Chennai,Phone,Mobile,4,51055.8,25,153167.4,Net Banking,True,3.0492738589211617
ORD01138,2023-09-15,CUST7446,Customer_173,24.0,Male,Bangalore,Headphones,Audio,1,81748.26,10,73573.43,Net Banking,False,5.0
ORD01139,2023-09-16,CUST3654,Customer_264,53.0,Other,Mumbai,Speaker,Audio,3,35848.24,5,102167.48,Cash on Delivery,False,2.0
ORD01140,2023-09-16,CUST1990,Customer_342,41.0,Male,Mumbai,Headphones,Audio,3,26879.42,0,80638.26,Cash on Delivery,False,2.0
ORD01141,2023-09-17,CUST8820,Customer_373,44.0,Female,Pune,Laptop,Computers,2,13168.21,20,21069.14,Credit Card,False,4.0
ORD01142,2023-09-18,CUST3160,Customer_285,54.0,Male,Ahmedabad,Headphones,Audio,4,13883.66,20,44427.71,Cash on Delivery,False,5.0
ORD01143,2023-09-18,CUST6740,Customer_2,55.0,Male,Bangalore,Keyboard,Accessories,4,39118.6,0,156474.4,Cash on Delivery,False,3.0
ORD01144,2023-09-19,CUST5457,Customer_233,47.0,Other,Mumbai,Tablet,Mobile,4,53731.48,5,204179.62,UPI,False,3.0
ORD01145,2023-09-19,CUST3063,Customer_369,44.0,Other,Chennai,Tablet,Mobile,2,7530.2,20,12048.32,Cash on Delivery,False,5.0
ORD01146,2023-09-20,CUST2977,Customer_251,40.325388601036266,Other,Kolkata,Monitor,Computers,4,84578.3,10,304481.88,Debit Card,False,3.0
ORD01147,2023-09-20,CUST9567,Customer_434,32.0,Female,Mumbai,Phone,Mobile,3,68034.49,0,204103.47,Debit Card,False,5.0
ORD01148,2023-09-21,CUST9933,Customer_493,43.0,Other,Chennai,Phone,Mobile,1,52919.17,15,44981.29,Debit Card,True,5.0
ORD01149,2023-09-21,CUST3667,Customer_321,18.0,Male,Delhi,Laptop,Computers,3,74609.95,5,212638.36,Credit Card,False,2.0
ORD01150,2023-09-22,CUST5919,Unkown,21.0,Female,Mumbai,Keyboard,Accessories,3,7491.75,0,22475.25,Net Banking,False,1.0
ORD01151,2023-09-22,CUST9609,Customer_276,46.0,Other,Chennai,Monitor,Computers,1,43071.45,20,34457.16,UPI,False,2.0
ORD01152,2023-09-23,CUST8642,Customer_180,18.0,Male,Kolkata,Speaker,Audio,3,56818.35,5,161932.3,Credit Card,False,3.0
ORD01153,2023-09-24,CUST9798,Customer_213,60.0,Male,Bangalore,Phone,Mobile,2,74629.17,10,134332.51,Net Banking,False,1.0
ORD01154,2023-09-24,CUST9759,Customer_293,63.0,Female,Delhi,Tablet,Mobile,1,70576.22,5,67047.41,UPI,False,5.0
ORD01155,2023-09-25,CUST1543,Customer_72,39.0,Male,Mumbai,Headphones,Audio,3,25152.11,5,71683.51,UPI,False,3.0
ORD01156,2023-09-25,CUST1883,Unkown,28.0,Other,Pune,Headphones,Audio,5,84695.95,10,381131.78,UPI,False,4.0
ORD01157,2023-09-26,CUST5798,Customer_175,27.0,Male,Chennai,Monitor,Computers,3,11452.82,25,25768.84,Debit Card,False,3.0
ORD01158,2023-09-26,CUST9040,Unkown,34.0,Other,Kolkata,Keyboard,Accessories,2,78798.49,10,141837.28,Debit Card,False,1.0
ORD01159,2023-09-27,CUST6718,Customer_227,53.0,Other,Pune,Keyboard,Accessories,4,87392.34,5,332090.89,Debit Card,False,1.0
ORD01160,2023-09-27,CUST3068,Customer_390,64.0,Female,Mumbai,Mouse,Accessories,3,16189.67,10,43712.11,UPI,False,5.0
ORD01161,2023-09-28,CUST8478,Customer_444,40.325388601036266,Male,Chennai,Charger,Accessories,4,65068.33,25,195204.99,UPI,False,4.0
ORD01162,2023-09-28,CUST9120,Customer_301,38.0,Female,Mumbai,Phone,Mobile,5,3912.61,0,19563.05,Debit Card,False,5.0
ORD01163,2023-09-29,CUST8820,Customer_428,30.0,Female,Delhi,Keyboard,Accessories,3,36665.43,10,98996.66,UPI,False,4.0
ORD01164,2023-09-30,CUST2786,Customer_83,26.0,Female,Kolkata,Tablet,Mobile,1,46609.61,10,41948.65,Debit Card,False,4.0
ORD01165,2023-09-30,CUST6715,Customer_253,28.0,Other,Kolkata,Monitor,Computers,4,52382.88,5,199054.94,Debit Card,False,5.0
ORD01166,2023-10-01,CUST9269,Customer_146,28.0,Other,Delhi,Speaker,Audio,5,84252.57,0,421262.85,Debit Card,False,3.0
ORD01167,2023-10-01,CUST2308,Customer_120,23.0,Other,Mumbai,Mouse,Accessories,1,60599.89,15,51509.91,Net Banking,False,2.0
ORD01168,2023-10-02,CUST9839,Customer_65,18.0,Other,Mumbai,Webcam,Accessories,1,43469.63,15,36949.19,UPI,False,4.0
ORD01169,2023-10-02,CUST9744,Customer_281,23.0,Male,Hyderabad,Laptop,Computers,1,72926.85,20,58341.48,Credit Card,False,1.0
ORD01170,2023-10-03,CUST9473,Customer_283,30.0,Male,Mumbai,Speaker,Audio,1,85561.79,10,77005.61,Debit Card,False,5.0
ORD01171,2023-10-03,CUST5861,Unkown,39.0,Other,Kolkata,Webcam,Accessories,3,2278.33,10,6151.49,Credit Card,False,3.0
ORD01172,2023-10-04,CUST3776,Customer_428,48.0,Other,Mumbai,Headphones,Audio,3,88431.16,0,265293.48,Net Banking,False,4.0
ORD01173,2023-10-04,CUST2596,Customer_106,39.0,Male,Pune,Laptop,Computers,3,8025.05,25,18056.36,UPI,False,3.0
ORD01174,2023-10-05,CUST1479,Customer_413,54.0,Female,Pune,Phone,Mobile,5,73349.49,15,311735.33,Debit Card,False,3.0492738589211617
ORD01175,2023-10-06,CUST4312,Customer_479,64.0,Female,Delhi,Tablet,Mobile,5,25445.03,20,101780.12,Debit Card,False,1.0
ORD01176,2023-10-06,CUST7156,Customer_300,44.0,Other,Pune,Laptop,Computers,5,12155.52,0,60777.6,Debit Card,False,4.0
ORD01177,2023-10-07,CUST8919,Customer_107,31.0,Female,Mumbai,Charger,Accessories,2,39754.05,10,71557.29,Credit Card,False,4.0
ORD01178,2023-10-07,CUST7744,Customer_36,64.0,Other,Bangalore,Webcam,Accessories,5,58061.91,15,246763.12,Net Banking,False,3.0
ORD01179,2023-10-08,CUST4898,Customer_147,22.0,Other,Ahmedabad,Phone,Mobile,3,34470.38,20,82728.91,UPI,False,5.0
ORD01180,2023-10-08,CUST3072,Customer_262,53.0,Other,Mumbai,Charger,Accessories,3,5193.52,5,14801.53,Net Banking,False,2.0
ORD01181,2023-10-09,CUST6624,Customer_409,49.0,Male,Ahmedabad,Headphones,Audio,2,54070.66,15,91920.12,Debit Card,True,4.0
ORD01182,2023-10-09,CUST1938,Customer_159,51.0,Female,Kolkata,Charger,Accessories,2,81244.57,20,129991.31,Net Banking,True,1.0
ORD01183,2023-10-10,CUST9176,Customer_265,24.0,Male,Hyderabad,Mouse,Accessories,5,34673.42,0,173367.1,Credit Card,False,4.0
ORD01184,2023-10-11,CUST1761,Customer_468,59.0,Female,Chennai,Mouse,Accessories,4,19704.05,5,74875.39,Cash on Delivery,False,4.0
ORD01185,2023-10-11,CUST8254,Customer_202,27.0,Male,Kolkata,Monitor,Computers,2,39998.19,20,63997.1,Cash on Delivery,False,2.0
ORD01186,2023-10-12,CUST2669,Customer_421,34.0,Male,Ahmedabad,Speaker,Audio,1,4637.14,20,3709.71,UPI,False,2.0
ORD01187,2023-10-12,CUST8128,Customer_155,47.0,Other,Delhi,Speaker,Audio,3,73896.74,10,199521.2,UPI,False,5.0
ORD01188,2023-10-13,CUST4862,Customer_13,40.325388601036266,Other,Pune,Phone,Mobile,1,74421.77,25,55816.33,Net Banking,False,4.0
ORD01189,2023-10-13,CUST3685,Unkown,30.0,Male,Bangalore,Headphones,Audio,3,53042.64,15,135258.73,UPI,False,4.0
ORD01190,2023-10-14,CUST7634,Customer_384,18.0,Female,Kolkata,Keyboard,Accessories,3,31972.33,10,86325.29,Credit Card,False,3.0
ORD01191,2023-10-14,CUST2931,Customer_322,18.0,Female,Chennai,Mouse,Accessories,2,72039.57,5,136875.18,Debit Card,False,3.0
ORD01192,2023-10-15,CUST8308,Customer_498,64.0,Other,Bangalore,Phone,Mobile,2,50054.43,25,75081.64,Debit Card,False,1.0
ORD01193,2023-10-15,CUST4939,Customer_85,50.0,Other,Delhi,Keyboard,Accessories,1,74385.13,20,59508.1,Net Banking,False,1.0
ORD01194,2023-10-16,CUST2126,Customer_481,55.0,Female,Pune,Speaker,Audio,3,56940.85,10,153740.29,Debit Card,False,3.0
ORD01195,2023-10-17,CUST7021,Customer_280,42.0,Female,Hyderabad,Monitor,Computers,1,70660.17,25,52995.13,Net Banking,False,1.0
ORD01196,2023-10-17,CUST7437,Customer_245,43.0,Female,Ahmedabad,Charger,Accessories,4,53990.1,15,183566.34,UPI,False,4.0
ORD01197,2023-10-18,CUST8039,Customer_300,30.0,Other,Kolkata,Mouse,Accessories,1,37447.45,5,35575.08,UPI,False,2.0
ORD01198,2023-10-18,CUST6373,Customer_362,45.0,Female,Kolkata,Phone,Mobile,5,86226.74,0,431133.7,Credit Card,False,4.0
ORD01199,2023-10-19,CUST2203,Customer_354,50.0,Other,Kolkata,Laptop,Computers,1,48836.91,10,43953.22,Debit Card,False,3.0
ORD01200,2023-10-19,CUST5135,Customer_316,54.0,Male,Ahmedabad,Keyboard,Accessories,5,54575.53,5,259233.77,Credit Card,True,5.0
ORD01201,2023-10-20,CUST9711,Customer_9,40.325388601036266,Male,Delhi,Charger,Accessories,5,20076.74,0,100383.7,Cash on Delivery,False,5.0
ORD01202,2023-10-20,CUST8904,Customer_386,47.0,Male,Bangalore,Mouse,Accessories,5,56419.88,10,253889.46,Credit Card,False,3.0
ORD01203,2023-10-21,CUST3283,Customer_247,25.0,Female,Bangalore,Speaker,Audio,4,51572.21,5,195974.4,Net Banking,False,4.0
ORD01204,2023-10-21,CUST5558,Customer_312,64.0,Other,Delhi,Headphones,Audio,1,16879.0,5,16035.05,Net Banking,False,1.0
ORD01205,2023-10-22,CUST6347,Customer_414,40.325388601036266,Female,Kolkata,Keyboard,Accessories,1,5643.96,25,4232.97,Credit Card,False,1.0
ORD01206,2023-10-23,CUST8867,Customer_278,29.0,Other,Mumbai,Speaker,Audio,4,54510.03,10,196236.11,UPI,False,5.0
ORD01207,2023-10-23,CUST6944,Customer_238,22.0,Female,Delhi,Mouse,Accessories,3,68802.2,5,196086.27,Cash on Delivery,False,3.0
ORD01208,2023-10-24,CUST9674,Customer_203,41.0,Male,Pune,Keyboard,Accessories,2,47248.1,20,75596.96,Credit Card,False,3.0
ORD01209,2023-10-24,CUST3477,Customer_247,23.0,Other,Pune,Charger,Accessories,1,20640.5,10,18576.45,UPI,False,2.0
ORD01210,2023-10-25,CUST4093,Customer_235,42.0,Female,Hyderabad,Mouse,Accessories,2,60086.02,5,114163.44,Credit Card,False,5.0
ORD01211,2023-10-25,CUST9534,Customer_81,18.0,Other,Delhi,Webcam,Accessories,4,7484.48,25,22453.44,Debit Card,False,3.0
ORD01212,2023-10-26,CUST8207,Customer_356,42.0,Other,Chennai,Phone,Mobile,3,39931.48,0,119794.44,Net Banking,False,2.0
ORD01213,2023-10-26,CUST7227,Customer_13,18.0,Female,Ahmedabad,Charger,Accessories,3,14953.0,0,44859.0,Debit Card,False,1.0
ORD01214,2023-10-27,CUST4535,Customer_327,49.0,Female,Ahmedabad,Keyboard,Accessories,3,16844.98,20,40427.95,Debit Card,False,5.0
ORD01215,2023-10-27,CUST8004,Customer_16,59.0,Other,Pune,Headphones,Audio,4,18444.77,10,66401.17,Cash on Delivery,False,5.0
ORD01216,2023-10-28,CUST3913,Customer_481,59.0,Other,Pune,Speaker,Audio,5,34986.62,25,131199.83,UPI,False,3.0
ORD01217,2023-10-29,CUST3340,Customer_45,20.0,Male,Pune,Laptop,Computers,5,4887.17,5,23214.06,Net Banking,False,3.0
ORD01218,2023-10-29,CUST6289,Customer_321,36.0,Other,Mumbai,Speaker,Audio,2,35981.07,5,68364.03,Debit Card,False,4.0
ORD01219,2023-10-30,CUST1597,Customer_139,60.0,Male,Chennai,Keyboard,Accessories,5,46199.16,0,230995.8,Net Banking,False,1.0
ORD01220,2023-10-30,CUST9836,Customer_326,46.0,Male,Kolkata,Speaker,Audio,5,43650.5,25,163689.38,UPI,False,1.0
ORD01221,2023-10-31,CUST8145,Customer_148,19.0,Male,Kolkata,Phone,Mobile,3,34634.73,20,83123.35,Credit Card,False,2.0
ORD01222,2023-10-31,CUST3902,Customer_355,26.0,Other,Delhi,Mouse,Accessories,3,75570.45,0,226711.35,Debit Card,False,2.0
ORD01223,2023-11-01,CUST7645,Customer_236,34.0,Male,Mumbai,Laptop,Computers,2,13334.8,0,26669.6,UPI,False,4.0
ORD01224,2023-11-01,CUST9955,Customer_191,63.0,Other,Pune,Tablet,Mobile,1,45660.0,20,36528.0,Net Banking,False,1.0
ORD01225,2023-11-02,CUST8694,Customer_101,53.0,Other,Kolkata,Keyboard,Accessories,2,5864.12,10,10555.42,UPI,False,3.0492738589211617
ORD01226,2023-11-03,CUST5830,Customer_105,34.0,Female,Chennai,Monitor,Computers,2,6681.66,5,12695.15,Credit Card,True,1.0
ORD01227,2023-11-03,CUST8546,Unkown,29.0,Other,Kolkata,Tablet,Mobile,4,51774.77,10,186389.17,UPI,False,1.0
ORD01228,2023-11-04,CUST8368,Customer_250,37.0,Other,Ahmedabad,Speaker,Audio,4,51070.85,25,153212.55,Net Banking,False,2.0
ORD01229,2023-11-04,CUST3160,Unkown,20.0,Male,Chennai,Keyboard,Accessories,2,79058.61,15,134399.64,Debit Card,False,3.0
ORD01230,2023-11-05,CUST6878,Customer_446,40.325388601036266,Other,Mumbai,Webcam,Accessories,2,50340.27,15,85578.46,Debit Card,False,3.0
ORD01231,2023-11-05,CUST8663,Customer_94,21.0,Other,Kolkata,Monitor,Computers,2,86392.25,15,146866.82,Cash on Delivery,False,2.0
ORD01232,2023-11-06,CUST4749,Customer_220,34.0,Female,Pune,Laptop,Computers,5,4666.93,20,18667.72,Net Banking,False,4.0
ORD01233,2023-11-06,CUST3922,Customer_475,54.0,Female,Mumbai,Headphones,Audio,4,9090.29,0,36361.16,Cash on Delivery,False,5.0
ORD01234,2023-11-07,CUST7486,Customer_298,63.0,Male,Ahmedabad,Webcam,Accessories,2,4251.71,10,7653.08,Cash on Delivery,False,3.0492738589211617
ORD01235,2023-11-07,CUST9112,Customer_339,59.0,Male,Bangalore,Tablet,Mobile,3,16918.33,5,48217.24,Credit Card,False,3.0492738589211617
ORD01236,2023-11-08,CUST9771,Customer_453,32.0,Female,Pune,Mouse,Accessories,3,48850.93,15,124569.87,Net Banking,True,2.0
ORD01237,2023-11-09,CUST4804,Customer_442,50.0,Female,Mumbai,Phone,Mobile,5,58206.82,10,261930.69,Debit Card,False,1.0
ORD01238,2023-11-09,CUST5878,Customer_133,33.0,Other,Delhi,Headphones,Audio,5,4387.99,15,18648.96,Net Banking,False,3.0492738589211617
ORD01239,2023-11-10,CUST3368,Customer_361,28.0,Male,Kolkata,Webcam,Accessories,1,85152.59,15,72379.7,Credit Card,False,3.0
ORD01240,2023-11-10,CUST9093,Customer_155,37.0,Male,Pune,Mouse,Accessories,1,75841.23,5,72049.17,Net Banking,False,3.0492738589211617
ORD01241,2023-11-11,CUST4932,Customer_28,55.0,Other,Hyderabad,Mouse,Accessories,1,26905.14,25,20178.86,Net Banking,True,5.0
ORD01242,2023-11-11,CUST6608,Customer_282,41.0,Other,Pune,Keyboard,Accessories,5,7222.72,25,27085.2,Cash on Delivery,False,4.0
ORD01243,2023-11-12,CUST7635,Customer_475,33.0,Male,Bangalore,Webcam,Accessories,5,15537.87,25,58267.01,Net Banking,False,3.0
ORD01244,2023-11-12,CUST7395,Customer_116,47.0,Female,Mumbai,Laptop,Computers,5,11685.91,20,46743.64,Cash on Delivery,False,5.0
ORD01245,2023-11-13,CUST7101,Customer_305,51.0,Female,Ahmedabad,Speaker,Audio,3,11357.56,0,34072.68,Cash on Delivery,False,2.0
ORD01246,2023-11-13,CUST6531,Customer_234,18.0,Other,Hyderabad,Monitor,Computers,5,46813.98,20,187255.92,UPI,False,1.0
ORD01247,2023-11-14,CUST5970,Customer_405,41.0,Male,Bangalore,Monitor,Computers,3,22351.52,10,60349.1,Credit Card,False,3.0
ORD01248,2023-11-15,CUST7344,Customer_1,41.0,Other,Delhi,Tablet,Mobile,1,32424.13,20,25939.3,Cash on Delivery,False,4.0
ORD01249,2023-11-15,CUST9408,Customer_348,26.0,Female,Ahmedabad,Tablet,Mobile,1,89057.63,10,80151.87,Net Banking,False,4.0
ORD01250,2023-11-16,CUST1375,Customer_240,40.325388601036266,Female,Ahmedabad,Monitor,Computers,1,61681.99,10,55513.79,Cash on Delivery,False,3.0
ORD01251,2023-11-16,CUST8887,Customer_58,29.0,Other,Pune,Laptop,Computers,2,85422.57,0,170845.14,Cash on Delivery,False,2.0
ORD01252,2023-11-17,CUST2609,Customer_335,34.0,Female,Kolkata,Phone,Mobile,2,13086.32,5,24864.01,Cash on Delivery,False,2.0
ORD01253,2023-11-17,CUST3939,Customer_183,42.0,Male,Hyderabad,Charger,Accessories,4,34576.91,0,138307.64,Debit Card,False,4.0
ORD01254,2023-11-18,CUST5062,Customer_337,45.0,Other,Kolkata,Speaker,Audio,4,50058.44,25,150175.32,Debit Card,False,3.0
ORD01255,2023-11-18,CUST2613,Customer_26,32.0,Other,Ahmedabad,Phone,Mobile,4,7184.2,25,21552.6,Debit Card,False,3.0
ORD01256,2023-11-19,CUST7578,Customer_468,40.325388601036266,Other,Mumbai,Keyboard,Accessories,2,674.61,20,1079.38,Debit Card,False,1.0
ORD01257,2023-11-20,CUST8851,Customer_409,44.0,Female,Mumbai,Charger,Accessories,2,60436.96,10,108786.53,UPI,False,4.0
ORD01258,2023-11-20,CUST4679,Customer_77,39.0,Male,Delhi,Charger,Accessories,4,57870.21,15,196758.71,Cash on Delivery,False,2.0
ORD01259,2023-11-21,CUST8540,Customer_417,27.0,Other,Bangalore,Webcam,Accessories,4,37146.76,15,126298.98,UPI,True,5.0
ORD01260,2023-11-21,CUST8074,Customer_217,48.0,Other,Hyderabad,Laptop,Computers,5,44220.07,10,198990.32,Net Banking,False,2.0
ORD01261,2023-11-22,CUST4996,Customer_328,44.0,Female,Delhi,Laptop,Computers,4,37564.24,0,150256.96,Credit Card,False,2.0
ORD01262,2023-11-22,CUST5786,Customer_325,29.0,Male,Bangalore,Charger,Accessories,5,2452.25,5,11648.19,UPI,False,5.0
ORD01263,2023-11-23,CUST6695,Customer_262,63.0,Other,Chennai,Webcam,Accessories,3,30381.83,0,91145.49,Debit Card,False,4.0
ORD01264,2023-11-23,CUST7998,Customer_23,48.0,Female,Chennai,Speaker,Audio,2,16183.28,10,29129.9,Debit Card,False,1.0
ORD01265,2023-11-24,CUST3366,Customer_244,49.0,Other,Bangalore,Charger,Accessories,4,9127.65,10,32859.54,Net Banking,False,2.0
ORD01266,2023-11-24,CUST7764,Customer_158,49.0,Female,Mumbai,Headphones,Audio,2,86116.82,5,163621.96,Cash on Delivery,False,2.0
ORD01267,2023-11-25,CUST9976,Customer_206,58.0,Male,Mumbai,Tablet,Mobile,2,54061.57,20,86498.51,Credit Card,False,4.0
ORD01268,2023-11-26,CUST2614,Customer_310,62.0,Female,Chennai,Tablet,Mobile,2,65659.47,20,105055.15,UPI,False,4.0
ORD01269,2023-11-26,CUST5555,Customer_87,52.0,Other,Ahmedabad,Phone,Mobile,3,28587.13,5,81473.32,Cash on Delivery,False,3.0
ORD01270,2023-11-27,CUST3416,Customer_267,63.0,Other,Mumbai,Keyboard,Accessories,1,35564.3,20,28451.44,Cash on Delivery,False,4.0
ORD01271,2023-11-27,CUST8288,Customer_415,38.0,Female,Kolkata,Tablet,Mobile,4,21551.08,15,73273.67,UPI,False,4.0
ORD01272,2023-11-28,CUST7862,Customer_134,27.0,Male,Ahmedabad,Mouse,Accessories,1,8996.82,20,7197.46,UPI,False,2.0
ORD01273,2023-11-28,CUST4653,Customer_267,33.0,Male,Mumbai,Phone,Mobile,1,16358.14,20,13086.51,UPI,False,1.0
ORD01274,2023-11-29,CUST7639,Unkown,24.0,Other,Bangalore,Tablet,Mobile,1,71836.01,20,57468.81,UPI,True,2.0
ORD01275,2023-11-29,CUST1496,Unkown,21.0,Other,Pune,Keyboard,Accessories,2,61074.86,15,103827.26,Debit Card,False,4.0
ORD01276,2023-11-30,CUST1504,Customer_450,44.0,Female,Bangalore,Laptop,Computers,5,49358.52,20,197434.08,Cash on Delivery,False,3.0
ORD01277,2023-11-30,CUST8699,Customer_53,42.0,Female,Mumbai,Laptop,Computers,2,42914.56,25,64371.84,Cash on Delivery,False,1.0
ORD01278,2023-12-01,CUST6733,Customer_99,48.0,Female,Bangalore,Speaker,Audio,2,83041.36,15,141170.31,Debit Card,False,3.0
ORD01279,2023-12-02,CUST9055,Customer_247,28.0,Male,Hyderabad,Charger,Accessories,1,6823.32,5,6482.15,Cash on Delivery,False,5.0
ORD01280,2023-12-02,CUST4216,Customer_36,37.0,Male,Chennai,Headphones,Audio,2,25468.89,0,50937.78,UPI,False,3.0
ORD01281,2023-12-03,CUST6688,Customer_401,53.0,Other,Pune,Laptop,Computers,1,31688.43,5,30104.01,Credit Card,False,3.0
ORD01282,2023-12-03,CUST5364,Customer_28,34.0,Other,Ahmedabad,Webcam,Accessories,5,70482.6,0,352413.0,Cash on Delivery,False,4.0
ORD01283,2023-12-04,CUST7042,Customer_220,62.0,Other,Ahmedabad,Tablet,Mobile,4,89327.56,5,339444.73,Credit Card,False,4.0
ORD01284,2023-12-04,CUST2477,Customer_406,28.0,Female,Hyderabad,Webcam,Accessories,1,21887.15,25,16415.36,Credit Card,False,4.0
ORD01285,2023-12-05,CUST5960,Customer_102,47.0,Male,Hyderabad,Keyboard,Accessories,5,78724.37,0,393621.85,Debit Card,False,4.0
ORD01286,2023-12-05,CUST3397,Customer_263,52.0,Other,Mumbai,Laptop,Computers,4,74805.86,0,299223.44,Net Banking,False,4.0
ORD01287,2023-12-06,CUST9301,Customer_271,58.0,Other,Mumbai,Headphones,Audio,3,20450.77,10,55217.08,Cash on Delivery,False,3.0
ORD01288,2023-12-06,CUST9841,Unkown,55.0,Other,Ahmedabad,Keyboard,Accessories,1,36119.13,0,36119.13,Debit Card,False,5.0
ORD01289,2023-12-07,CUST7194,Customer_139,39.0,Other,Hyderabad,Mouse,Accessories,1,37046.66,0,37046.66,Debit Card,False,4.0
ORD01290,2023-12-08,CUST8570,Customer_280,60.0,Other,Hyderabad,Mouse,Accessories,3,88045.39,10,237722.55,Credit Card,False,5.0
ORD01291,2023-12-08,CUST8730,Customer_451,44.0,Other,Ahmedabad,Webcam,Accessories,3,16525.0,20,39660.0,Cash on Delivery,False,5.0
ORD01292,2023-12-09,CUST2499,Customer_286,54.0,Male,Delhi,Charger,Accessories,1,71983.47,20,57586.78,Debit Card,False,2.0
ORD01293,2023-12-09,CUST8235,Customer_454,63.0,Other,Delhi,Phone,Mobile,3,30276.09,10,81745.44,UPI,True,2.0
ORD01294,2023-12-10,CUST1595,Customer_250,52.0,Male,Kolkata,Charger,Accessories,2,65858.07,15,111958.72,Debit Card,True,1.0
ORD01295,2023-12-10,CUST1978,Customer_322,21.0,Female,Chennai,Speaker,Audio,4,37973.99,0,151895.96,UPI,False,2.0
ORD01296,2023-12-11,CUST1730,Unkown,40.325388601036266,Male,Hyderabad,Charger,Accessories,4,52177.87,0,208711.48,Net Banking,False,4.0
ORD01297,2023-12-11,CUST1056,Customer_78,33.0,Female,Bangalore,Speaker,Audio,4,74984.28,10,269943.41,UPI,False,5.0
ORD01298,2023-12-12,CUST3243,Customer_297,38.0,Male,Pune,Speaker,Audio,2,72432.65,10,130378.77,UPI,True,1.0
ORD01299,2023-12-13,CUST6879,Customer_338,43.0,Male,Delhi,Headphones,Audio,3,78017.16,15,198943.76,Credit Card,False,2.0
ORD01300,2023-12-13,CUST2701,Customer_307,53.0,Other,Ahmedabad,Laptop,Computers,5,5646.67,25,21175.01,Debit Card,False,3.0
ORD01301,2023-12-14,CUST8229,Customer_428,36.0,Male,Mumbai,Headphones,Audio,3,62375.93,20,149702.23,Net Banking,False,1.0
ORD01302,2023-12-14,CUST2286,Customer_351,34.0,Male,Hyderabad,Speaker,Audio,1,12855.87,5,12213.08,Debit Card,False,4.0
ORD01303,2023-12-15,CUST9303,Customer_13,62.0,Other,Bangalore,Keyboard,Accessories,4,37597.93,25,112793.79,UPI,False,5.0
ORD01304,2023-12-15,CUST1947,Customer_346,43.0,Female,Pune,Mouse,Accessories,3,49507.38,20,118817.71,UPI,False,4.0
ORD01305,2023-12-16,CUST5121,Customer_492,39.0,Other,Bangalore,Speaker,Audio,5,36424.73,0,182123.65,Debit Card,False,4.0
ORD01306,2023-12-16,CUST7553,Customer_396,40.325388601036266,Other,Kolkata,Headphones,Audio,1,46908.17,25,35181.13,Net Banking,False,3.0
ORD01307,2023-12-17,CUST1757,Customer_82,18.0,Other,Bangalore,Keyboard,Accessories,2,89687.41,10,161437.34,Net Banking,False,3.0
ORD01308,2023-12-17,CUST6651,Customer_9,61.0,Female,Mumbai,Headphones,Audio,2,12427.99,15,21127.58,Credit Card,False,5.0
ORD01309,2023-12-18,CUST8273,Customer_497,53.0,Male,Delhi,Charger,Accessories,5,60887.41,20,243549.64,UPI,True,2.0
ORD01310,2023-12-19,CUST4535,Customer_213,60.0,Male,Bangalore,Tablet,Mobile,1,35820.29,15,30447.25,UPI,False,4.0
ORD01311,2023-12-19,CUST3293,Customer_48,54.0,Other,Pune,Webcam,Accessories,4,12229.98,20,39135.94,Credit Card,False,2.0
ORD01312,2023-12-20,CUST2104,Customer_49,19.0,Other,Delhi,Phone,Mobile,3,14537.69,25,32709.8,Debit Card,False,5.0
ORD01313,2023-12-20,CUST9853,Customer_309,34.0,Male,Kolkata,Headphones,Audio,1,85448.8,0,85448.8,UPI,False,4.0
ORD01314,2023-12-21,CUST1908,Customer_440,57.0,Male,Kolkata,Phone,Mobile,2,79199.25,5,150478.57,Debit Card,False,2.0
ORD01315,2023-12-21,CUST7539,Customer_40,55.0,Male,Chennai,Monitor,Computers,5,81660.66,15,347057.81,Net Banking,True,4.0
ORD01316,2023-12-22,CUST5617,Customer_363,38.0,Female,Mumbai,Headphones,Audio,5,89239.49,15,379267.83,Cash on Delivery,True,3.0
ORD01317,2023-12-22,CUST8069,Customer_280,26.0,Female,Delhi,Tablet,Mobile,3,18984.89,5,54106.94,Credit Card,False,3.0
ORD01318,2023-12-23,CUST3311,Customer_226,30.0,Other,Kolkata,Phone,Mobile,5,32181.91,15,136773.12,UPI,False,3.0492738589211617
ORD01319,2023-12-23,CUST1789,Customer_456,28.0,Female,Kolkata,Speaker,Audio,5,60327.95,15,256393.79,Credit Card,False,5.0
ORD01320,2023-12-24,CUST1171,Customer_108,33.0,Other,Delhi,Headphones,Audio,1,43696.09,20,34956.87,Net Banking,False,2.0
ORD01321,2023-12-25,CUST8989,Customer_245,33.0,Male,Bangalore,Laptop,Computers,4,37828.54,20,121051.33,Net Banking,False,4.0
ORD01322,2023-12-25,CUST2885,Customer_255,19.0,Male,Ahmedabad,Webcam,Accessories,3,32394.67,5,92324.81,Net Banking,False,1.0
ORD01323,2023-12-26,CUST9667,Customer_33,59.0,Other,Pune,Tablet,Mobile,1,53561.12,0,53561.12,Net Banking,False,5.0
ORD01324,2023-12-26,CUST2049,Customer_23,61.0,Male,Bangalore,Phone,Mobile,4,51929.73,25,155789.19,Cash on Delivery,False,5.0
ORD01325,2023-12-27,CUST5129,Customer_333,25.0,Other,Pune,Tablet,Mobile,1,14781.77,25,11086.33,Debit Card,False,5.0
ORD01326,2023-12-27,CUST2161,Customer_54,60.0,Other,Kolkata,Keyboard,Accessories,1,42614.06,15,36221.95,Debit Card,False,2.0
ORD01327,2023-12-28,CUST1815,Customer_309,59.0,Other,Kolkata,Webcam,Accessories,5,49945.42,0,249727.1,Cash on Delivery,False,3.0
ORD01328,2023-12-28,CUST4766,Customer_49,30.0,Female,Mumbai,Speaker,Audio,4,51453.74,5,195524.21,Debit Card,False,1.0
ORD01329,2023-12-29,CUST9945,Customer_462,34.0,Other,Delhi,Headphones,Audio,3,19145.62,5,54565.02,Net Banking,False,2.0
ORD01330,2023-12-29,CUST5661,Customer_78,56.0,Other,Hyderabad,Headphones,Audio,3,66880.74,20,160513.78,Debit Card,False,4.0
ORD01331,2023-12-30,CUST9653,Customer_336,41.0,Other,Kolkata,Headphones,Audio,4,2559.36,15,8701.82,Credit Card,False,2.0
ORD01332,2023-12-31,CUST4239,Customer_433,20.0,Female,Pune,Webcam,Accessories,5,32127.42,10,144573.39,Debit Card,False,4.0
ORD01333,2023-12-31,CUST9272,Customer_358,47.0,Male,Pune,Laptop,Computers,2,70284.07,5,133539.73,Credit Card,False,4.0
ORD01334,2024-01-01,CUST3804,Customer_122,40.325388601036266,Female,Ahmedabad,Monitor,Computers,1,50880.2,15,43248.17,UPI,False,5.0
ORD01335,2024-01-01,CUST9031,Customer_444,36.0,Other,Ahmedabad,Mouse,Accessories,5,23725.27,0,118626.35,Credit Card,False,3.0492738589211617
ORD01336,2024-01-02,CUST1869,Customer_359,24.0,Female,Bangalore,Charger,Accessories,4,62636.29,20,200436.13,Credit Card,False,3.0
ORD01337,2024-01-02,CUST6526,Customer_90,26.0,Male,Bangalore,Phone,Mobile,1,51193.97,25,38395.48,Net Banking,False,4.0
ORD01338,2024-01-03,CUST8741,Customer_346,36.0,Male,Kolkata,Laptop,Computers,3,71722.05,0,215166.15,Net Banking,False,5.0
ORD01339,2024-01-03,CUST5694,Unkown,62.0,Other,Kolkata,Speaker,Audio,2,66230.76,5,125838.44,Net Banking,True,3.0
ORD01340,2024-01-04,CUST9998,Customer_416,57.0,Male,Chennai,Phone,Mobile,3,55025.68,5,156823.19,Credit Card,False,2.0
ORD01341,2024-01-05,CUST2934,Customer_377,39.0,Female,Pune,Headphones,Audio,4,44088.54,0,176354.16,Cash on Delivery,False,3.0
ORD01342,2024-01-05,CUST6172,Customer_463,35.0,Female,Mumbai,Tablet,Mobile,1,12245.44,5,11633.17,Net Banking,False,2.0
ORD01343,2024-01-06,CUST1703,Customer_244,40.0,Male,Delhi,Speaker,Audio,4,23740.57,15,80717.94,Net Banking,True,4.0
ORD01344,2024-01-06,CUST3523,Customer_149,19.0,Other,Delhi,Phone,Mobile,1,37892.22,5,35997.61,Credit Card,True,1.0
ORD01345,2024-01-07,CUST3639,Customer_146,28.0,Other,Ahmedabad,Headphones,Audio,5,54056.15,20,216224.6,UPI,False,1.0
ORD01346,2024-01-07,CUST7159,Unkown,48.0,Female,Delhi,Phone,Mobile,2,46378.59,15,78843.6,UPI,False,4.0
ORD01347,2024-01-08,CUST4909,Unkown,50.0,Male,Pune,Tablet,Mobile,5,26149.15,10,117671.18,Debit Card,False,3.0
ORD01348,2024-01-08,CUST2164,Customer_378,31.0,Female,Bangalore,Headphones,Audio,5,878.85,5,4174.54,UPI,False,2.0
ORD01349,2024-01-09,CUST1619,Customer_141,33.0,Female,Mumbai,Monitor,Computers,4,44811.66,5,170284.31,Net Banking,True,1.0
ORD01350,2024-01-09,CUST8982,Customer_408,28.0,Female,Delhi,Laptop,Computers,2,25919.65,20,41471.44,Cash on Delivery,False,2.0
ORD01351,2024-01-10,CUST4066,Customer_286,50.0,Other,Pune,Keyboard,Accessories,1,66193.36,20,52954.69,Debit Card,False,4.0
ORD01352,2024-01-11,CUST5872,Customer_386,24.0,Male,Hyderabad,Charger,Accessories,1,2446.98,25,1835.24,Cash on Delivery,False,3.0
ORD01353,2024-01-11,CUST9638,Customer_339,48.0,Male,Kolkata,Webcam,Accessories,3,52758.05,0,158274.15,Cash on Delivery,False,2.0
ORD01354,2024-01-12,CUST3337,Customer_111,63.0,Other,Chennai,Charger,Accessories,1,84749.24,0,84749.24,Net Banking,False,3.0
ORD01355,2024-01-12,CUST9400,Customer_108,64.0,Female,Chennai,Speaker,Audio,4,15943.51,0,63774.04,Credit Card,False,1.0
ORD01356,2024-01-13,CUST6594,Customer_367,31.0,Female,Delhi,Charger,Accessories,5,42605.96,20,170423.84,Credit Card,False,2.0
ORD01357,2024-01-13,CUST3460,Customer_281,45.0,Other,Bangalore,Headphones,Audio,5,8499.55,0,42497.75,Credit Card,False,5.0
ORD01358,2024-01-14,CUST7820,Customer_50,60.0,Male,Chennai,Monitor,Computers,5,56422.67,0,282113.35,UPI,False,1.0
ORD01359,2024-01-14,CUST6546,Unkown,33.0,Other,Chennai,Keyboard,Accessories,2,49681.69,10,89427.04,Credit Card,False,3.0
ORD01360,2024-01-15,CUST4442,Customer_134,36.0,Male,Ahmedabad,Laptop,Computers,1,36839.69,0,36839.69,Net Banking,False,4.0
ORD01361,2024-01-15,CUST3711,Customer_76,34.0,Male,Chennai,Laptop,Computers,4,47066.52,5,178852.78,UPI,True,5.0
ORD01362,2024-01-16,CUST2291,Customer_84,43.0,Male,Chennai,Tablet,Mobile,2,80721.75,25,121082.62,Credit Card,False,2.0
ORD01363,2024-01-17,CUST6374,Customer_343,23.0,Female,Delhi,Webcam,Accessories,3,17906.6,20,42975.84,Cash on Delivery,False,1.0
ORD01364,2024-01-17,CUST3655,Customer_158,60.0,Female,Ahmedabad,Phone,Mobile,4,2323.04,15,7898.34,Net Banking,True,2.0
ORD01365,2024-01-18,CUST7513,Customer_286,26.0,Other,Pune,Monitor,Computers,4,77590.34,25,232771.02,Net Banking,False,2.0
ORD01366,2024-01-18,CUST8394,Customer_422,34.0,Other,Mumbai,Phone,Mobile,4,52066.4,10,187439.04,Debit Card,False,5.0
ORD01367,2024-01-19,CUST1704,Customer_314,48.0,Female,Mumbai,Keyboard,Accessories,5,80191.06,20,320764.24,Net Banking,False,5.0
ORD01368,2024-01-19,CUST1825,Customer_94,29.0,Other,Bangalore,Charger,Accessories,4,53844.99,20,172303.97,Cash on Delivery,False,5.0
ORD01369,2024-01-20,CUST1376,Customer_297,40.0,Female,Pune,Laptop,Computers,1,72970.45,5,69321.93,Net Banking,False,5.0
ORD01370,2024-01-20,CUST1972,Customer_94,22.0,Female,Kolkata,Keyboard,Accessories,4,38840.7,25,116522.1,Debit Card,False,4.0
ORD01371,2024-01-21,CUST5213,Customer_57,60.0,Male,Hyderabad,Charger,Accessories,5,67561.44,25,253355.4,Net Banking,False,3.0
ORD01372,2024-01-21,CUST1443,Customer_164,53.0,Male,Mumbai,Laptop,Computers,4,82198.82,0,328795.28,Net Banking,False,5.0
ORD01373,2024-01-22,CUST8519,Customer_320,53.0,Female,Hyderabad,Charger,Accessories,3,51618.43,5,147112.53,Debit Card,False,1.0
ORD01374,2024-01-23,CUST1754,Customer_497,40.325388601036266,Male,Mumbai,Webcam,Accessories,3,16515.43,0,49546.29,Net Banking,False,2.0
ORD01375,2024-01-23,CUST5735,Customer_98,41.0,Female,Ahmedabad,Monitor,Computers,5,24410.15,0,122050.75,UPI,False,5.0
ORD01376,2024-01-24,CUST6396,Customer_16,40.325388601036266,Male,Mumbai,Speaker,Audio,1,18117.42,20,14493.94,Net Banking,False,1.0
ORD01377,2024-01-24,CUST4465,Customer_344,56.0,Other,Ahmedabad,Keyboard,Accessories,1,22442.08,25,16831.56,Credit Card,False,4.0
ORD01378,2024-01-25,CUST3711,Customer_78,43.0,Other,Ahmedabad,Keyboard,Accessories,2,27784.47,0,55568.94,Credit Card,False,1.0
ORD01379,2024-01-25,CUST3407,Customer_346,21.0,Female,Bangalore,Mouse,Accessories,5,50094.5,10,225425.25,UPI,False,1.0
ORD01380,2024-01-26,CUST9814,Customer_72,62.0,Female,Chennai,Headphones,Audio,4,53041.85,10,190950.66,Net Banking,False,4.0
ORD01381,2024-01-26,CUST6588,Customer_270,29.0,Male,Bangalore,Webcam,Accessories,5,38556.03,25,144585.11,Cash on Delivery,False,4.0
ORD01382,2024-01-27,CUST7104,Customer_287,18.0,Male,Ahmedabad,Webcam,Accessories,2,55502.24,10,99904.03,Net Banking,True,2.0
ORD01383,2024-01-28,CUST6747,Customer_66,38.0,Female,Ahmedabad,Phone,Mobile,5,7616.27,20,30465.08,Credit Card,False,5.0
ORD01384,2024-01-28,CUST2723,Customer_368,36.0,Other,Mumbai,Charger,Accessories,5,8173.6,5,38824.6,Debit Card,False,1.0
ORD01385,2024-01-29,CUST8224,Customer_68,38.0,Other,Pune,Headphones,Audio,2,15712.1,15,26710.57,UPI,False,3.0
ORD01386,2024-01-29,CUST2919,Customer_193,35.0,Female,Chennai,Monitor,Computers,1,46770.55,0,46770.55,Debit Card,False,3.0
ORD01387,2024-01-30,CUST1918,Customer_55,60.0,Other,Pune,Monitor,Computers,4,19494.32,15,66280.69,Cash on Delivery,False,2.0
ORD01388,2024-01-30,CUST5215,Customer_468,20.0,Female,Pune,Webcam,Accessories,2,25709.61,5,48848.26,Net Banking,False,3.0
ORD01389,2024-01-31,CUST1581,Customer_379,61.0,Male,Pune,Monitor,Computers,3,36207.06,5,103190.12,Cash on Delivery,True,2.0
ORD01390,2024-01-31,CUST4881,Customer_462,49.0,Other,Chennai,Mouse,Accessories,1,73123.39,20,58498.71,Debit Card,False,5.0
ORD01391,2024-02-01,CUST4909,Customer_168,27.0,Other,Pune,Keyboard,Accessories,3,1542.43,10,4164.56,Net Banking,False,3.0492738589211617
ORD01392,2024-02-01,CUST2999,Customer_409,57.0,Male,Chennai,Tablet,Mobile,1,58548.28,10,52693.45,Cash on Delivery,False,4.0
ORD01393,2024-02-02,CUST1400,Unkown,32.0,Male,Hyderabad,Speaker,Audio,4,60297.22,5,229129.44,Credit Card,False,4.0
ORD01394,2024-02-03,CUST4648,Customer_131,22.0,Other,Ahmedabad,Phone,Mobile,4,71938.42,20,230202.94,Credit Card,False,4.0
ORD01395,2024-02-03,CUST6445,Customer_325,21.0,Other,Kolkata,Charger,Accessories,5,83966.94,20,335867.76,UPI,False,4.0
ORD01396,2024-02-04,CUST3628,Customer_102,45.0,Female,Mumbai,Speaker,Audio,3,2105.37,25,4737.08,Credit Card,False,4.0
ORD01397,2024-02-04,CUST2656,Customer_374,21.0,Female,Delhi,Charger,Accessories,1,14093.4,0,14093.4,Credit Card,False,4.0
ORD01398,2024-02-05,CUST1620,Customer_282,32.0,Other,Pune,Laptop,Computers,4,79788.57,10,287238.85,Debit Card,False,4.0
ORD01399,2024-02-05,CUST1246,Customer_296,34.0,Female,Bangalore,Speaker,Audio,2,41428.12,5,78713.43,Credit Card,False,4.0
ORD01400,2024-02-06,CUST6212,Customer_294,61.0,Male,Hyderabad,Tablet,Mobile,4,50942.78,25,152828.34,Credit Card,False,4.0
ORD01401,2024-02-06,CUST4339,Customer_422,20.0,Female,Bangalore,Webcam,Accessories,2,59772.54,15,101613.32,Debit Card,False,5.0
ORD01402,2024-02-07,CUST7758,Customer_452,27.0,Female,Delhi,Mouse,Accessories,1,61211.27,10,55090.14,Credit Card,False,4.0
ORD01403,2024-02-07,CUST8086,Customer_263,64.0,Other,Chennai,Keyboard,Accessories,4,83876.11,0,335504.44,Credit Card,True,2.0
ORD01404,2024-02-08,CUST4010,Customer_478,59.0,Female,Delhi,Keyboard,Accessories,4,89725.36,20,287121.15,UPI,False,5.0
ORD01405,2024-02-09,CUST5719,Customer_414,40.0,Other,Bangalore,Mouse,Accessories,1,64897.12,5,61652.26,Credit Card,False,3.0
ORD01406,2024-02-09,CUST3368,Customer_120,35.0,Other,Ahmedabad,Headphones,Audio,4,26062.74,10,93825.86,Credit Card,False,1.0
ORD01407,2024-02-10,CUST2839,Customer_403,18.0,Other,Ahmedabad,Laptop,Computers,2,79212.79,15,134661.74,UPI,False,5.0
ORD01408,2024-02-10,CUST3903,Customer_231,52.0,Male,Delhi,Charger,Accessories,4,4714.12,0,18856.48,Debit Card,False,4.0
ORD01409,2024-02-11,CUST7205,Customer_291,48.0,Female,Ahmedabad,Tablet,Mobile,3,21026.95,0,63080.85,Credit Card,False,5.0
ORD01410,2024-02-11,CUST5395,Customer_488,61.0,Female,Mumbai,Monitor,Computers,5,80794.5,25,302979.38,Cash on Delivery,False,1.0
ORD01411,2024-02-12,CUST6767,Customer_161,18.0,Female,Delhi,Speaker,Audio,2,23279.38,10,41902.88,Debit Card,False,1.0
ORD01412,2024-02-12,CUST4691,Customer_161,20.0,Other,Pune,Laptop,Computers,3,20091.4,15,51233.07,Debit Card,False,4.0
ORD01413,2024-02-13,CUST8470,Customer_78,40.325388601036266,Male,Mumbai,Speaker,Audio,1,12688.84,0,12688.84,Credit Card,False,4.0
ORD01414,2024-02-14,CUST4841,Customer_38,54.0,Other,Pune,Tablet,Mobile,2,77361.32,5,146986.51,UPI,True,2.0
ORD01415,2024-02-14,CUST5348,Customer_394,36.0,Female,Kolkata,Phone,Mobile,5,45154.23,0,225771.15,Debit Card,False,1.0
ORD01416,2024-02-15,CUST7621,Customer_441,46.0,Other,Kolkata,Phone,Mobile,5,60836.92,15,258556.91,UPI,False,4.0
ORD01417,2024-02-15,CUST2392,Customer_28,42.0,Other,Delhi,Laptop,Computers,1,21743.25,20,17394.6,Cash on Delivery,False,1.0
ORD01418,2024-02-16,CUST7060,Customer_462,40.325388601036266,Female,Mumbai,Webcam,Accessories,1,68295.23,20,54636.18,UPI,False,2.0
ORD01419,2024-02-16,CUST5255,Customer_100,53.0,Other,Ahmedabad,Tablet,Mobile,2,68471.5,25,102707.25,Net Banking,False,3.0
ORD01420,2024-02-17,CUST5300,Customer_294,46.0,Other,Mumbai,Tablet,Mobile,4,28339.04,10,102020.54,UPI,True,1.0
ORD01421,2024-02-17,CUST4338,Customer_400,43.0,Male,Kolkata,Mouse,Accessories,1,37137.23,15,31566.65,Debit Card,False,2.0
ORD01422,2024-02-18,CUST6487,Customer_124,40.325388601036266,Other,Delhi,Webcam,Accessories,4,19108.22,25,57324.66,UPI,False,2.0
ORD01423,2024-02-18,CUST4514,Customer_405,31.0,Male,Hyderabad,Charger,Accessories,3,87896.52,0,263689.56,UPI,False,2.0
ORD01424,2024-02-19,CUST1759,Customer_92,44.0,Female,Chennai,Charger,Accessories,5,58209.55,0,291047.75,Net Banking,False,5.0
ORD01425,2024-02-20,CUST9621,Customer_255,50.0,Male,Chennai,Monitor,Computers,4,84127.59,20,269208.29,Net Banking,False,4.0
ORD01426,2024-02-20,CUST7793,Customer_97,39.0,Other,Chennai,Keyboard,Accessories,5,27512.68,25,103172.55,Credit Card,False,3.0492738589211617
ORD01427,2024-02-21,CUST3459,Customer_6,20.0,Female,Ahmedabad,Phone,Mobile,4,70434.61,20,225390.75,Debit Card,False,5.0
ORD01428,2024-02-21,CUST6273,Customer_169,40.0,Other,Mumbai,Charger,Accessories,3,68996.52,5,196640.08,Credit Card,False,1.0
ORD01429,2024-02-22,CUST2718,Customer_383,38.0,Other,Ahmedabad,Webcam,Accessories,1,62340.51,20,49872.41,Net Banking,False,5.0
ORD01430,2024-02-22,CUST6423,Customer_271,58.0,Male,Kolkata,Tablet,Mobile,3,86916.82,5,247712.94,UPI,False,4.0
ORD01431,2024-02-23,CUST2308,Customer_108,40.0,Other,Chennai,Charger,Accessories,1,35600.91,0,35600.91,Net Banking,False,2.0
ORD01432,2024-02-23,CUST2050,Customer_387,21.0,Male,Kolkata,Tablet,Mobile,1,12024.34,25,9018.26,Cash on Delivery,False,1.0
ORD01433,2024-02-24,CUST6479,Customer_299,38.0,Female,Mumbai,Charger,Accessories,5,60551.28,5,287618.58,UPI,False,2.0
ORD01434,2024-02-24,CUST3249,Customer_47,54.0,Female,Kolkata,Phone,Mobile,3,65718.09,25,147865.7,Credit Card,False,4.0
ORD01435,2024-02-25,CUST3809,Customer_99,60.0,Other,Hyderabad,Speaker,Audio,4,51881.93,25,155645.79,UPI,True,1.0
ORD01436,2024-02-26,CUST3921,Customer_14,48.0,Male,Ahmedabad,Charger,Accessories,3,18850.57,5,53724.12,Cash on Delivery,False,3.0
ORD01437,2024-02-26,CUST5676,Customer_194,38.0,Other,Delhi,Webcam,Accessories,5,45548.7,10,204969.15,Net Banking,False,3.0
ORD01438,2024-02-27,CUST5041,Customer_157,43.0,Other,Kolkata,Charger,Accessories,1,28302.42,20,22641.94,Debit Card,False,3.0
ORD01439,2024-02-27,CUST3417,Customer_388,58.0,Other,Kolkata,Keyboard,Accessories,5,38642.75,5,183553.06,Debit Card,False,4.0
ORD01440,2024-02-28,CUST1532,Customer_154,52.0,Other,Delhi,Phone,Mobile,2,58175.11,0,116350.22,Debit Card,False,3.0
ORD01441,2024-02-28,CUST9167,Customer_115,40.325388601036266,Male,Mumbai,Webcam,Accessories,2,67144.76,25,100717.14,Net Banking,False,1.0
ORD01442,2024-02-29,CUST2469,Customer_396,41.0,Other,Mumbai,Mouse,Accessories,4,21129.55,15,71840.47,Debit Card,False,3.0
ORD01443,2024-02-29,CUST8292,Customer_258,28.0,Female,Ahmedabad,Webcam,Accessories,5,36656.68,5,174119.23,Cash on Delivery,False,1.0
ORD01444,2024-03-01,CUST9961,Customer_145,58.0,Male,Kolkata,Keyboard,Accessories,4,24442.79,20,78216.93,Net Banking,False,4.0
ORD01445,2024-03-01,CUST8142,Customer_291,46.0,Other,Hyderabad,Speaker,Audio,4,18116.26,25,54348.78,Debit Card,False,2.0
ORD01446,2024-03-02,CUST7000,Customer_10,64.0,Male,Chennai,Phone,Mobile,2,70568.83,10,127023.89,Credit Card,False,5.0
ORD01447,2024-03-03,CUST8081,Customer_368,20.0,Other,Hyderabad,Mouse,Accessories,4,81858.97,0,327435.88,Net Banking,False,3.0492738589211617
ORD01448,2024-03-03,CUST5649,Customer_214,18.0,Female,Delhi,Keyboard,Accessories,2,33508.83,10,60315.89,Net Banking,False,3.0492738589211617
ORD01449,2024-03-04,CUST7931,Customer_233,36.0,Female,Delhi,Keyboard,Accessories,1,67688.72,15,57535.41,UPI,False,2.0
ORD01450,2024-03-04,CUST4424,Customer_171,63.0,Female,Pune,Laptop,Computers,5,80759.48,5,383607.53,Debit Card,False,4.0
ORD01451,2024-03-05,CUST2091,Customer_21,39.0,Male,Chennai,Phone,Mobile,4,76196.34,25,228589.02,Credit Card,False,4.0
ORD01452,2024-03-05,CUST8849,Customer_15,31.0,Female,Kolkata,Webcam,Accessories,2,16697.36,5,31724.98,Cash on Delivery,False,2.0
ORD01453,2024-03-06,CUST5654,Customer_419,31.0,Other,Delhi,Tablet,Mobile,3,86078.38,20,206588.11,Net Banking,False,5.0
ORD01454,2024-03-06,CUST1260,Customer_368,61.0,Other,Pune,Speaker,Audio,4,34086.88,5,129530.14,Cash on Delivery,True,3.0
ORD01455,2024-03-07,CUST6936,Customer_126,33.0,Other,Mumbai,Tablet,Mobile,1,30728.89,0,30728.89,Cash on Delivery,False,1.0
ORD01456,2024-03-08,CUST5370,Customer_341,50.0,Male,Delhi,Webcam,Accessories,1,5899.09,15,5014.23,Cash on Delivery,False,4.0
ORD01457,2024-03-08,CUST5301,Customer_341,30.0,Male,Bangalore,Webcam,Accessories,3,43908.78,10,118553.71,UPI,False,2.0
ORD01458,2024-03-09,CUST8207,Customer_213,55.0,Female,Chennai,Phone,Mobile,2,10077.52,15,17131.78,Cash on Delivery,False,5.0
ORD01459,2024-03-09,CUST6819,Customer_188,29.0,Male,Pune,Webcam,Accessories,4,22593.02,25,67779.06,Debit Card,False,3.0
ORD01460,2024-03-10,CUST1092,Customer_172,55.0,Other,Chennai,Laptop,Computers,2,28728.75,5,54584.62,Debit Card,False,5.0
ORD01461,2024-03-10,CUST6161,Customer_480,56.0,Other,Chennai,Mouse,Accessories,1,72850.72,25,54638.04,Credit Card,False,3.0
ORD01462,2024-03-11,CUST8632,Customer_247,50.0,Other,Bangalore,Webcam,Accessories,2,78830.33,10,141894.59,Credit Card,True,1.0
ORD01463,2024-03-11,CUST7208,Customer_5,50.0,Male,Hyderabad,Tablet,Mobile,1,27430.23,25,20572.67,Cash on Delivery,False,1.0
ORD01464,2024-03-12,CUST9556,Customer_231,46.0,Other,Mumbai,Webcam,Accessories,2,77324.22,20,123718.75,Cash on Delivery,False,2.0
ORD01465,2024-03-12,CUST5916,Customer_201,22.0,Female,Chennai,Laptop,Computers,3,77192.62,15,196841.18,UPI,False,2.0
ORD01466,2024-03-13,CUST4718,Customer_373,23.0,Male,Delhi,Charger,Accessories,5,68888.19,10,309996.86,Cash on Delivery,False,3.0
ORD01467,2024-03-14,CUST7125,Customer_402,48.0,Other,Ahmedabad,Charger,Accessories,3,13457.55,10,36335.38,Cash on Delivery,False,3.0
ORD01468,2024-03-14,CUST2924,Customer_149,33.0,Other,Mumbai,Keyboard,Accessories,3,62220.96,10,167996.59,Cash on Delivery,False,3.0
ORD01469,2024-03-15,CUST4095,Customer_72,48.0,Male,Delhi,Speaker,Audio,5,85067.66,0,425338.3,Net Banking,False,3.0
ORD01470,2024-03-15,CUST7683,Customer_492,42.0,Male,Mumbai,Monitor,Computers,5,61522.88,15,261472.24,Net Banking,False,1.0
ORD01471,2024-03-16,CUST6181,Unkown,63.0,Female,Kolkata,Mouse,Accessories,4,30045.03,25,90135.09,UPI,False,2.0
ORD01472,2024-03-16,CUST3538,Customer_74,50.0,Male,Mumbai,Headphones,Audio,4,45200.96,10,162723.46,UPI,False,2.0
ORD01473,2024-03-17,CUST3276,Customer_307,30.0,Other,Pune,Keyboard,Accessories,3,58220.54,15,148462.38,Debit Card,False,4.0
ORD01474,2024-03-17,CUST9194,Customer_169,40.325388601036266,Female,Delhi,Speaker,Audio,3,46097.17,10,124462.36,UPI,False,2.0
ORD01475,2024-03-18,CUST1910,Customer_249,41.0,Other,Ahmedabad,Charger,Accessories,1,11058.78,20,8847.02,Debit Card,False,2.0
ORD01476,2024-03-18,CUST1306,Customer_280,27.0,Other,Delhi,Tablet,Mobile,1,28291.14,20,22632.91,Cash on Delivery,False,5.0
ORD01477,2024-03-19,CUST7575,Customer_488,58.0,Other,Kolkata,Headphones,Audio,4,72273.92,20,231276.54,UPI,False,5.0
ORD01478,2024-03-20,CUST5231,Customer_152,48.0,Male,Mumbai,Speaker,Audio,4,77568.2,5,294759.16,UPI,False,4.0
ORD01479,2024-03-20,CUST7028,Customer_224,30.0,Male,Chennai,Speaker,Audio,1,12614.81,10,11353.33,UPI,False,3.0
ORD01480,2024-03-21,CUST7658,Customer_225,20.0,Other,Ahmedabad,Keyboard,Accessories,1,85728.09,5,81441.69,Debit Card,False,4.0
ORD01481,2024-03-21,CUST7336,Customer_38,51.0,Male,Delhi,Headphones,Audio,2,29794.39,15,50650.46,Debit Card,True,4.0
ORD01482,2024-03-22,CUST1872,Customer_44,40.325388601036266,Other,Kolkata,Phone,Mobile,2,59708.54,5,113446.23,Credit Card,False,1.0
ORD01483,2024-03-22,CUST2141,Customer_185,36.0,Male,Ahmedabad,Monitor,Computers,1,67737.72,15,57577.06,Debit Card,False,2.0
ORD01484,2024-03-23,CUST1665,Customer_499,40.0,Male,Bangalore,Phone,Mobile,2,73130.58,15,124321.99,Debit Card,False,1.0
ORD01485,2024-03-23,CUST9400,Customer_443,62.0,Male,Bangalore,Headphones,Audio,5,85132.75,15,361814.19,Net Banking,False,2.0
ORD01486,2024-03-24,CUST1951,Customer_241,49.0,Female,Mumbai,Phone,Mobile,4,28367.88,25,85103.64,UPI,False,4.0
ORD01487,2024-03-24,CUST5722,Customer_418,30.0,Male,Hyderabad,Laptop,Computers,4,77307.03,5,293766.71,Debit Card,False,2.0
ORD01488,2024-03-25,CUST5008,Customer_331,50.0,Female,Mumbai,Charger,Accessories,1,12111.32,25,9083.49,UPI,False,3.0
ORD01489,2024-03-26,CUST7655,Customer_351,51.0,Female,Kolkata,Laptop,Computers,3,63541.17,10,171561.16,UPI,False,3.0
ORD01490,2024-03-26,CUST7190,Customer_210,50.0,Female,Mumbai,Webcam,Accessories,1,66854.4,5,63511.68,Net Banking,True,4.0
ORD01491,2024-03-27,CUST1771,Customer_23,22.0,Other,Chennai,Phone,Mobile,2,61090.77,10,109963.39,UPI,False,5.0
ORD01492,2024-03-27,CUST5030,Customer_124,20.0,Male,Chennai,Webcam,Accessories,3,22931.63,10,61915.4,Debit Card,False,3.0
ORD01493,2024-03-28,CUST8859,Customer_86,24.0,Other,Pune,Tablet,Mobile,2,78610.97,15,133638.65,UPI,False,4.0
ORD01494,2024-03-28,CUST1521,Customer_43,41.0,Female,Kolkata,Mouse,Accessories,5,15445.6,5,73366.6,Credit Card,True,1.0
ORD01495,2024-03-29,CUST4355,Customer_466,39.0,Male,Hyderabad,Tablet,Mobile,2,5110.04,10,9198.07,Credit Card,False,5.0
ORD01496,2024-03-29,CUST2400,Customer_40,62.0,Other,Ahmedabad,Headphones,Audio,5,64655.61,20,258622.44,Net Banking,False,3.0
ORD01497,2024-03-30,CUST4723,Customer_303,40.0,Female,Kolkata,Speaker,Audio,5,42949.17,10,193271.26,Debit Card,True,4.0
ORD01498,2024-03-31,CUST7579,Customer_169,47.0,Other,Kolkata,Charger,Accessories,2,76463.09,20,122340.94,Net Banking,False,4.0
ORD01499,2024-03-31,CUST4247,Customer_175,35.0,Other,Hyderabad,Phone,Mobile,2,34689.72,5,65910.47,Credit Card,False,1.0
ORD01500,2024-04-01,CUST2858,Customer_487,49.0,Male,Kolkata,Keyboard,Accessories,5,15393.59,25,57725.96,Debit Card,False,1.0
ORD01501,2024-04-01,CUST5781,Customer_20,40.325388601036266,Male,Hyderabad,Mouse,Accessories,3,75327.86,5,214684.4,UPI,True,5.0
ORD01502,2024-04-02,CUST5064,Unkown,50.0,Other,Hyderabad,Monitor,Computers,5,49536.19,25,185760.71,Debit Card,False,3.0492738589211617
ORD01503,2024-04-02,CUST3398,Customer_109,22.0,Male,Hyderabad,Monitor,Computers,4,17269.86,25,51809.58,Cash on Delivery,False,4.0
ORD01504,2024-04-03,CUST1142,Customer_193,45.0,Male,Kolkata,Monitor,Computers,5,64917.44,5,308357.84,Debit Card,False,5.0
ORD01505,2024-04-03,CUST6062,Customer_244,40.325388601036266,Other,Kolkata,Phone,Mobile,3,46145.89,10,124593.9,UPI,False,5.0
ORD01506,2024-04-04,CUST4469,Customer_324,32.0,Male,Mumbai,Monitor,Computers,4,54505.87,0,218023.48,Cash on Delivery,False,1.0
ORD01507,2024-04-04,CUST4695,Customer_280,21.0,Male,Kolkata,Laptop,Computers,1,41641.58,10,37477.42,Net Banking,False,4.0
ORD01508,2024-04-05,CUST1717,Customer_228,51.0,Female,Mumbai,Mouse,Accessories,1,74634.2,10,67170.78,Debit Card,True,2.0
ORD01509,2024-04-06,CUST1642,Customer_36,22.0,Male,Pune,Laptop,Computers,3,74710.78,15,190512.49,Net Banking,False,1.0
ORD01510,2024-04-06,CUST3548,Customer_45,50.0,Female,Bangalore,Speaker,Audio,5,63931.18,15,271707.52,Debit Card,False,4.0
ORD01511,2024-04-07,CUST9561,Customer_386,22.0,Other,Bangalore,Mouse,Accessories,2,9753.5,10,17556.3,Credit Card,False,5.0
ORD01512,2024-04-07,CUST4650,Customer_28,55.0,Female,Pune,Laptop,Computers,3,75544.19,20,181306.06,Credit Card,False,5.0
ORD01513,2024-04-08,CUST8549,Customer_154,40.325388601036266,Other,Pune,Mouse,Accessories,4,60488.86,25,181466.58,UPI,True,3.0
ORD01514,2024-04-08,CUST9978,Customer_23,43.0,Male,Delhi,Speaker,Audio,4,62822.07,15,213595.04,Credit Card,False,2.0
ORD01515,2024-04-09,CUST1949,Customer_207,18.0,Male,Mumbai,Webcam,Accessories,1,32858.56,10,29572.7,Cash on Delivery,False,1.0
ORD01516,2024-04-09,CUST6444,Unkown,21.0,Female,Hyderabad,Phone,Mobile,4,79170.38,0,316681.52,Cash on Delivery,False,3.0492738589211617
ORD01517,2024-04-10,CUST1521,Customer_91,56.0,Other,Ahmedabad,Phone,Mobile,3,65364.83,20,156875.59,Debit Card,False,3.0
ORD01518,2024-04-10,CUST7632,Customer_390,43.0,Male,Delhi,Monitor,Computers,4,10398.36,5,39513.77,Net Banking,False,2.0
ORD01519,2024-04-11,CUST7048,Customer_419,50.0,Female,Chennai,Tablet,Mobile,3,36876.69,10,99567.06,Cash on Delivery,False,1.0
ORD01520,2024-04-12,CUST1354,Customer_359,50.0,Female,Mumbai,Monitor,Computers,2,79807.32,10,143653.18,Debit Card,True,1.0
ORD01521,2024-04-12,CUST2482,Customer_38,25.0,Female,Kolkata,Headphones,Audio,1,4532.54,25,3399.4,Net Banking,False,5.0
ORD01522,2024-04-13,CUST7994,Customer_419,37.0,Male,Pune,Laptop,Computers,4,86538.07,20,276921.82,Credit Card,False,1.0
ORD01523,2024-04-13,CUST3215,Customer_228,33.0,Other,Bangalore,Mouse,Accessories,3,61219.88,15,156110.69,Debit Card,False,3.0492738589211617
ORD01524,2024-04-14,CUST5716,Customer_202,38.0,Male,Mumbai,Tablet,Mobile,5,56933.43,15,241967.08,Net Banking,False,5.0
ORD01525,2024-04-14,CUST9619,Customer_350,62.0,Male,Pune,Speaker,Audio,1,24568.17,15,20882.94,UPI,False,1.0
ORD01526,2024-04-15,CUST6821,Customer_309,43.0,Other,Ahmedabad,Headphones,Audio,2,22615.62,5,42969.68,UPI,False,2.0
ORD01527,2024-04-15,CUST3537,Customer_489,40.325388601036266,Female,Ahmedabad,Speaker,Audio,3,84801.62,20,203523.89,Cash on Delivery,False,3.0
ORD01528,2024-04-16,CUST7339,Customer_254,35.0,Male,Mumbai,Phone,Mobile,2,27054.04,20,43286.46,Net Banking,False,4.0
ORD01529,2024-04-16,CUST9736,Customer_38,48.0,Female,Kolkata,Phone,Mobile,2,69861.83,15,118765.11,UPI,False,2.0
ORD01530,2024-04-17,CUST5919,Customer_221,59.0,Female,Mumbai,Monitor,Computers,4,35562.03,15,120910.9,Cash on Delivery,False,2.0
ORD01531,2024-04-18,CUST8075,Customer_187,29.0,Other,Kolkata,Laptop,Computers,4,12790.09,25,38370.27,Debit Card,False,1.0
ORD01532,2024-04-18,CUST4765,Customer_43,18.0,Other,Mumbai,Tablet,Mobile,3,1260.16,0,3780.48,Debit Card,False,5.0
ORD01533,2024-04-19,CUST9850,Customer_359,59.0,Other,Chennai,Charger,Accessories,5,49118.88,0,245594.4,Net Banking,False,5.0
ORD01534,2024-04-19,CUST8082,Customer_114,26.0,Female,Bangalore,Headphones,Audio,3,87826.36,10,237131.17,Net Banking,False,3.0
ORD01535,2024-04-20,CUST3827,Customer_260,20.0,Female,Mumbai,Headphones,Audio,5,33410.52,10,150347.34,Net Banking,False,1.0
ORD01536,2024-04-20,CUST3058,Customer_5,43.0,Male,Pune,Monitor,Computers,2,32339.15,20,51742.64,Net Banking,False,5.0
ORD01537,2024-04-21,CUST8749,Unkown,26.0,Female,Chennai,Phone,Mobile,1,31164.02,20,24931.22,UPI,False,3.0492738589211617
ORD01538,2024-04-21,CUST1730,Customer_228,59.0,Other,Ahmedabad,Monitor,Computers,3,46991.78,5,133926.57,UPI,False,1.0
ORD01539,2024-04-22,CUST2832,Customer_123,33.0,Other,Delhi,Mouse,Accessories,3,39826.64,5,113505.92,Cash on Delivery,False,1.0
ORD01540,2024-04-23,CUST9600,Customer_173,41.0,Other,Mumbai,Tablet,Mobile,5,79227.34,0,396136.7,UPI,False,5.0
ORD01541,2024-04-23,CUST7505,Customer_336,31.0,Other,Kolkata,Laptop,Computers,2,45644.22,10,82159.6,Debit Card,False,2.0
ORD01542,2024-04-24,CUST8170,Unkown,20.0,Female,Chennai,Webcam,Accessories,2,45844.88,0,91689.76,Cash on Delivery,False,1.0
ORD01543,2024-04-24,CUST5179,Customer_462,51.0,Other,Hyderabad,Keyboard,Accessories,5,12710.93,0,63554.65,UPI,True,2.0
ORD01544,2024-04-25,CUST7299,Customer_267,50.0,Male,Delhi,Keyboard,Accessories,2,88450.74,10,159211.33,Net Banking,False,3.0
ORD01545,2024-04-25,CUST8830,Customer_157,41.0,Female,Bangalore,Monitor,Computers,4,22721.57,5,86341.97,UPI,False,3.0
ORD01546,2024-04-26,CUST5802,Customer_162,26.0,Other,Mumbai,Mouse,Accessories,1,6879.76,25,5159.82,Credit Card,False,5.0
ORD01547,2024-04-26,CUST7057,Customer_214,30.0,Male,Mumbai,Tablet,Mobile,3,59783.22,25,134512.24,Cash on Delivery,False,3.0
ORD01548,2024-04-27,CUST7615,Customer_398,19.0,Other,Chennai,Charger,Accessories,1,53703.36,25,40277.52,UPI,False,5.0
ORD01549,2024-04-27,CUST7762,Customer_376,24.0,Female,Ahmedabad,Keyboard,Accessories,3,37537.57,10,101351.44,UPI,False,5.0
ORD01550,2024-04-28,CUST6543,Customer_408,38.0,Female,Bangalore,Tablet,Mobile,4,38169.64,15,129776.78,Debit Card,False,2.0
ORD01551,2024-04-29,CUST9325,Customer_443,36.0,Male,Hyderabad,Laptop,Computers,2,70719.23,15,120222.69,Net Banking,False,2.0
ORD01552,2024-04-29,CUST5883,Customer_423,42.0,Female,Delhi,Speaker,Audio,5,17854.42,15,75881.28,Net Banking,False,3.0
ORD01553,2024-04-30,CUST8050,Customer_26,64.0,Male,Pune,Mouse,Accessories,4,73875.72,20,236402.3,Debit Card,False,2.0
ORD01554,2024-04-30,CUST5959,Customer_427,39.0,Other,Bangalore,Phone,Mobile,1,58491.62,5,55567.04,Debit Card,False,1.0
ORD01555,2024-05-01,CUST1666,Customer_292,28.0,Female,Mumbai,Tablet,Mobile,5,37880.59,5,179932.8,Credit Card,False,4.0
ORD01556,2024-05-01,CUST1276,Customer_423,50.0,Other,Chennai,Laptop,Computers,2,41384.17,20,66214.67,Cash on Delivery,False,1.0
ORD01557,2024-05-02,CUST1881,Customer_189,49.0,Other,Hyderabad,Charger,Accessories,4,23320.25,0,93281.0,Net Banking,False,1.0
ORD01558,2024-05-02,CUST3060,Unkown,38.0,Female,Chennai,Webcam,Accessories,5,67763.66,25,254113.73,Debit Card,False,5.0
ORD01559,2024-05-03,CUST3082,Customer_122,56.0,Other,Delhi,Phone,Mobile,4,46303.86,15,157433.12,Debit Card,False,4.0
ORD01560,2024-05-03,CUST7702,Customer_230,37.0,Male,Kolkata,Webcam,Accessories,4,29079.65,25,87238.95,Cash on Delivery,False,5.0
ORD01561,2024-05-04,CUST1158,Customer_59,25.0,Male,Kolkata,Charger,Accessories,2,53764.7,15,91399.99,Debit Card,False,2.0
ORD01562,2024-05-05,CUST6229,Customer_96,59.0,Male,Bangalore,Laptop,Computers,3,89616.38,25,201636.86,Credit Card,False,2.0
ORD01563,2024-05-05,CUST8956,Unkown,54.0,Female,Chennai,Keyboard,Accessories,5,39342.03,0,196710.15,Cash on Delivery,False,4.0
ORD01564,2024-05-06,CUST8514,Customer_354,26.0,Other,Pune,Webcam,Accessories,2,82885.02,25,124327.53,Credit Card,False,3.0
ORD01565,2024-05-06,CUST8803,Customer_312,42.0,Other,Pune,Phone,Mobile,4,31247.01,25,93741.03,UPI,False,2.0
ORD01566,2024-05-07,CUST3526,Customer_136,42.0,Other,Kolkata,Monitor,Computers,2,5208.52,10,9375.34,Net Banking,False,1.0
ORD01567,2024-05-07,CUST9302,Customer_350,50.0,Other,Kolkata,Headphones,Audio,3,18619.52,25,41893.92,Debit Card,False,4.0
ORD01568,2024-05-08,CUST8803,Customer_283,19.0,Male,Chennai,Tablet,Mobile,5,37855.95,10,170351.78,Cash on Delivery,False,4.0
ORD01569,2024-05-08,CUST7574,Customer_455,36.0,Female,Ahmedabad,Keyboard,Accessories,3,20000.25,5,57000.71,Credit Card,False,2.0
ORD01570,2024-05-09,CUST9733,Customer_411,63.0,Male,Mumbai,Webcam,Accessories,1,319.37,20,255.5,Net Banking,False,2.0
ORD01571,2024-05-10,CUST2138,Customer_473,37.0,Male,Chennai,Speaker,Audio,5,82374.64,25,308904.9,Net Banking,False,5.0
ORD01572,2024-05-10,CUST8257,Customer_120,59.0,Female,Hyderabad,Tablet,Mobile,3,75994.98,5,216585.69,Debit Card,False,5.0
ORD01573,2024-05-11,CUST4283,Unkown,40.325388601036266,Female,Bangalore,Monitor,Computers,4,66882.61,10,240777.4,Net Banking,False,1.0
ORD01574,2024-05-11,CUST8762,Customer_425,59.0,Male,Delhi,Charger,Accessories,5,15351.97,25,57569.89,Debit Card,False,4.0
ORD01575,2024-05-12,CUST8896,Customer_463,46.0,Other,Ahmedabad,Headphones,Audio,5,11095.61,25,41608.54,UPI,False,3.0
ORD01576,2024-05-12,CUST3419,Customer_25,23.0,Female,Pune,Laptop,Computers,2,6363.15,0,12726.3,Debit Card,False,3.0
ORD01577,2024-05-13,CUST2756,Customer_342,34.0,Female,Ahmedabad,Monitor,Computers,4,65244.42,5,247928.8,Credit Card,False,4.0
ORD01578,2024-05-13,CUST3306,Customer_146,42.0,Male,Chennai,Monitor,Computers,1,83613.07,15,71071.11,Net Banking,False,1.0
ORD01579,2024-05-14,CUST8630,Customer_12,55.0,Other,Hyderabad,Charger,Accessories,3,38918.06,15,99241.05,Net Banking,False,5.0
ORD01580,2024-05-14,CUST7263,Customer_87,21.0,Female,Ahmedabad,Mouse,Accessories,2,10985.92,0,21971.84,Net Banking,False,5.0
ORD01581,2024-05-15,CUST6008,Customer_435,47.0,Male,Kolkata,Charger,Accessories,3,46260.64,10,124903.73,Debit Card,False,5.0
ORD01582,2024-05-16,CUST6247,Customer_109,37.0,Female,Pune,Mouse,Accessories,1,31589.22,15,26850.84,Cash on Delivery,False,3.0
ORD01583,2024-05-16,CUST9914,Customer_423,20.0,Other,Ahmedabad,Mouse,Accessories,1,33920.8,15,28832.68,Debit Card,True,3.0
ORD01584,2024-05-17,CUST3570,Customer_345,40.0,Male,Pune,Keyboard,Accessories,5,56032.36,20,224129.44,Credit Card,False,1.0
ORD01585,2024-05-17,CUST6807,Customer_266,35.0,Male,Delhi,Keyboard,Accessories,1,64768.01,5,61529.61,Debit Card,False,3.0492738589211617
ORD01586,2024-05-18,CUST8812,Customer_222,43.0,Other,Pune,Phone,Mobile,3,10220.14,10,27594.38,Net Banking,False,2.0
ORD01587,2024-05-18,CUST1324,Customer_74,53.0,Male,Ahmedabad,Webcam,Accessories,4,3491.44,25,10474.32,UPI,False,3.0
ORD01588,2024-05-19,CUST8487,Customer_482,25.0,Other,Hyderabad,Webcam,Accessories,4,89490.43,5,340063.63,Credit Card,False,5.0
ORD01589,2024-05-19,CUST6645,Customer_494,34.0,Male,Pune,Laptop,Computers,5,21174.73,10,95286.28,UPI,False,1.0
ORD01590,2024-05-20,CUST2945,Customer_333,48.0,Other,Pune,Webcam,Accessories,3,5127.6,15,13075.38,Credit Card,False,4.0
ORD01591,2024-05-20,CUST5486,Customer_310,54.0,Female,Chennai,Keyboard,Accessories,3,17330.82,20,41593.97,Credit Card,False,4.0
ORD01592,2024-05-21,CUST3430,Customer_413,62.0,Female,Chennai,Phone,Mobile,1,3793.52,5,3603.84,Net Banking,False,1.0
ORD01593,2024-05-22,CUST4510,Customer_102,50.0,Female,Kolkata,Phone,Mobile,3,35444.44,15,90383.32,Debit Card,False,2.0
ORD01594,2024-05-22,CUST1845,Customer_425,44.0,Male,Bangalore,Mouse,Accessories,2,72274.44,10,130093.99,Net Banking,False,4.0
ORD01595,2024-05-23,CUST1567,Customer_493,62.0,Other,Mumbai,Charger,Accessories,1,30908.63,5,29363.2,Net Banking,True,5.0
ORD01596,2024-05-23,CUST3179,Customer_137,21.0,Other,Hyderabad,Laptop,Computers,2,40142.25,25,60213.38,Net Banking,False,4.0
ORD01597,2024-05-24,CUST3019,Customer_191,39.0,Female,Mumbai,Mouse,Accessories,5,60899.13,5,289270.87,UPI,False,4.0
ORD01598,2024-05-24,CUST4319,Customer_461,43.0,Female,Mumbai,Charger,Accessories,4,45946.8,15,156219.12,Credit Card,False,5.0
ORD01599,2024-05-25,CUST3320,Customer_421,49.0,Female,Pune,Webcam,Accessories,5,77570.68,5,368460.73,Cash on Delivery,False,3.0
ORD01600,2024-05-25,CUST2646,Customer_142,41.0,Other,Ahmedabad,Mouse,Accessories,4,77982.4,25,233947.2,Debit Card,False,2.0
ORD01601,2024-05-26,CUST4909,Unkown,63.0,Female,Kolkata,Tablet,Mobile,5,1187.99,20,4751.96,Net Banking,False,5.0
ORD01602,2024-05-26,CUST9015,Customer_73,52.0,Male,Delhi,Webcam,Accessories,3,70089.75,20,168215.4,Credit Card,False,5.0
ORD01603,2024-05-27,CUST4420,Customer_328,54.0,Female,Ahmedabad,Charger,Accessories,2,41626.8,15,70765.56,Debit Card,False,1.0
ORD01604,2024-05-28,CUST1356,Customer_167,49.0,Female,Ahmedabad,Laptop,Computers,4,88998.0,10,320392.8,Cash on Delivery,False,2.0
ORD01605,2024-05-28,CUST8485,Customer_168,24.0,Other,Delhi,Charger,Accessories,1,43644.92,15,37098.18,Cash on Delivery,False,3.0
ORD01606,2024-05-29,CUST4081,Customer_54,50.0,Male,Pune,Mouse,Accessories,2,88823.57,20,142117.71,Net Banking,False,5.0
ORD01607,2024-05-29,CUST3280,Customer_259,48.0,Other,Kolkata,Mouse,Accessories,1,67983.87,0,67983.87,Cash on Delivery,False,3.0
ORD01608,2024-05-30,CUST5131,Customer_439,29.0,Male,Hyderabad,Monitor,Computers,2,22598.86,0,45197.72,Cash on Delivery,False,5.0
ORD01609,2024-05-30,CUST6123,Customer_111,28.0,Male,Mumbai,Laptop,Computers,2,48593.03,5,92326.76,Debit Card,False,5.0
ORD01610,2024-05-31,CUST8422,Customer_232,41.0,Female,Bangalore,Speaker,Audio,5,89293.57,25,334850.89,Debit Card,True,1.0
ORD01611,2024-05-31,CUST3787,Customer_161,25.0,Female,Kolkata,Webcam,Accessories,4,77219.5,5,293434.1,Net Banking,False,4.0
ORD01612,2024-06-01,CUST5209,Customer_352,49.0,Other,Mumbai,Phone,Mobile,4,9032.81,0,36131.24,Credit Card,False,3.0492738589211617
ORD01613,2024-06-02,CUST7540,Customer_327,55.0,Other,Delhi,Laptop,Computers,2,63660.57,20,101856.91,Net Banking,False,3.0492738589211617
ORD01614,2024-06-02,CUST1465,Customer_19,39.0,Other,Mumbai,Phone,Mobile,3,31297.49,5,89197.85,UPI,False,3.0
ORD01615,2024-06-03,CUST2487,Customer_290,51.0,Male,Chennai,Laptop,Computers,3,925.31,15,2359.54,Cash on Delivery,False,5.0
ORD01616,2024-06-03,CUST5942,Customer_462,36.0,Other,Chennai,Laptop,Computers,1,36491.24,25,27368.43,Credit Card,False,5.0
ORD01617,2024-06-04,CUST5597,Customer_50,37.0,Male,Bangalore,Charger,Accessories,1,21356.47,15,18153.0,Debit Card,False,2.0
ORD01618,2024-06-04,CUST5536,Customer_175,31.0,Male,Hyderabad,Laptop,Computers,5,73751.57,25,276568.39,UPI,False,1.0
ORD01619,2024-06-05,CUST1325,Customer_302,50.0,Male,Mumbai,Monitor,Computers,2,30557.56,20,48892.1,UPI,True,1.0
ORD01620,2024-06-05,CUST5162,Customer_184,27.0,Male,Chennai,Speaker,Audio,1,74527.88,5,70801.49,Cash on Delivery,False,3.0
ORD01621,2024-06-06,CUST1303,Customer_185,33.0,Male,Hyderabad,Mouse,Accessories,1,352.64,25,264.48,Debit Card,False,1.0
ORD01622,2024-06-06,CUST6067,Customer_339,21.0,Female,Kolkata,Headphones,Audio,2,27910.38,15,47447.65,Credit Card,False,1.0
ORD01623,2024-06-07,CUST6024,Customer_307,44.0,Male,Kolkata,Phone,Mobile,5,21931.52,5,104174.72,Debit Card,False,4.0
ORD01624,2024-06-08,CUST8715,Customer_310,45.0,Male,Chennai,Mouse,Accessories,1,21249.99,5,20187.49,Cash on Delivery,False,2.0
ORD01625,2024-06-08,CUST9340,Customer_346,60.0,Female,Hyderabad,Headphones,Audio,5,6415.34,15,27265.2,UPI,False,1.0
ORD01626,2024-06-09,CUST3631,Customer_81,40.325388601036266,Female,Hyderabad,Speaker,Audio,4,17084.05,0,68336.2,Cash on Delivery,False,3.0
ORD01627,2024-06-09,CUST7391,Customer_374,50.0,Female,Chennai,Speaker,Audio,5,50131.8,25,187994.25,Net Banking,False,5.0
ORD01628,2024-06-10,CUST9287,Customer_156,36.0,Other,Pune,Phone,Mobile,3,26434.09,15,67406.93,UPI,False,1.0
ORD01629,2024-06-10,CUST3369,Unkown,38.0,Other,Delhi,Phone,Mobile,3,37739.31,20,90574.34,Cash on Delivery,False,1.0
ORD01630,2024-06-11,CUST1528,Customer_283,39.0,Male,Hyderabad,Speaker,Audio,5,34103.96,10,153467.82,Credit Card,False,5.0
ORD01631,2024-06-11,CUST5675,Customer_432,26.0,Male,Kolkata,Headphones,Audio,3,78867.67,15,201112.56,Credit Card,False,4.0
ORD01632,2024-06-12,CUST2663,Customer_249,26.0,Male,Pune,Laptop,Computers,4,81504.32,5,309716.42,Credit Card,False,2.0
ORD01633,2024-06-12,CUST4364,Customer_147,26.0,Male,Mumbai,Webcam,Accessories,2,44517.24,5,84582.76,Net Banking,False,4.0
ORD01634,2024-06-13,CUST3341,Customer_481,44.0,Female,Pune,Tablet,Mobile,3,29913.99,15,76280.67,Debit Card,False,3.0
ORD01635,2024-06-14,CUST7656,Customer_435,34.0,Other,Chennai,Mouse,Accessories,3,9879.02,10,26673.35,Credit Card,False,1.0
ORD01636,2024-06-14,CUST5905,Customer_7,61.0,Female,Pune,Charger,Accessories,5,85819.24,15,364731.77,Net Banking,False,4.0
ORD01637,2024-06-15,CUST9884,Customer_157,62.0,Other,Delhi,Mouse,Accessories,4,5701.36,10,20524.9,Credit Card,False,3.0492738589211617
ORD01638,2024-06-15,CUST6950,Customer_171,25.0,Female,Chennai,Charger,Accessories,2,26998.23,10,48596.81,Net Banking,False,3.0
ORD01639,2024-06-16,CUST2360,Customer_69,33.0,Male,Bangalore,Headphones,Audio,5,27035.54,20,108142.16,Credit Card,False,4.0
ORD01640,2024-06-16,CUST6127,Customer_94,35.0,Other,Mumbai,Charger,Accessories,5,29039.0,25,108896.25,Debit Card,False,1.0
ORD01641,2024-06-17,CUST6562,Customer_369,50.0,Male,Kolkata,Phone,Mobile,4,15035.53,5,57135.01,Cash on Delivery,False,2.0
ORD01642,2024-06-17,CUST9730,Customer_363,18.0,Other,Bangalore,Webcam,Accessories,2,70548.58,5,134042.3,Credit Card,False,1.0
ORD01643,2024-06-18,CUST6777,Customer_376,29.0,Other,Pune,Webcam,Accessories,4,11287.06,10,40633.42,Cash on Delivery,False,1.0
ORD01644,2024-06-18,CUST4925,Customer_186,23.0,Male,Hyderabad,Phone,Mobile,2,57250.13,5,108775.25,Credit Card,True,3.0
ORD01645,2024-06-19,CUST9463,Customer_392,58.0,Male,Pune,Monitor,Computers,4,11407.99,0,45631.96,Debit Card,False,2.0
ORD01646,2024-06-20,CUST9001,Customer_170,22.0,Male,Ahmedabad,Headphones,Audio,5,6626.05,10,29817.22,Cash on Delivery,False,3.0492738589211617
ORD01647,2024-06-20,CUST2028,Customer_204,33.0,Female,Kolkata,Monitor,Computers,5,81874.83,5,388905.44,Net Banking,False,3.0492738589211617
ORD01648,2024-06-21,CUST7018,Customer_42,35.0,Other,Kolkata,Monitor,Computers,1,17353.55,0,17353.55,Credit Card,False,2.0
ORD01649,2024-06-21,CUST2242,Customer_13,35.0,Other,Ahmedabad,Mouse,Accessories,3,73965.14,20,177516.34,Credit Card,False,1.0
ORD01650,2024-06-22,CUST9784,Customer_154,18.0,Other,Hyderabad,Speaker,Audio,4,49152.39,5,186779.08,Net Banking,False,4.0
ORD01651,2024-06-22,CUST8119,Customer_274,36.0,Male,Bangalore,Mouse,Accessories,1,7282.73,0,7282.73,Debit Card,False,4.0
ORD01652,2024-06-23,CUST5210,Customer_298,25.0,Other,Bangalore,Speaker,Audio,3,86002.7,15,219306.88,UPI,False,2.0
ORD01653,2024-06-23,CUST7406,Customer_51,20.0,Other,Hyderabad,Tablet,Mobile,4,22451.42,25,67354.26,Credit Card,False,3.0
ORD01654,2024-06-24,CUST4377,Customer_369,42.0,Male,Delhi,Charger,Accessories,2,77409.19,15,131595.62,Net Banking,False,5.0
ORD01655,2024-06-25,CUST5071,Customer_212,22.0,Male,Ahmedabad,Speaker,Audio,3,15441.26,0,46323.78,UPI,False,4.0
ORD01656,2024-06-25,CUST2440,Customer_144,57.0,Other,Mumbai,Phone,Mobile,5,76897.68,10,346039.56,Credit Card,False,3.0
ORD01657,2024-06-26,CUST4626,Unkown,36.0,Female,Chennai,Mouse,Accessories,1,1485.62,10,1337.06,Cash on Delivery,False,5.0
ORD01658,2024-06-26,CUST1184,Customer_3,35.0,Male,Ahmedabad,Headphones,Audio,3,46205.71,5,131686.27,Net Banking,False,4.0
ORD01659,2024-06-27,CUST5996,Customer_254,48.0,Female,Bangalore,Charger,Accessories,3,69318.0,15,176760.9,Cash on Delivery,False,5.0
ORD01660,2024-06-27,CUST9412,Customer_475,50.0,Female,Mumbai,Tablet,Mobile,5,84150.16,10,378675.72,Debit Card,False,1.0
ORD01661,2024-06-28,CUST9031,Customer_335,64.0,Female,Chennai,Speaker,Audio,4,81854.43,10,294675.95,UPI,True,2.0
ORD01662,2024-06-28,CUST6563,Customer_256,35.0,Female,Pune,Tablet,Mobile,2,73819.35,15,125492.9,Net Banking,False,4.0
ORD01663,2024-06-29,CUST4188,Customer_98,56.0,Male,Chennai,Headphones,Audio,5,79969.76,20,319879.04,Credit Card,False,4.0
ORD01664,2024-06-29,CUST3945,Customer_173,33.0,Other,Bangalore,Monitor,Computers,2,18169.01,10,32704.22,Credit Card,False,1.0
ORD01665,2024-06-30,CUST7765,Customer_150,33.0,Other,Delhi,Webcam,Accessories,4,25790.33,25,77370.99,UPI,False,4.0
ORD01666,2024-07-01,CUST3474,Customer_488,64.0,Male,Delhi,Headphones,Audio,3,26219.48,0,78658.44,Cash on Delivery,False,4.0
ORD01667,2024-07-01,CUST7787,Customer_279,55.0,Male,Mumbai,Keyboard,Accessories,2,34120.74,5,64829.41,Cash on Delivery,False,4.0
ORD01668,2024-07-02,CUST9792,Customer_59,58.0,Female,Pune,Headphones,Audio,1,35579.86,10,32021.87,Net Banking,True,4.0
ORD01669,2024-07-02,CUST5599,Customer_446,24.0,Female,Mumbai,Tablet,Mobile,1,49145.61,25,36859.21,Net Banking,False,4.0
ORD01670,2024-07-03,CUST7274,Customer_113,31.0,Male,Hyderabad,Phone,Mobile,5,14640.21,25,54900.79,Cash on Delivery,False,3.0
ORD01671,2024-07-03,CUST5313,Customer_324,60.0,Other,Delhi,Mouse,Accessories,4,62303.83,10,224293.79,Net Banking,False,4.0
ORD01672,2024-07-04,CUST3218,Customer_243,42.0,Female,Mumbai,Phone,Mobile,5,15329.72,20,61318.88,Cash on Delivery,False,1.0
ORD01673,2024-07-04,CUST2152,Customer_310,49.0,Male,Hyderabad,Tablet,Mobile,5,28133.67,0,140668.35,UPI,False,4.0
ORD01674,2024-07-05,CUST1056,Customer_57,40.325388601036266,Male,Pune,Mouse,Accessories,5,45449.06,5,215883.03,Net Banking,False,5.0
ORD01675,2024-07-05,CUST1143,Customer_489,39.0,Male,Kolkata,Keyboard,Accessories,1,71739.72,10,64565.75,Cash on Delivery,False,5.0
ORD01676,2024-07-06,CUST8218,Customer_407,33.0,Female,Chennai,Webcam,Accessories,1,66629.39,5,63297.92,Net Banking,False,1.0
ORD01677,2024-07-07,CUST9559,Customer_367,46.0,Male,Mumbai,Charger,Accessories,5,58203.43,15,247364.58,Credit Card,False,3.0
ORD01678,2024-07-07,CUST7361,Customer_60,33.0,Other,Hyderabad,Tablet,Mobile,1,14271.86,25,10703.9,Credit Card,True,1.0
ORD01679,2024-07-08,CUST1615,Customer_329,29.0,Male,Delhi,Speaker,Audio,4,49368.97,25,148106.91,Debit Card,False,3.0
ORD01680,2024-07-08,CUST9062,Customer_216,34.0,Female,Ahmedabad,Tablet,Mobile,5,8142.95,10,36643.28,Cash on Delivery,False,2.0
ORD01681,2024-07-09,CUST6977,Customer_469,54.0,Other,Chennai,Tablet,Mobile,1,34148.48,10,30733.63,Debit Card,False,5.0
ORD01682,2024-07-09,CUST7984,Customer_233,44.0,Other,Mumbai,Mouse,Accessories,2,37391.43,15,63565.43,Cash on Delivery,False,5.0
ORD01683,2024-07-10,CUST9890,Customer_494,42.0,Male,Delhi,Laptop,Computers,5,3870.09,20,15480.36,Net Banking,False,3.0492738589211617
ORD01684,2024-07-10,CUST5971,Customer_55,30.0,Male,Kolkata,Headphones,Audio,5,24875.73,10,111940.78,Cash on Delivery,False,3.0492738589211617
ORD01685,2024-07-11,CUST6781,Customer_373,25.0,Other,Chennai,Laptop,Computers,4,86020.76,25,258062.28,Credit Card,False,1.0
ORD01686,2024-07-11,CUST1944,Customer_208,22.0,Male,Bangalore,Keyboard,Accessories,3,85839.84,5,244643.54,Net Banking,False,3.0
ORD01687,2024-07-12,CUST8078,Customer_63,29.0,Female,Delhi,Speaker,Audio,3,31902.74,0,95708.22,Credit Card,False,3.0492738589211617
ORD01688,2024-07-13,CUST2746,Customer_184,58.0,Other,Bangalore,Webcam,Accessories,4,4165.08,5,15827.3,Net Banking,True,5.0
ORD01689,2024-07-13,CUST6783,Customer_311,20.0,Male,Pune,Monitor,Computers,4,16363.82,20,52364.22,Cash on Delivery,False,5.0
ORD01690,2024-07-14,CUST7907,Customer_281,52.0,Other,Mumbai,Keyboard,Accessories,4,35480.94,0,141923.76,Cash on Delivery,False,5.0
ORD01691,2024-07-14,CUST9625,Customer_26,50.0,Male,Kolkata,Monitor,Computers,3,85314.84,5,243147.29,Credit Card,False,2.0
ORD01692,2024-07-15,CUST3926,Customer_177,39.0,Male,Hyderabad,Monitor,Computers,4,12964.56,5,49265.33,UPI,False,5.0
ORD01693,2024-07-15,CUST2089,Customer_63,61.0,Female,Mumbai,Webcam,Accessories,1,68786.37,15,58468.41,Cash on Delivery,False,3.0
ORD01694,2024-07-16,CUST3957,Customer_429,26.0,Male,Delhi,Phone,Mobile,5,10047.82,20,40191.28,UPI,False,5.0
ORD01695,2024-07-16,CUST3612,Customer_73,58.0,Male,Bangalore,Laptop,Computers,5,88317.8,25,331191.75,Net Banking,False,4.0
ORD01696,2024-07-17,CUST7047,Customer_335,35.0,Male,Ahmedabad,Tablet,Mobile,2,34530.0,15,58701.0,UPI,False,2.0
ORD01697,2024-07-18,CUST7249,Customer_167,46.0,Female,Bangalore,Charger,Accessories,2,69837.54,0,139675.08,Credit Card,False,5.0
ORD01698,2024-07-18,CUST4759,Customer_225,56.0,Male,Chennai,Monitor,Computers,5,31029.42,25,116360.32,Debit Card,False,4.0
ORD01699,2024-07-19,CUST8718,Customer_65,44.0,Male,Mumbai,Speaker,Audio,1,56600.9,15,48110.76,Debit Card,False,3.0
ORD01700,2024-07-19,CUST5263,Customer_69,53.0,Male,Mumbai,Keyboard,Accessories,3,17522.84,20,42054.82,Credit Card,False,2.0
ORD01701,2024-07-20,CUST2902,Customer_440,62.0,Other,Delhi,Phone,Mobile,3,13397.09,10,36172.14,Debit Card,False,5.0
ORD01702,2024-07-20,CUST3567,Customer_9,34.0,Female,Ahmedabad,Monitor,Computers,1,84443.35,10,75999.02,Credit Card,True,3.0
ORD01703,2024-07-21,CUST9075,Customer_236,51.0,Other,Bangalore,Phone,Mobile,3,82611.96,0,247835.88,Cash on Delivery,False,4.0
ORD01704,2024-07-21,CUST3994,Customer_198,63.0,Female,Delhi,Phone,Mobile,4,79904.96,10,287657.86,UPI,False,2.0
ORD01705,2024-07-22,CUST6229,Customer_412,20.0,Female,Delhi,Monitor,Computers,5,56400.38,15,239701.61,Debit Card,False,5.0
ORD01706,2024-07-22,CUST3010,Customer_173,40.325388601036266,Other,Pune,Mouse,Accessories,5,72800.66,0,364003.3,Cash on Delivery,False,3.0
ORD01707,2024-07-23,CUST8377,Customer_282,31.0,Female,Bangalore,Headphones,Audio,1,6491.61,25,4868.71,Debit Card,True,2.0
ORD01708,2024-07-24,CUST1830,Customer_28,20.0,Female,Delhi,Speaker,Audio,3,30329.58,20,72790.99,Net Banking,False,4.0
ORD01709,2024-07-24,CUST1048,Customer_296,40.0,Other,Bangalore,Tablet,Mobile,2,28438.17,0,56876.34,Credit Card,False,5.0
ORD01710,2024-07-25,CUST5210,Customer_399,56.0,Male,Delhi,Tablet,Mobile,2,57316.39,25,85974.58,Credit Card,False,2.0
ORD01711,2024-07-25,CUST2178,Customer_134,47.0,Female,Ahmedabad,Speaker,Audio,3,32228.41,0,96685.23,Cash on Delivery,False,4.0
ORD01712,2024-07-26,CUST6768,Customer_27,62.0,Other,Hyderabad,Mouse,Accessories,2,13620.06,5,25878.11,Net Banking,True,4.0
ORD01713,2024-07-26,CUST8878,Customer_38,40.0,Female,Ahmedabad,Tablet,Mobile,1,53802.1,5,51112.0,UPI,False,3.0
ORD01714,2024-07-27,CUST1070,Customer_196,44.0,Other,Ahmedabad,Phone,Mobile,1,73349.24,0,73349.24,Net Banking,False,4.0
ORD01715,2024-07-27,CUST8686,Customer_203,27.0,Male,Delhi,Webcam,Accessories,3,34575.48,10,93353.8,Net Banking,False,4.0
ORD01716,2024-07-28,CUST8879,Customer_85,42.0,Female,Ahmedabad,Keyboard,Accessories,2,12163.5,5,23110.65,UPI,True,1.0
ORD01717,2024-07-28,CUST6455,Customer_320,30.0,Male,Ahmedabad,Laptop,Computers,1,17941.93,20,14353.54,UPI,False,4.0
ORD01718,2024-07-29,CUST9258,Customer_30,33.0,Male,Ahmedabad,Tablet,Mobile,1,21601.25,25,16200.94,Net Banking,False,5.0
ORD01719,2024-07-30,CUST6612,Customer_466,58.0,Other,Delhi,Speaker,Audio,4,27199.81,15,92479.35,Debit Card,False,2.0
ORD01720,2024-07-30,CUST6769,Customer_99,51.0,Female,Kolkata,Webcam,Accessories,4,57957.72,5,220239.34,Debit Card,False,5.0
ORD01721,2024-07-31,CUST2777,Customer_387,54.0,Female,Hyderabad,Monitor,Computers,1,54203.81,0,54203.81,Net Banking,False,5.0
ORD01722,2024-07-31,CUST8380,Customer_190,39.0,Female,Mumbai,Headphones,Audio,3,62737.36,10,169390.87,Debit Card,False,3.0
ORD01723,2024-08-01,CUST3228,Customer_12,40.325388601036266,Female,Bangalore,Speaker,Audio,5,32815.43,15,139465.58,UPI,False,1.0
ORD01724,2024-08-01,CUST9804,Customer_91,40.0,Female,Kolkata,Phone,Mobile,5,74211.59,25,278293.46,UPI,False,1.0
ORD01725,2024-08-02,CUST9888,Customer_30,53.0,Other,Chennai,Headphones,Audio,1,18605.66,25,13954.24,Debit Card,False,5.0
ORD01726,2024-08-02,CUST7746,Customer_213,26.0,Female,Hyderabad,Keyboard,Accessories,1,42371.96,5,40253.36,UPI,False,2.0
ORD01727,2024-08-03,CUST7391,Customer_38,19.0,Male,Kolkata,Keyboard,Accessories,1,72143.2,25,54107.4,Credit Card,False,1.0
ORD01728,2024-08-04,CUST3406,Customer_341,49.0,Male,Ahmedabad,Mouse,Accessories,3,16459.23,25,37033.27,UPI,False,1.0
ORD01729,2024-08-04,CUST9440,Customer_60,39.0,Female,Mumbai,Charger,Accessories,4,10153.72,10,36553.39,Net Banking,False,5.0
ORD01730,2024-08-05,CUST1637,Customer_294,60.0,Other,Delhi,Mouse,Accessories,1,79565.45,10,71608.9,Cash on Delivery,False,1.0
ORD01731,2024-08-05,CUST9090,Customer_360,30.0,Other,Pune,Webcam,Accessories,1,31059.79,10,27953.81,Debit Card,False,3.0
ORD01732,2024-08-06,CUST1949,Customer_143,25.0,Female,Mumbai,Headphones,Audio,2,61642.15,0,123284.3,Debit Card,False,5.0
ORD01733,2024-08-06,CUST4587,Customer_402,18.0,Male,Hyderabad,Charger,Accessories,3,2572.77,25,5788.73,UPI,False,1.0
ORD01734,2024-08-07,CUST2111,Customer_180,34.0,Female,Pune,Monitor,Computers,1,62196.21,25,46647.16,UPI,False,1.0
ORD01735,2024-08-07,CUST9367,Customer_285,29.0,Female,Delhi,Phone,Mobile,2,28653.29,25,42979.94,Cash on Delivery,False,1.0
ORD01736,2024-08-08,CUST1722,Customer_112,21.0,Female,Mumbai,Headphones,Audio,5,5298.95,20,21195.8,Cash on Delivery,False,5.0
ORD01737,2024-08-08,CUST4842,Customer_230,30.0,Other,Chennai,Mouse,Accessories,1,54999.2,10,49499.28,Net Banking,False,2.0
ORD01738,2024-08-09,CUST4674,Customer_444,48.0,Other,Bangalore,Laptop,Computers,1,21899.1,15,18614.23,Credit Card,False,3.0492738589211617
ORD01739,2024-08-10,CUST5866,Customer_21,58.0,Male,Bangalore,Charger,Accessories,2,34995.61,5,66491.66,Net Banking,False,1.0
ORD01740,2024-08-10,CUST1702,Customer_145,24.0,Male,Hyderabad,Charger,Accessories,3,7527.1,15,19194.11,Debit Card,False,4.0
ORD01741,2024-08-11,CUST3128,Customer_489,40.0,Female,Kolkata,Phone,Mobile,1,13499.54,0,13499.54,UPI,False,3.0492738589211617
ORD01742,2024-08-11,CUST5233,Customer_499,41.0,Male,Delhi,Tablet,Mobile,5,27027.56,0,135137.8,Net Banking,False,1.0
ORD01743,2024-08-12,CUST3517,Customer_146,22.0,Female,Delhi,Keyboard,Accessories,1,8350.43,25,6262.82,UPI,True,1.0
ORD01744,2024-08-12,CUST2149,Customer_441,22.0,Male,Bangalore,Keyboard,Accessories,5,82000.12,15,348500.51,UPI,False,4.0
ORD01745,2024-08-13,CUST2878,Customer_375,34.0,Female,Mumbai,Laptop,Computers,4,841.42,25,2524.26,Net Banking,False,2.0
ORD01746,2024-08-13,CUST1309,Customer_421,47.0,Other,Delhi,Webcam,Accessories,4,43701.26,20,139844.03,Net Banking,False,4.0
ORD01747,2024-08-14,CUST4952,Customer_316,26.0,Female,Chennai,Webcam,Accessories,5,11354.3,0,56771.5,Cash on Delivery,False,2.0
ORD01748,2024-08-14,CUST8728,Customer_166,23.0,Other,Chennai,Monitor,Computers,3,27897.81,0,83693.43,Credit Card,False,3.0
ORD01749,2024-08-15,CUST4049,Customer_140,42.0,Other,Delhi,Headphones,Audio,1,83366.54,15,70861.56,Cash on Delivery,False,2.0
ORD01750,2024-08-16,CUST6766,Customer_203,36.0,Male,Delhi,Speaker,Audio,1,14803.0,0,14803.0,Credit Card,False,5.0
ORD01751,2024-08-16,CUST7412,Customer_496,33.0,Male,Bangalore,Tablet,Mobile,4,86934.16,20,278189.31,Net Banking,False,1.0
ORD01752,2024-08-17,CUST5865,Customer_244,38.0,Other,Hyderabad,Mouse,Accessories,5,18758.76,20,75035.04,Credit Card,False,3.0
ORD01753,2024-08-17,CUST1015,Customer_113,19.0,Female,Bangalore,Speaker,Audio,1,66817.48,20,53453.98,Debit Card,False,4.0
ORD01754,2024-08-18,CUST1605,Customer_468,27.0,Female,Hyderabad,Speaker,Audio,1,49335.95,5,46869.15,Cash on Delivery,False,3.0492738589211617
ORD01755,2024-08-18,CUST5908,Customer_201,33.0,Male,Ahmedabad,Charger,Accessories,3,79636.74,20,191128.18,Cash on Delivery,False,3.0
ORD01756,2024-08-19,CUST9006,Customer_385,54.0,Female,Chennai,Laptop,Computers,2,49992.2,20,79987.52,Cash on Delivery,False,5.0
ORD01757,2024-08-19,CUST7412,Customer_314,32.0,Female,Hyderabad,Keyboard,Accessories,4,48248.96,5,183346.05,UPI,False,3.0492738589211617
ORD01758,2024-08-20,CUST9605,Customer_259,30.0,Female,Bangalore,Monitor,Computers,4,17831.58,25,53494.74,UPI,False,4.0
ORD01759,2024-08-20,CUST5120,Unkown,30.0,Other,Delhi,Webcam,Accessories,2,15209.77,10,27377.59,Net Banking,False,4.0
ORD01760,2024-08-21,CUST9507,Customer_447,49.0,Other,Hyderabad,Laptop,Computers,1,82508.08,0,82508.08,Net Banking,False,2.0
ORD01761,2024-08-22,CUST5666,Customer_405,62.0,Female,Bangalore,Charger,Accessories,3,29706.09,20,71294.62,UPI,False,5.0
ORD01762,2024-08-22,CUST5820,Customer_23,64.0,Male,Chennai,Mouse,Accessories,3,33674.78,0,101024.34,Cash on Delivery,False,1.0
ORD01763,2024-08-23,CUST8835,Customer_393,63.0,Female,Pune,Monitor,Computers,4,68455.18,15,232747.61,UPI,False,1.0
ORD01764,2024-08-23,CUST2849,Customer_246,25.0,Male,Ahmedabad,Charger,Accessories,3,30691.47,0,92074.41,Credit Card,False,4.0
ORD01765,2024-08-24,CUST2953,Customer_339,60.0,Other,Hyderabad,Keyboard,Accessories,2,85699.0,25,128548.5,Cash on Delivery,False,5.0
ORD01766,2024-08-24,CUST9580,Customer_493,35.0,Female,Chennai,Keyboard,Accessories,1,66491.12,5,63166.56,UPI,False,4.0
ORD01767,2024-08-25,CUST3769,Customer_311,53.0,Female,Chennai,Keyboard,Accessories,2,53888.4,0,107776.8,Net Banking,False,1.0
ORD01768,2024-08-25,CUST4046,Customer_366,43.0,Male,Mumbai,Laptop,Computers,5,79315.3,0,396576.5,UPI,False,4.0
ORD01769,2024-08-26,CUST8594,Customer_372,27.0,Male,Pune,Laptop,Computers,4,4748.65,0,18994.6,Debit Card,False,2.0
ORD01770,2024-08-27,CUST7840,Customer_403,48.0,Female,Hyderabad,Webcam,Accessories,3,23357.52,10,63065.3,UPI,False,2.0
ORD01771,2024-08-27,CUST6066,Customer_318,50.0,Female,Bangalore,Webcam,Accessories,5,42012.76,10,189057.42,Cash on Delivery,True,5.0
ORD01772,2024-08-28,CUST3415,Customer_87,40.325388601036266,Male,Hyderabad,Mouse,Accessories,3,20658.97,15,52680.37,UPI,True,1.0
ORD01773,2024-08-28,CUST3389,Customer_219,22.0,Other,Hyderabad,Monitor,Computers,1,67027.3,5,63675.94,Net Banking,False,5.0
ORD01774,2024-08-29,CUST6924,Customer_475,30.0,Male,Pune,Phone,Mobile,1,82751.96,0,82751.96,Credit Card,False,5.0
ORD01775,2024-08-29,CUST9495,Customer_423,18.0,Female,Kolkata,Phone,Mobile,1,38311.18,0,38311.18,Debit Card,False,1.0
ORD01776,2024-08-30,CUST1763,Customer_356,40.0,Other,Chennai,Charger,Accessories,3,30988.29,0,92964.87,Cash on Delivery,False,3.0
ORD01777,2024-08-30,CUST8541,Unkown,57.0,Other,Chennai,Keyboard,Accessories,5,86550.1,0,432750.5,Net Banking,False,3.0492738589211617
ORD01778,2024-08-31,CUST1815,Customer_27,20.0,Other,Chennai,Monitor,Computers,1,40202.26,10,36182.03,Debit Card,False,4.0
ORD01779,2024-08-31,CUST7255,Customer_430,20.0,Other,Chennai,Speaker,Audio,5,44166.64,25,165624.9,UPI,False,3.0
ORD01780,2024-09-01,CUST1877,Customer_290,24.0,Female,Pune,Laptop,Computers,3,31841.99,25,71644.48,Debit Card,False,2.0
ORD01781,2024-09-02,CUST8173,Customer_289,53.0,Other,Bangalore,Headphones,Audio,5,81885.5,15,348013.38,Credit Card,False,5.0
ORD01782,2024-09-02,CUST8073,Customer_348,52.0,Male,Delhi,Tablet,Mobile,3,51334.31,20,123202.34,Debit Card,False,4.0
ORD01783,2024-09-03,CUST5798,Customer_223,32.0,Male,Mumbai,Mouse,Accessories,3,68666.06,5,195698.27,Debit Card,False,5.0
ORD01784,2024-09-03,CUST7989,Customer_352,57.0,Male,Kolkata,Keyboard,Accessories,4,73118.06,25,219354.18,UPI,False,1.0
ORD01785,2024-09-04,CUST6039,Customer_178,20.0,Female,Kolkata,Keyboard,Accessories,3,30962.86,0,92888.58,UPI,False,3.0
ORD01786,2024-09-04,CUST7324,Customer_148,46.0,Other,Ahmedabad,Keyboard,Accessories,3,39201.38,25,88203.1,Cash on Delivery,False,1.0
ORD01787,2024-09-05,CUST3823,Customer_424,47.0,Male,Chennai,Laptop,Computers,2,76406.92,15,129891.76,UPI,False,4.0
ORD01788,2024-09-05,CUST6287,Customer_227,56.0,Male,Ahmedabad,Laptop,Computers,1,32883.01,20,26306.41,Debit Card,False,2.0
ORD01789,2024-09-06,CUST4285,Customer_351,35.0,Male,Chennai,Tablet,Mobile,4,71514.98,25,214544.94,Credit Card,False,3.0
ORD01790,2024-09-06,CUST8433,Customer_186,28.0,Other,Mumbai,Speaker,Audio,4,84706.01,15,288000.43,UPI,False,1.0
ORD01791,2024-09-07,CUST7174,Customer_415,60.0,Male,Chennai,Monitor,Computers,4,56200.97,10,202323.49,Cash on Delivery,False,3.0
ORD01792,2024-09-08,CUST5826,Customer_294,55.0,Other,Delhi,Keyboard,Accessories,2,66822.97,20,106916.75,Cash on Delivery,False,5.0
ORD01793,2024-09-08,CUST4664,Customer_470,57.0,Other,Kolkata,Phone,Mobile,3,72516.23,15,184916.39,Debit Card,False,2.0
ORD01794,2024-09-09,CUST1497,Customer_429,18.0,Other,Hyderabad,Webcam,Accessories,1,76099.06,25,57074.3,UPI,False,3.0
ORD01795,2024-09-09,CUST8641,Customer_41,46.0,Female,Mumbai,Phone,Mobile,5,35735.28,10,160808.76,UPI,False,2.0
ORD01796,2024-09-10,CUST5643,Customer_393,27.0,Female,Kolkata,Charger,Accessories,3,4897.33,15,12488.19,Cash on Delivery,True,5.0
ORD01797,2024-09-10,CUST6056,Customer_393,45.0,Other,Bangalore,Phone,Mobile,2,36347.3,15,61790.41,UPI,False,5.0
ORD01798,2024-09-11,CUST1131,Unkown,48.0,Other,Kolkata,Charger,Accessories,3,60734.93,25,136653.59,Debit Card,False,1.0
ORD01799,2024-09-11,CUST6443,Customer_79,36.0,Female,Mumbai,Headphones,Audio,3,40695.43,20,97669.03,Credit Card,False,4.0
ORD01800,2024-09-12,CUST1857,Customer_205,20.0,Female,Delhi,Webcam,Accessories,2,67480.99,10,121465.78,Debit Card,False,1.0
ORD01801,2024-09-12,CUST9712,Customer_384,53.0,Other,Pune,Phone,Mobile,4,32320.32,0,129281.28,UPI,False,2.0
ORD01802,2024-09-13,CUST9221,Customer_278,60.0,Female,Bangalore,Headphones,Audio,4,57235.55,5,217495.09,Debit Card,False,1.0
ORD01803,2024-09-14,CUST7147,Customer_272,32.0,Male,Hyderabad,Mouse,Accessories,1,17020.86,20,13616.69,Net Banking,False,3.0
ORD01804,2024-09-14,CUST5604,Unkown,50.0,Other,Chennai,Monitor,Computers,1,67517.44,10,60765.7,Net Banking,False,1.0
ORD01805,2024-09-15,CUST2558,Customer_450,58.0,Other,Mumbai,Headphones,Audio,4,49247.93,15,167442.96,UPI,False,4.0
ORD01806,2024-09-15,CUST1015,Customer_474,60.0,Female,Bangalore,Monitor,Computers,5,18603.58,10,83716.11,UPI,False,4.0
ORD01807,2024-09-16,CUST4605,Customer_142,62.0,Male,Mumbai,Phone,Mobile,3,26483.43,5,75477.78,Credit Card,False,2.0
ORD01808,2024-09-16,CUST2607,Unkown,43.0,Female,Hyderabad,Speaker,Audio,5,67449.2,25,252934.5,Debit Card,False,5.0
ORD01809,2024-09-17,CUST6935,Unkown,33.0,Male,Mumbai,Headphones,Audio,3,43588.33,5,124226.74,Credit Card,False,4.0
ORD01810,2024-09-17,CUST3016,Customer_98,53.0,Male,Ahmedabad,Webcam,Accessories,4,19677.02,0,78708.08,UPI,True,2.0
ORD01811,2024-09-18,CUST4574,Customer_136,50.0,Other,Kolkata,Phone,Mobile,1,87063.23,0,87063.23,UPI,False,4.0
ORD01812,2024-09-19,CUST8274,Customer_484,37.0,Male,Kolkata,Keyboard,Accessories,1,64445.71,5,61223.42,Cash on Delivery,False,4.0
ORD01813,2024-09-19,CUST4791,Customer_277,30.0,Other,Bangalore,Laptop,Computers,5,86153.99,20,344615.96,Credit Card,True,5.0
ORD01814,2024-09-20,CUST7406,Customer_312,50.0,Male,Delhi,Headphones,Audio,1,38610.32,20,30888.26,UPI,False,3.0
ORD01815,2024-09-20,CUST2088,Customer_302,22.0,Other,Pune,Webcam,Accessories,4,42915.5,15,145912.7,Net Banking,False,2.0
ORD01816,2024-09-21,CUST2361,Customer_43,54.0,Male,Bangalore,Mouse,Accessories,5,80845.58,0,404227.9,Cash on Delivery,False,4.0
ORD01817,2024-09-21,CUST5473,Customer_120,31.0,Female,Mumbai,Keyboard,Accessories,3,47395.93,15,120859.62,Debit Card,False,4.0
ORD01818,2024-09-22,CUST6294,Customer_220,44.0,Male,Hyderabad,Mouse,Accessories,1,63741.92,0,63741.92,Cash on Delivery,False,1.0
ORD01819,2024-09-22,CUST8106,Customer_46,40.0,Female,Kolkata,Phone,Mobile,2,22918.91,5,43545.93,Debit Card,False,3.0
ORD01820,2024-09-23,CUST8319,Customer_236,31.0,Male,Chennai,Laptop,Computers,1,40370.36,20,32296.29,Net Banking,False,5.0
ORD01821,2024-09-23,CUST9667,Customer_48,57.0,Male,Chennai,Headphones,Audio,3,11372.45,20,27293.88,Debit Card,False,3.0492738589211617
ORD01822,2024-09-24,CUST9520,Customer_198,21.0,Other,Hyderabad,Headphones,Audio,5,18775.41,5,89183.2,Credit Card,True,4.0
ORD01823,2024-09-25,CUST2186,Customer_84,56.0,Male,Mumbai,Speaker,Audio,3,383.62,15,978.23,Debit Card,False,2.0
ORD01824,2024-09-25,CUST4414,Customer_31,36.0,Male,Pune,Speaker,Audio,2,3821.08,15,6495.84,Debit Card,False,5.0
ORD01825,2024-09-26,CUST6486,Customer_161,64.0,Male,Ahmedabad,Phone,Mobile,4,87961.36,10,316660.9,Cash on Delivery,False,3.0
ORD01826,2024-09-26,CUST4536,Customer_428,21.0,Female,Hyderabad,Phone,Mobile,1,22038.13,0,22038.13,Net Banking,False,1.0
ORD01827,2024-09-27,CUST2773,Customer_71,47.0,Other,Mumbai,Laptop,Computers,5,59797.97,15,254141.37,Debit Card,False,3.0
ORD01828,2024-09-27,CUST6415,Customer_8,36.0,Other,Bangalore,Speaker,Audio,4,75566.24,5,287151.71,Credit Card,False,1.0
ORD01829,2024-09-28,CUST3558,Customer_457,48.0,Male,Pune,Webcam,Accessories,3,49693.24,15,126717.76,Cash on Delivery,False,2.0
ORD01830,2024-09-28,CUST6907,Customer_386,40.325388601036266,Male,Ahmedabad,Webcam,Accessories,5,14036.06,20,56144.24,Net Banking,False,3.0
ORD01831,2024-09-29,CUST6079,Customer_401,26.0,Female,Ahmedabad,Laptop,Computers,4,65611.04,0,262444.16,Net Banking,False,3.0
ORD01832,2024-09-29,CUST7724,Customer_52,30.0,Male,Delhi,Webcam,Accessories,5,54141.55,25,203030.81,UPI,False,3.0
ORD01833,2024-09-30,CUST6420,Customer_45,31.0,Other,Mumbai,Charger,Accessories,2,65892.18,10,118605.92,Credit Card,False,5.0
ORD01834,2024-10-01,CUST4291,Customer_293,63.0,Other,Ahmedabad,Monitor,Computers,2,69345.27,0,138690.54,Cash on Delivery,False,2.0
ORD01835,2024-10-01,CUST4524,Customer_426,27.0,Female,Chennai,Laptop,Computers,1,87793.31,20,70234.65,Cash on Delivery,False,1.0
ORD01836,2024-10-02,CUST4504,Customer_300,48.0,Female,Chennai,Laptop,Computers,1,51747.63,20,41398.1,Credit Card,False,3.0492738589211617
ORD01837,2024-10-02,CUST9998,Customer_465,54.0,Other,Kolkata,Tablet,Mobile,2,30944.21,20,49510.74,Net Banking,False,2.0
ORD01838,2024-10-03,CUST6989,Customer_373,40.0,Female,Pune,Keyboard,Accessories,5,58466.27,20,233865.08,Debit Card,False,5.0
ORD01839,2024-10-03,CUST3666,Customer_38,44.0,Male,Ahmedabad,Keyboard,Accessories,2,6438.13,5,12232.45,Credit Card,True,5.0
ORD01840,2024-10-04,CUST9596,Customer_355,23.0,Male,Delhi,Charger,Accessories,1,80795.54,10,72715.99,Cash on Delivery,False,2.0
ORD01841,2024-10-04,CUST8140,Customer_380,43.0,Female,Mumbai,Speaker,Audio,2,11007.48,25,16511.22,Credit Card,False,1.0
ORD01842,2024-10-05,CUST9785,Customer_495,19.0,Other,Delhi,Phone,Mobile,2,29706.5,20,47530.4,Net Banking,False,2.0
ORD01843,2024-10-05,CUST7895,Customer_231,62.0,Female,Kolkata,Phone,Mobile,5,73471.36,20,293885.44,UPI,False,2.0
ORD01844,2024-10-06,CUST5107,Customer_478,30.0,Other,Bangalore,Mouse,Accessories,4,53877.92,15,183184.93,UPI,False,4.0
ORD01845,2024-10-07,CUST4280,Customer_262,36.0,Female,Delhi,Charger,Accessories,1,35608.11,10,32047.3,Debit Card,False,5.0
ORD01846,2024-10-07,CUST3212,Customer_68,40.325388601036266,Female,Bangalore,Laptop,Computers,5,42766.18,0,213830.9,Debit Card,False,1.0
ORD01847,2024-10-08,CUST9078,Customer_179,57.0,Female,Chennai,Charger,Accessories,2,76951.9,10,138513.42,Net Banking,False,4.0
ORD01848,2024-10-08,CUST8601,Customer_357,49.0,Male,Bangalore,Charger,Accessories,2,30797.39,10,55435.3,Debit Card,False,2.0
ORD01849,2024-10-09,CUST1613,Customer_419,39.0,Male,Mumbai,Charger,Accessories,4,78306.58,25,234919.74,UPI,False,5.0
ORD01850,2024-10-09,CUST1868,Customer_186,46.0,Other,Pune,Keyboard,Accessories,1,8204.66,10,7384.19,Net Banking,False,4.0
ORD01851,2024-10-10,CUST1811,Unkown,40.325388601036266,Female,Pune,Charger,Accessories,1,69977.82,25,52483.37,Net Banking,False,4.0
ORD01852,2024-10-10,CUST5862,Customer_201,57.0,Male,Mumbai,Monitor,Computers,3,76324.02,20,183177.65,Net Banking,False,1.0
ORD01853,2024-10-11,CUST5177,Customer_390,55.0,Female,Mumbai,Phone,Mobile,1,16608.04,20,13286.43,Credit Card,False,2.0
ORD01854,2024-10-12,CUST2744,Customer_13,28.0,Other,Mumbai,Mouse,Accessories,4,38901.08,5,147824.1,Debit Card,True,1.0
ORD01855,2024-10-12,CUST3256,Customer_443,34.0,Male,Hyderabad,Monitor,Computers,3,15144.33,25,34074.74,Cash on Delivery,False,4.0
ORD01856,2024-10-13,CUST8612,Customer_214,60.0,Other,Ahmedabad,Mouse,Accessories,3,63681.39,25,143283.13,UPI,False,4.0
ORD01857,2024-10-13,CUST9713,Customer_220,25.0,Male,Kolkata,Tablet,Mobile,2,48319.69,0,96639.38,Debit Card,False,1.0
ORD01858,2024-10-14,CUST8196,Customer_286,39.0,Female,Bangalore,Mouse,Accessories,2,57287.5,15,97388.75,UPI,True,4.0
ORD01859,2024-10-14,CUST6423,Customer_244,21.0,Other,Ahmedabad,Phone,Mobile,1,17923.88,10,16131.49,Debit Card,False,3.0
ORD01860,2024-10-15,CUST6089,Customer_356,28.0,Male,Mumbai,Phone,Mobile,3,19292.6,0,57877.8,Cash on Delivery,True,5.0
ORD01861,2024-10-15,CUST7608,Customer_258,25.0,Male,Pune,Charger,Accessories,2,4021.31,25,6031.96,UPI,False,2.0
ORD01862,2024-10-16,CUST2469,Customer_58,26.0,Female,Delhi,Headphones,Audio,4,29188.46,0,116753.84,Cash on Delivery,False,5.0
ORD01863,2024-10-16,CUST3675,Customer_36,43.0,Other,Delhi,Tablet,Mobile,2,50508.1,5,95965.39,UPI,False,2.0
ORD01864,2024-10-17,CUST2513,Customer_328,19.0,Other,Hyderabad,Laptop,Computers,2,77255.76,15,131334.79,Credit Card,False,4.0
ORD01865,2024-10-18,CUST5876,Customer_429,40.325388601036266,Other,Ahmedabad,Webcam,Accessories,3,60122.39,25,135275.38,Credit Card,False,1.0
ORD01866,2024-10-18,CUST2451,Customer_490,48.0,Female,Ahmedabad,Mouse,Accessories,3,39354.05,25,88546.61,UPI,False,1.0
ORD01867,2024-10-19,CUST5654,Customer_498,23.0,Male,Ahmedabad,Headphones,Audio,5,85793.87,10,386072.42,UPI,False,4.0
ORD01868,2024-10-19,CUST4007,Customer_393,38.0,Male,Bangalore,Charger,Accessories,4,64815.29,15,220371.99,Cash on Delivery,False,2.0
ORD01869,2024-10-20,CUST4124,Customer_382,43.0,Other,Bangalore,Keyboard,Accessories,3,83734.82,5,238644.24,Net Banking,False,4.0
ORD01870,2024-10-20,CUST2753,Customer_193,36.0,Male,Kolkata,Laptop,Computers,1,47623.64,20,38098.91,UPI,False,2.0
ORD01871,2024-10-21,CUST2612,Customer_333,45.0,Other,Bangalore,Speaker,Audio,4,23522.71,0,94090.84,Debit Card,False,4.0
ORD01872,2024-10-21,CUST4275,Customer_50,40.325388601036266,Female,Pune,Headphones,Audio,4,5037.55,10,18135.18,Debit Card,False,4.0
ORD01873,2024-10-22,CUST9747,Customer_463,40.325388601036266,Female,Pune,Keyboard,Accessories,3,65428.81,25,147214.82,Debit Card,True,4.0
ORD01874,2024-10-22,CUST3049,Customer_32,41.0,Female,Ahmedabad,Tablet,Mobile,4,11179.88,20,35775.62,Credit Card,False,1.0
ORD01875,2024-10-23,CUST1824,Customer_98,61.0,Other,Kolkata,Charger,Accessories,3,27457.93,5,78255.1,Cash on Delivery,False,2.0
ORD01876,2024-10-24,CUST4030,Unkown,54.0,Male,Ahmedabad,Laptop,Computers,2,48061.64,15,81704.79,Credit Card,False,4.0
ORD01877,2024-10-24,CUST2081,Customer_381,43.0,Female,Hyderabad,Laptop,Computers,5,50927.17,0,254635.85,Debit Card,False,5.0
ORD01878,2024-10-25,CUST6299,Customer_351,48.0,Other,Bangalore,Laptop,Computers,2,54171.31,10,97508.36,UPI,False,5.0
ORD01879,2024-10-25,CUST1492,Customer_334,49.0,Other,Bangalore,Tablet,Mobile,3,15212.1,25,34227.23,Debit Card,False,1.0
ORD01880,2024-10-26,CUST5764,Customer_310,40.325388601036266,Female,Ahmedabad,Mouse,Accessories,3,34361.45,25,77313.26,UPI,False,3.0
ORD01881,2024-10-26,CUST8202,Customer_47,19.0,Female,Ahmedabad,Speaker,Audio,2,55661.32,20,89058.11,Cash on Delivery,False,1.0
ORD01882,2024-10-27,CUST9266,Customer_270,42.0,Female,Mumbai,Tablet,Mobile,1,87291.75,20,69833.4,Net Banking,False,3.0
ORD01883,2024-10-27,CUST4360,Customer_432,61.0,Male,Ahmedabad,Webcam,Accessories,1,65567.51,0,65567.51,UPI,False,1.0
ORD01884,2024-10-28,CUST9562,Customer_311,19.0,Male,Bangalore,Speaker,Audio,1,83056.56,15,70598.08,Credit Card,False,5.0
ORD01885,2024-10-29,CUST5682,Customer_413,59.0,Other,Pune,Phone,Mobile,3,68669.42,5,195707.85,Debit Card,False,4.0
ORD01886,2024-10-29,CUST1328,Customer_431,18.0,Female,Mumbai,Charger,Accessories,4,53376.01,15,181478.43,Debit Card,True,3.0492738589211617
ORD01887,2024-10-30,CUST9968,Customer_63,53.0,Female,Mumbai,Tablet,Mobile,3,17523.5,15,44684.92,Debit Card,False,4.0
ORD01888,2024-10-30,CUST5674,Customer_19,40.325388601036266,Male,Bangalore,Keyboard,Accessories,4,60100.7,15,204342.38,UPI,False,5.0
ORD01889,2024-10-31,CUST5316,Customer_347,40.325388601036266,Female,Delhi,Speaker,Audio,2,56216.15,0,112432.3,Cash on Delivery,False,2.0
ORD01890,2024-10-31,CUST6803,Customer_393,53.0,Other,Chennai,Webcam,Accessories,5,54340.48,0,271702.4,UPI,False,3.0
ORD01891,2024-11-01,CUST4325,Customer_101,58.0,Female,Ahmedabad,Phone,Mobile,4,44232.79,5,168084.6,Credit Card,False,3.0
ORD01892,2024-11-01,CUST9379,Unkown,45.0,Male,Pune,Mouse,Accessories,1,47719.5,15,40561.57,Debit Card,False,5.0
ORD01893,2024-11-02,CUST2214,Customer_107,55.0,Other,Delhi,Keyboard,Accessories,3,30298.49,0,90895.47,UPI,False,2.0
ORD01894,2024-11-02,CUST8556,Customer_92,50.0,Other,Bangalore,Speaker,Audio,2,46881.35,5,89074.56,Debit Card,False,4.0
ORD01895,2024-11-03,CUST9722,Customer_308,59.0,Female,Ahmedabad,Charger,Accessories,1,18019.76,25,13514.82,Credit Card,True,5.0
ORD01896,2024-11-04,CUST4136,Customer_185,63.0,Other,Bangalore,Keyboard,Accessories,2,72523.14,5,137793.97,Net Banking,False,3.0
ORD01897,2024-11-04,CUST7618,Customer_216,39.0,Female,Ahmedabad,Phone,Mobile,5,16963.19,15,72093.56,Net Banking,False,5.0
ORD01898,2024-11-05,CUST6265,Customer_28,42.0,Female,Ahmedabad,Keyboard,Accessories,3,7920.48,10,21385.3,Net Banking,False,4.0
ORD01899,2024-11-05,CUST8089,Customer_36,35.0,Male,Delhi,Monitor,Computers,3,39430.27,15,100547.19,Debit Card,False,1.0
ORD01900,2024-11-06,CUST8965,Customer_372,23.0,Other,Bangalore,Headphones,Audio,5,59349.18,10,267071.31,UPI,False,1.0
ORD01901,2024-11-06,CUST9708,Customer_320,35.0,Female,Pune,Mouse,Accessories,3,39562.2,5,112752.27,Debit Card,False,4.0
ORD01902,2024-11-07,CUST7569,Customer_18,33.0,Female,Kolkata,Phone,Mobile,4,25123.85,25,75371.55,Cash on Delivery,False,2.0
ORD01903,2024-11-07,CUST2491,Customer_345,32.0,Female,Ahmedabad,Keyboard,Accessories,2,50366.96,25,75550.44,UPI,False,5.0
ORD01904,2024-11-08,CUST6213,Customer_419,25.0,Other,Mumbai,Headphones,Audio,1,31425.11,0,31425.11,Credit Card,False,4.0
ORD01905,2024-11-08,CUST5228,Customer_196,30.0,Other,Hyderabad,Headphones,Audio,5,83977.23,25,314914.61,Net Banking,False,1.0
ORD01906,2024-11-09,CUST8508,Customer_78,60.0,Other,Bangalore,Keyboard,Accessories,4,83060.27,20,265792.86,UPI,False,3.0
ORD01907,2024-11-10,CUST5409,Customer_167,24.0,Female,Bangalore,Charger,Accessories,1,45361.75,5,43093.66,UPI,False,4.0
ORD01908,2024-11-10,CUST1590,Customer_90,34.0,Other,Delhi,Monitor,Computers,1,29710.19,0,29710.19,Net Banking,False,4.0
ORD01909,2024-11-11,CUST8379,Customer_264,49.0,Female,Ahmedabad,Tablet,Mobile,5,66419.78,25,249074.18,Credit Card,False,4.0
ORD01910,2024-11-11,CUST4056,Customer_472,39.0,Other,Mumbai,Monitor,Computers,4,3592.15,5,13650.17,Debit Card,True,1.0
ORD01911,2024-11-12,CUST3206,Customer_208,30.0,Other,Delhi,Keyboard,Accessories,1,42885.78,15,36452.91,Debit Card,False,1.0
ORD01912,2024-11-12,CUST3708,Customer_212,64.0,Female,Kolkata,Mouse,Accessories,1,30467.21,25,22850.41,UPI,False,4.0
ORD01913,2024-11-13,CUST6981,Customer_271,40.0,Other,Ahmedabad,Tablet,Mobile,4,82871.07,10,298335.85,Net Banking,False,3.0492738589211617
ORD01914,2024-11-13,CUST6722,Customer_263,46.0,Female,Pune,Phone,Mobile,3,1375.67,5,3920.66,Cash on Delivery,False,2.0
ORD01915,2024-11-14,CUST1747,Customer_273,39.0,Other,Delhi,Monitor,Computers,1,49886.49,0,49886.49,Credit Card,False,3.0
ORD01916,2024-11-14,CUST9992,Customer_342,18.0,Other,Bangalore,Keyboard,Accessories,2,66736.52,15,113452.08,Debit Card,False,5.0
ORD01917,2024-11-15,CUST7553,Customer_214,46.0,Other,Ahmedabad,Monitor,Computers,4,43805.11,20,140176.35,Credit Card,True,5.0
ORD01918,2024-11-16,CUST2497,Customer_374,22.0,Other,Mumbai,Tablet,Mobile,1,7959.65,15,6765.7,Credit Card,False,5.0
ORD01919,2024-11-16,CUST2379,Customer_64,52.0,Male,Pune,Webcam,Accessories,5,87528.79,25,328232.96,Credit Card,False,1.0
ORD01920,2024-11-17,CUST9871,Customer_12,27.0,Female,Bangalore,Speaker,Audio,2,46764.54,10,84176.17,Net Banking,False,1.0
ORD01921,2024-11-17,CUST8360,Customer_210,40.325388601036266,Male,Pune,Monitor,Computers,1,55391.51,15,47082.78,Net Banking,False,2.0
ORD01922,2024-11-18,CUST4770,Customer_312,54.0,Other,Bangalore,Phone,Mobile,2,21522.9,20,34436.64,Net Banking,False,1.0
ORD01923,2024-11-18,CUST4342,Customer_174,24.0,Other,Bangalore,Phone,Mobile,2,43668.78,0,87337.56,UPI,False,4.0
ORD01924,2024-11-19,CUST2546,Customer_431,40.325388601036266,Female,Bangalore,Laptop,Computers,3,38793.71,5,110562.07,Net Banking,False,3.0
ORD01925,2024-11-19,CUST4126,Customer_256,52.0,Female,Ahmedabad,Monitor,Computers,2,7017.16,10,12630.89,UPI,False,3.0
ORD01926,2024-11-20,CUST6889,Customer_463,62.0,Female,Hyderabad,Speaker,Audio,3,9821.58,20,23571.79,Debit Card,False,3.0
ORD01927,2024-11-21,CUST7208,Customer_101,30.0,Female,Chennai,Charger,Accessories,4,75420.29,25,226260.87,Debit Card,False,3.0
ORD01928,2024-11-21,CUST9875,Customer_16,27.0,Other,Mumbai,Headphones,Audio,3,21810.85,25,49074.41,Debit Card,False,5.0
ORD01929,2024-11-22,CUST2295,Customer_197,19.0,Female,Kolkata,Speaker,Audio,5,17786.76,25,66700.35,Debit Card,False,5.0
ORD01930,2024-11-22,CUST2385,Customer_258,23.0,Male,Hyderabad,Headphones,Audio,1,45589.56,10,41030.6,Debit Card,False,4.0
ORD01931,2024-11-23,CUST1942,Customer_384,25.0,Female,Chennai,Headphones,Audio,4,69255.62,15,235469.11,Net Banking,False,2.0
ORD01932,2024-11-23,CUST4280,Customer_244,53.0,Female,Pune,Webcam,Accessories,4,5855.6,10,21080.16,Cash on Delivery,False,1.0
ORD01933,2024-11-24,CUST2033,Customer_348,42.0,Male,Chennai,Laptop,Computers,5,52038.67,25,195145.01,Net Banking,False,1.0
ORD01934,2024-11-24,CUST3786,Customer_249,61.0,Male,Ahmedabad,Speaker,Audio,3,10992.18,20,26381.23,Cash on Delivery,False,5.0
ORD01935,2024-11-25,CUST3233,Customer_105,40.325388601036266,Male,Ahmedabad,Speaker,Audio,1,3569.56,5,3391.08,Net Banking,False,3.0
ORD01936,2024-11-25,CUST2620,Customer_182,57.0,Male,Ahmedabad,Webcam,Accessories,3,5030.13,5,14335.87,Debit Card,False,4.0
ORD01937,2024-11-26,CUST4535,Customer_155,24.0,Female,Chennai,Monitor,Computers,2,75123.52,10,135222.34,Credit Card,False,2.0
ORD01938,2024-11-27,CUST4205,Customer_287,63.0,Male,Hyderabad,Monitor,Computers,3,10881.13,25,24482.54,Cash on Delivery,False,5.0
ORD01939,2024-11-27,CUST3882,Customer_169,40.0,Other,Mumbai,Monitor,Computers,4,4349.08,0,17396.32,Credit Card,False,4.0
ORD01940,2024-11-28,CUST1170,Customer_420,36.0,Female,Delhi,Mouse,Accessories,1,39578.62,10,35620.76,Debit Card,False,4.0
ORD01941,2024-11-28,CUST9140,Customer_47,63.0,Other,Chennai,Headphones,Audio,3,76005.21,25,171011.72,Cash on Delivery,False,5.0
ORD01942,2024-11-29,CUST4897,Customer_43,39.0,Female,Ahmedabad,Mouse,Accessories,1,23837.03,15,20261.48,Credit Card,False,4.0
ORD01943,2024-11-29,CUST5122,Customer_321,30.0,Female,Delhi,Laptop,Computers,1,38126.62,5,36220.29,Net Banking,False,3.0
ORD01944,2024-11-30,CUST6109,Customer_306,38.0,Other,Delhi,Webcam,Accessories,2,3880.05,5,7372.1,Debit Card,False,4.0
ORD01945,2024-11-30,CUST3837,Customer_221,18.0,Male,Bangalore,Speaker,Audio,2,40581.34,5,77104.55,Net Banking,False,2.0
ORD01946,2024-12-01,CUST9599,Customer_1,36.0,Male,Delhi,Headphones,Audio,4,52110.89,0,208443.56,Net Banking,False,4.0
ORD01947,2024-12-01,CUST6228,Customer_200,50.0,Other,Pune,Mouse,Accessories,5,51509.36,25,193160.1,Debit Card,False,1.0
ORD01948,2024-12-02,CUST5169,Customer_441,21.0,Male,Pune,Mouse,Accessories,1,30117.67,25,22588.25,Cash on Delivery,False,4.0
ORD01949,2024-12-03,CUST7721,Customer_144,40.325388601036266,Female,Bangalore,Keyboard,Accessories,5,28602.33,25,107258.74,UPI,False,5.0
ORD01950,2024-12-03,CUST1679,Customer_378,40.325388601036266,Female,Mumbai,Mouse,Accessories,4,9863.14,25,29589.42,UPI,False,1.0
ORD01951,2024-12-04,CUST8429,Customer_28,44.0,Female,Kolkata,Charger,Accessories,1,33200.81,0,33200.81,Debit Card,False,5.0
ORD01952,2024-12-04,CUST6487,Customer_342,58.0,Male,Mumbai,Speaker,Audio,1,9223.67,20,7378.94,UPI,False,2.0
ORD01953,2024-12-05,CUST1236,Customer_338,52.0,Male,Pune,Charger,Accessories,5,69062.66,10,310781.97,Credit Card,False,3.0
ORD01954,2024-12-05,CUST7804,Customer_278,45.0,Other,Kolkata,Speaker,Audio,3,86973.8,10,234829.26,Cash on Delivery,False,2.0
ORD01955,2024-12-06,CUST3423,Customer_41,23.0,Female,Bangalore,Webcam,Accessories,2,87314.68,25,130972.02,Net Banking,False,1.0
ORD01956,2024-12-06,CUST2032,Customer_332,23.0,Other,Mumbai,Speaker,Audio,3,77895.88,15,198634.49,Net Banking,False,3.0
ORD01957,2024-12-07,CUST7339,Customer_147,61.0,Male,Kolkata,Charger,Accessories,5,54190.06,5,257402.78,Debit Card,False,4.0
ORD01958,2024-12-07,CUST3940,Customer_345,40.0,Other,Kolkata,Speaker,Audio,2,63166.65,0,126333.3,Net Banking,False,1.0
ORD01959,2024-12-08,CUST6409,Customer_178,50.0,Male,Chennai,Webcam,Accessories,3,25881.96,15,65999.0,Credit Card,False,3.0492738589211617
ORD01960,2024-12-09,CUST4132,Customer_315,33.0,Female,Mumbai,Webcam,Accessories,2,56879.11,15,96694.49,Credit Card,False,5.0
ORD01961,2024-12-09,CUST8080,Customer_325,41.0,Female,Bangalore,Laptop,Computers,1,41170.76,25,30878.07,Debit Card,False,3.0
ORD01962,2024-12-10,CUST5942,Customer_418,22.0,Male,Kolkata,Speaker,Audio,3,43535.96,0,130607.88,Net Banking,True,5.0
ORD01963,2024-12-10,CUST7961,Customer_167,58.0,Male,Pune,Keyboard,Accessories,2,68271.56,10,122888.81,UPI,False,5.0
ORD01964,2024-12-11,CUST8730,Customer_123,59.0,Male,Ahmedabad,Monitor,Computers,2,25587.08,5,48615.45,UPI,False,3.0
ORD01965,2024-12-11,CUST1633,Customer_74,30.0,Female,Chennai,Phone,Mobile,2,28827.15,10,51888.87,Cash on Delivery,False,2.0
ORD01966,2024-12-12,CUST7822,Customer_239,64.0,Male,Delhi,Webcam,Accessories,3,83239.37,15,212260.39,Debit Card,False,2.0
ORD01967,2024-12-12,CUST5103,Customer_249,40.325388601036266,Female,Delhi,Tablet,Mobile,4,5342.32,5,20300.82,Cash on Delivery,False,5.0
ORD01968,2024-12-13,CUST7487,Unkown,22.0,Other,Delhi,Monitor,Computers,3,43860.4,20,105264.96,UPI,True,1.0
ORD01969,2024-12-14,CUST4446,Customer_252,54.0,Female,Pune,Headphones,Audio,5,82177.23,15,349253.23,UPI,False,3.0
ORD01970,2024-12-14,CUST6738,Customer_357,48.0,Other,Ahmedabad,Speaker,Audio,3,55048.56,10,148631.11,UPI,False,1.0
ORD01971,2024-12-15,CUST4098,Customer_111,45.0,Female,Kolkata,Charger,Accessories,2,49311.71,10,88761.08,Cash on Delivery,True,2.0
ORD01972,2024-12-15,CUST9097,Customer_180,45.0,Female,Bangalore,Phone,Mobile,1,22701.05,25,17025.79,Debit Card,False,1.0
ORD01973,2024-12-16,CUST6476,Customer_188,47.0,Male,Delhi,Tablet,Mobile,3,31090.81,10,83945.19,Credit Card,False,4.0
ORD01974,2024-12-16,CUST9253,Customer_308,35.0,Female,Mumbai,Monitor,Computers,3,76727.74,0,230183.22,Credit Card,False,4.0
ORD01975,2024-12-17,CUST6181,Customer_207,61.0,Male,Delhi,Speaker,Audio,2,50460.87,15,85783.48,UPI,False,2.0
ORD01976,2024-12-17,CUST2817,Customer_234,44.0,Male,Kolkata,Laptop,Computers,1,46471.37,5,44147.8,Debit Card,False,1.0
ORD01977,2024-12-18,CUST9824,Customer_24,52.0,Male,Hyderabad,Headphones,Audio,1,9231.3,10,8308.17,Debit Card,False,3.0
ORD01978,2024-12-18,CUST5887,Customer_26,43.0,Female,Pune,Phone,Mobile,5,1736.73,25,6512.74,Net Banking,False,2.0
ORD01979,2024-12-19,CUST3598,Customer_381,56.0,Male,Hyderabad,Keyboard,Accessories,3,86741.56,25,195168.51,Net Banking,False,4.0
ORD01980,2024-12-20,CUST3653,Customer_218,35.0,Other,Delhi,Laptop,Computers,1,34114.66,10,30703.19,Cash on Delivery,False,2.0
ORD01981,2024-12-20,CUST2454,Customer_494,50.0,Other,Ahmedabad,Tablet,Mobile,1,54407.21,0,54407.21,Net Banking,False,1.0
ORD01982,2024-12-21,CUST2138,Customer_346,42.0,Female,Kolkata,Phone,Mobile,4,7449.44,25,22348.32,Cash on Delivery,True,1.0
ORD01983,2024-12-21,CUST6807,Customer_378,48.0,Male,Delhi,Laptop,Computers,4,61574.35,5,233982.53,Credit Card,False,1.0
ORD01984,2024-12-22,CUST4192,Customer_10,54.0,Other,Hyderabad,Headphones,Audio,1,83950.23,15,71357.7,UPI,False,5.0
ORD01985,2024-12-22,CUST7116,Customer_17,19.0,Female,Kolkata,Keyboard,Accessories,5,51936.17,20,207744.68,Debit Card,False,1.0
ORD01986,2024-12-23,CUST4759,Customer_245,50.0,Female,Pune,Laptop,Computers,1,11611.54,0,11611.54,Credit Card,False,4.0
ORD01987,2024-12-23,CUST4029,Customer_206,56.0,Female,Pune,Mouse,Accessories,2,52479.42,25,78719.13,Credit Card,False,4.0
ORD01988,2024-12-24,CUST6095,Customer_258,60.0,Female,Delhi,Keyboard,Accessories,3,69040.35,15,176052.89,Cash on Delivery,False,5.0
ORD01989,2024-12-24,CUST1063,Customer_112,60.0,Female,Pune,Tablet,Mobile,5,36754.56,20,147018.24,UPI,False,4.0
ORD01990,2024-12-25,CUST2345,Customer_205,49.0,Male,Chennai,Headphones,Audio,2,79220.45,10,142596.81,Cash on Delivery,False,4.0
ORD01991,2024-12-26,CUST1974,Customer_27,35.0,Male,Kolkata,Speaker,Audio,5,58485.86,10,263186.37,Credit Card,False,2.0
ORD01992,2024-12-26,CUST5161,Customer_457,34.0,Male,Ahmedabad,Charger,Accessories,2,80961.63,5,153827.1,Debit Card,False,1.0
ORD01993,2024-12-27,CUST6962,Customer_71,51.0,Male,Kolkata,Charger,Accessories,3,56227.43,20,134945.83,Net Banking,True,2.0
ORD01994,2024-12-27,CUST9649,Customer_176,56.0,Female,Pune,Charger,Accessories,3,12075.53,10,32603.93,Cash on Delivery,False,2.0
ORD01995,2024-12-28,CUST7596,Unkown,24.0,Female,Kolkata,Phone,Mobile,4,28078.35,10,101082.06,Credit Card,False,4.0
ORD01996,2024-12-28,CUST4330,Customer_248,59.0,Other,Hyderabad,Tablet,Mobile,2,18400.01,25,27600.02,Net Banking,False,3.0
ORD01997,2024-12-29,CUST2740,Customer_118,52.0,Other,Bangalore,Headphones,Audio,4,81820.74,5,310918.81,Net Banking,False,1.0
ORD01998,2024-12-29,CUST7055,Customer_9,47.0,Male,Hyderabad,Keyboard,Accessories,2,68506.89,15,116461.71,Credit Card,False,3.0
ORD01999,2024-12-30,CUST7321,Customer_86,29.0,Female,Mumbai,Phone,Mobile,4,60971.93,10,219498.95,UPI,False,4.0
ORD02000,2024-12-31,CUST2954,Customer_23,52.0,Other,Chennai,Tablet,Mobile,3,27295.68,0,81887.04,Credit Card,False,5.0
